<?xml version="1.0" encoding="utf-8" ?>
<kml xmlns="http://www.opengis.net/kml/2.2">
<Document id="root_doc">
<Schema name="WDPA_WDOECM_Aug2025_Public_6181_shp_polygons" id="WDPA_WDOECM_Aug2025_Public_6181_shp_polygons">
	<SimpleField name="Name" type="string"></SimpleField>
	<SimpleField name="Description" type="string"></SimpleField>
	<SimpleField name="WDPAID" type="float"></SimpleField>
	<SimpleField name="WDPA_PID" type="string"></SimpleField>
	<SimpleField name="ORIG_NAME" type="string"></SimpleField>
	<SimpleField name="DESIG_ENG" type="string"></SimpleField>
	<SimpleField name="DESIG_TYPE" type="string"></SimpleField>
	<SimpleField name="IUCN_CAT" type="string"></SimpleField>
	<SimpleField name="INT_CRIT" type="string"></SimpleField>
	<SimpleField name="MARINE" type="string"></SimpleField>
	<SimpleField name="REP_M_AREA" type="float"></SimpleField>
	<SimpleField name="GIS_M_AREA" type="float"></SimpleField>
	<SimpleField name="REP_AREA" type="float"></SimpleField>
	<SimpleField name="GIS_AREA" type="float"></SimpleField>
	<SimpleField name="NO_TAKE" type="string"></SimpleField>
	<SimpleField name="NO_TK_AREA" type="float"></SimpleField>
	<SimpleField name="STATUS" type="string"></SimpleField>
	<SimpleField name="STATUS_YR" type="int"></SimpleField>
	<SimpleField name="GOV_TYPE" type="string"></SimpleField>
	<SimpleField name="OWN_TYPE" type="string"></SimpleField>
	<SimpleField name="MANG_AUTH" type="string"></SimpleField>
	<SimpleField name="MANG_PLAN" type="string"></SimpleField>
	<SimpleField name="VERIF" type="string"></SimpleField>
	<SimpleField name="METADATAID" type="int"></SimpleField>
	<SimpleField name="SUB_LOC" type="string"></SimpleField>
	<SimpleField name="PARENT_ISO" type="string"></SimpleField>
	<SimpleField name="ISO3" type="string"></SimpleField>
	<SimpleField name="SUPP_INFO" type="string"></SimpleField>
	<SimpleField name="CONS_OBJ" type="string"></SimpleField>
</Schema>
<Folder><name>WDPA_WDOECM_Aug2025_Public_6181_shp_polygons</name>
  <Placemark>
	<name>1</name>
	<description>Parco Nazionale</description>
	<Style><LineStyle><color>ff0000ff</color></LineStyle><PolyStyle><fill>0</fill></PolyStyle></Style>
	<ExtendedData><SchemaData schemaUrl="#WDPA_WDOECM_Aug2025_Public_6181_shp_polygons">
		<SimpleData name="Name">Parco Nazionale delle Dolomiti Bellunesi</SimpleData>
		<SimpleData name="WDPAID">6181.000000000000000</SimpleData>
		<SimpleData name="WDPA_PID">6181</SimpleData>
		<SimpleData name="ORIG_NAME">Parco Nazionale delle Dolomiti Bellunesi</SimpleData>
		<SimpleData name="DESIG_ENG">National Park</SimpleData>
		<SimpleData name="DESIG_TYPE">National</SimpleData>
		<SimpleData name="IUCN_CAT">II</SimpleData>
		<SimpleData name="INT_CRIT">Not Applicable</SimpleData>
		<SimpleData name="MARINE">0</SimpleData>
		<SimpleData name="REP_M_AREA">0.000000000000000</SimpleData>
		<SimpleData name="GIS_M_AREA">0.000000000000000</SimpleData>
		<SimpleData name="REP_AREA">150.300000000000011</SimpleData>
		<SimpleData name="GIS_AREA">309.939635699025985</SimpleData>
		<SimpleData name="NO_TAKE">Not Applicable</SimpleData>
		<SimpleData name="NO_TK_AREA">0.000000000000000</SimpleData>
		<SimpleData name="STATUS">Designated</SimpleData>
		<SimpleData name="STATUS_YR">1988</SimpleData>
		<SimpleData name="GOV_TYPE">Federal or national ministry or agency</SimpleData>
		<SimpleData name="OWN_TYPE">Not Reported</SimpleData>
		<SimpleData name="MANG_AUTH">Ministero dell'Ambiente e della Tutela del Territorio e del Mare</SimpleData>
		<SimpleData name="MANG_PLAN">Not Reported</SimpleData>
		<SimpleData name="VERIF">State Verified</SimpleData>
		<SimpleData name="METADATAID">2013</SimpleData>
		<SimpleData name="SUB_LOC">Not Reported</SimpleData>
		<SimpleData name="PARENT_ISO">ITA</SimpleData>
		<SimpleData name="ISO3">ITA</SimpleData>
		<SimpleData name="SUPP_INFO">Not Applicable</SimpleData>
		<SimpleData name="CONS_OBJ">Not Applicable</SimpleData>
	</SchemaData></ExtendedData>
      <Polygon><outerBoundaryIs><LinearRing><coordinates>12.16096,46.203221999 12.1609580000001,46.2029959990001 12.161125,46.202729999 12.1612470000001,46.202531999 12.1612720000001,46.202328999 12.1612710000001,46.202326999 12.1612220000001,46.2020949990001 12.1611370000001,46.202014999 12.161004,46.2018899990001 12.160961,46.2018189990001 12.1609100000001,46.2017329990001 12.1608610000001,46.201675999 12.160832,46.2016419990001 12.1608410000001,46.201535999 12.160846,46.201472999 12.160875,46.2011269990001 12.160891,46.200799999 12.160902,46.200565999 12.1609330000001,46.200458999 12.1609930000001,46.200251999 12.1610220000001,46.199986999 12.1611510000001,46.199626999 12.1611510000001,46.1995869990001 12.1611510000001,46.1995629990001 12.161124,46.1995069990001 12.1611080000001,46.1994749990001 12.161117,46.1993889990001 12.1611050000001,46.1993659990001 12.1610830000001,46.1993219990001 12.161059,46.199265999 12.161032,46.199239999 12.1609940000001,46.1992039990001 12.1609730000001,46.199149999 12.1609700000001,46.1991409990001 12.160967,46.199124999 12.16096,46.199086999 12.1609090000001,46.1990269990001 12.1609120000001,46.1989629990001 12.160916,46.1989339990001 12.160919,46.198908999 12.160892,46.1988509990001 12.160875,46.198791999 12.160855,46.198726999 12.160834,46.198658999 12.160809,46.1985789990001 12.1607750000001,46.1985309990001 12.160765,46.198471999 12.1607720000001,46.198407999 12.160765,46.1983469990001 12.160765,46.1982829990001 12.160758,46.198268999 12.1607330000001,46.198210999 12.1607240000001,46.1981889990001 12.1607100000001,46.1981549990001 12.160694,46.1981259990001 12.160672,46.1980829990001 12.160622,46.198043999 12.1605690000001,46.1979929990001 12.160557,46.197981999 12.160497,46.1979439990001 12.160471,46.1979299990001 12.1604340000001,46.197909999 12.1603640000001,46.1978789990001 12.160284,46.1978359990001 12.160201,46.197821999 12.160106,46.1978109990001 12.160061,46.197803999 12.16002,46.197798999 12.159931,46.1977939990001 12.1598490000001,46.1977869990001 12.159768,46.1977849990001 12.159681,46.197795999 12.159677,46.197796999 12.1595990000001,46.197800999 12.1595170000001,46.1977899990001 12.1594720000001,46.197782999 12.1593510000001,46.197687999 12.1593120000001,46.197623999 12.1593100000001,46.197619999 12.159299,46.1975919990001 12.1592690000001,46.197510999 12.1592630000001,46.197483999 12.159256,46.1974569990001 12.1592470000001,46.197396999 12.159234,46.197303999 12.159183,46.197171999 12.159162,46.1971169990001 12.1591330000001,46.197101999 12.159011,46.197035999 12.158937,46.196989999 12.1588140000001,46.1969119990001 12.1585240000001,46.1968419990001 12.1581820000001,46.196851999 12.157839,46.1968609990001 12.1574390000001,46.1968719990001 12.157114,46.196720999 12.156845,46.1965299990001 12.1568370000001,46.1965229990001 12.1562730000001,46.1960289990001 12.1559790000001,46.195821999 12.155947,46.195799999 12.1558440000001,46.195776999 12.155627,46.195727999 12.15491,46.1956699990001 12.15428,46.1956479990001 12.1540580000001,46.195642999 12.1538790000001,46.195639999 12.153674,46.1955649990001 12.1535050000001,46.1952649990001 12.1534280000001,46.1951289990001 12.1533600000001,46.1945529990001 12.15331,46.194128999 12.1533650000001,46.1939579990001 12.1534100000001,46.1938249990001 12.1534290000001,46.193769999 12.1534310000001,46.193765999 12.153494,46.1936729990001 12.1535500000001,46.1935999990001 12.1536150000001,46.1935169990001 12.1536620000001,46.193455999 12.15371,46.193409999 12.1537240000001,46.1933969990001 12.153759,46.193363999 12.153824,46.193321999 12.1538860000001,46.1932659990001 12.1539110000001,46.1932429990001 12.153937,46.1932199990001 12.1539720000001,46.1931999990001 12.15401,46.1931779990001 12.1540830000001,46.193144999 12.1541310000001,46.1931119990001 12.1541480000001,46.1931009990001 12.1542030000001,46.1930589990001 12.1542910000001,46.193046999 12.154478,46.1929269990001 12.1546290000001,46.1928369990001 12.15482,46.192737999 12.1549690000001,46.192664999 12.155003,46.1926509990001 12.155042,46.1926349990001 12.1553490000001,46.1925459990001 12.1554160000001,46.192512999 12.15563,46.1924039990001 12.155785,46.1923149990001 12.1558830000001,46.192259999 12.1559990000001,46.192195999 12.156078,46.1921589990001 12.1562070000001,46.192099999 12.156527,46.191928999 12.156683,46.1918039990001 12.156727,46.1917619990001 12.1567380000001,46.1917529990001 12.1567460000001,46.191743999 12.1567890000001,46.191701999 12.156861,46.191649999 12.156917,46.191634999 12.156938,46.191628999 12.157,46.1915969990001 12.1570810000001,46.1915709990001 12.157131,46.1915079990001 12.157199,46.191451999 12.157204,46.191446999 12.157244,46.1914009990001 12.1572780000001,46.1913789990001 12.157313,46.1913549990001 12.1573300000001,46.1913259990001 12.1573500000001,46.191294999 12.1573530000001,46.1912879990001 12.1573530000001,46.1912869990001 12.1573060000001,46.191207999 12.1572370000001,46.191092999 12.157093,46.1910069990001 12.1569900000001,46.1909459990001 12.15671,46.1907369990001 12.1563180000001,46.190419999 12.1560240000001,46.190212999 12.1560030000001,46.1901989990001 12.155858,46.190103999 12.1558190000001,46.1900489990001 12.1558200000001,46.1900479990001 12.1558210000001,46.1900469990001 12.1557260000001,46.1899589990001 12.155604,46.1898479990001 12.155203,46.189990999 12.1548030000001,46.1900399990001 12.154318,46.1901129990001 12.1538180000001,46.1901119990001 12.153534,46.1900899990001 12.1533030000001,46.190035999 12.153042,46.190009999 12.1526710000001,46.1899529990001 12.152538,46.1899319990001 12.1524920000001,46.1898849990001 12.1524150000001,46.1897769990001 12.152386,46.189716999 12.152433,46.189630999 12.1525140000001,46.189512999 12.152543,46.189401999 12.15248,46.1892149990001 12.1523560000001,46.1890539990001 12.15223,46.1889909990001 12.15205,46.188909999 12.151871,46.1888539990001 12.151706,46.1888709990001 12.151512,46.188863999 12.151235,46.1888549990001 12.1510710000001,46.1888289990001 12.1509810000001,46.1887789990001 12.150985,46.1886749990001 12.150992,46.188590999 12.150989,46.1885549990001 12.1508670000001,46.1883599990001 12.1507580000001,46.1881579990001 12.1506670000001,46.1878589990001 12.1506660000001,46.187304999 12.1506660000001,46.187170999 12.1506660000001,46.1870939990001 12.150829,46.1865969990001 12.150783,46.1861439990001 12.1507100000001,46.1857219990001 12.1505920000001,46.185262999 12.150383,46.1849759990001 12.1503240000001,46.1848939990001 12.1503510000001,46.1847059990001 12.1504140000001,46.1843879990001 12.1503740000001,46.1841889990001 12.150406,46.184085999 12.150382,46.1840109990001 12.150295,46.1837439990001 12.1502540000001,46.1834879990001 12.150181,46.1833799990001 12.150162,46.183348999 12.150159,46.183347999 12.150129,46.183303999 12.14939,46.1829789990001 12.1492860000001,46.1829519990001 12.148744,46.1828129990001 12.1479670000001,46.1826819990001 12.1478000000001,46.1826139990001 12.1475290000001,46.182583999 12.147136,46.1825929990001 12.1471530000001,46.182718999 12.147144,46.1828659990001 12.147112,46.1830029990001 12.147076,46.1831339990001 12.1470660000001,46.183326999 12.147092,46.1834919990001 12.1471050000001,46.183571999 12.147113,46.1836059990001 12.147091,46.1836729990001 12.1470380000001,46.1836999990001 12.1469670000001,46.1837119990001 12.1468570000001,46.183726999 12.1467870000001,46.183750999 12.146667,46.1838549990001 12.1465430000001,46.184067999 12.146438,46.1842159990001 12.1463430000001,46.1843669990001 12.1463160000001,46.1844549990001 12.1463440000001,46.184564999 12.146448,46.184763999 12.1464730000001,46.1848379990001 12.1464980000001,46.1849149990001 12.146465,46.1849329990001 12.1462920000001,46.184971999 12.146218,46.1850629990001 12.146245,46.1852769990001 12.1461810000001,46.185352999 12.1460240000001,46.185417999 12.145879,46.185481999 12.1457580000001,46.1854499990001 12.1453500000001,46.185150999 12.144954,46.184922999 12.1448080000001,46.1847969990001 12.1446710000001,46.184678999 12.144083,46.1847519990001 12.143375,46.184878999 12.1429820000001,46.1849779990001 12.142749,46.1850219990001 12.142503,46.1850039990001 12.1418790000001,46.1850209990001 12.14144,46.1849509990001 12.1409360000001,46.184857999 12.1406460000001,46.184852999 12.1403780000001,46.184923999 12.1401030000001,46.185008999 12.140112,46.184949999 12.140157,46.184808999 12.140166,46.1847299990001 12.140116,46.1846919990001 12.140121,46.184628999 12.140066,46.1846139990001 12.140066,46.184604999 12.140048,46.184559999 12.139954,46.184535999 12.1398120000001,46.184468999 12.139644,46.184383999 12.1395380000001,46.184335999 12.139467,46.184271999 12.139439,46.1842139990001 12.1394520000001,46.1841499990001 12.1394510000001,46.1840799990001 12.1394100000001,46.183981999 12.1392680000001,46.1838329990001 12.139219,46.183771999 12.1390680000001,46.1836939990001 12.1389130000001,46.183617999 12.1388240000001,46.1835359990001 12.1388180000001,46.1834229990001 12.138791,46.1833529990001 12.1387290000001,46.183254999 12.1387270000001,46.183161999 12.1387270000001,46.1831599990001 12.138739,46.183052999 12.138739,46.1830469990001 12.138725,46.1829489990001 12.13868,46.1828819990001 12.1386360000001,46.1828209990001 12.138604,46.182778999 12.138564,46.182720999 12.1385550000001,46.1826809990001 12.1384790000001,46.182622999 12.1384130000001,46.182580999 12.138337,46.182510999 12.138204,46.182450999 12.1380750000001,46.1823499990001 12.137956,46.182268999 12.1377650000001,46.182152999 12.1376900000001,46.1820989990001 12.13764,46.182040999 12.137574,46.181973999 12.137481,46.181952999 12.13741,46.181904999 12.137365,46.181788999 12.1373630000001,46.1816079990001 12.1374930000001,46.181451999 12.1375800000001,46.181340999 12.1377180000001,46.1811759990001 12.137732,46.181159999 12.137724,46.1810809990001 12.1377220000001,46.1810619990001 12.137708,46.181046999 12.1376310000001,46.180977999 12.1375550000001,46.1809069990001 12.1375410000001,46.1808799990001 12.1375600000001,46.180800999 12.1375880000001,46.1807419990001 12.137611,46.1806329990001 12.1375860000001,46.180505999 12.137576,46.180418999 12.137566,46.1803689990001 12.1375640000001,46.1803139990001 12.1375360000001,46.180212999 12.1374890000001,46.180125999 12.1373590000001,46.179951999 12.137239,46.1797989990001 12.137191,46.179651999 12.137127,46.1794419990001 12.137093,46.1793549990001 12.1370610000001,46.1793069990001 12.13699,46.1792559990001 12.1369040000001,46.179202999 12.1368570000001,46.1791419990001 12.136854,46.1790989990001 12.1368670000001,46.1790559990001 12.1368420000001,46.1790069990001 12.1367280000001,46.1788749990001 12.136699,46.1787879990001 12.1366320000001,46.1787259990001 12.1365480000001,46.178643999 12.136449,46.178478999 12.1364300000001,46.1784069990001 12.1364370000001,46.178370999 12.136465,46.1783629990001 12.136511,46.1783329990001 12.136537,46.1782749990001 12.136556,46.178208999 12.1365660000001,46.1781559990001 12.1365480000001,46.178103999 12.136494,46.178013999 12.1363890000001,46.1778919990001 12.136375,46.1777779990001 12.1363710000001,46.177653999 12.136354,46.1775209990001 12.136294,46.177447999 12.136261,46.1773959990001 12.1362510000001,46.177338999 12.1361420000001,46.177240999 12.136064,46.1771419990001 12.1359600000001,46.177068999 12.135837,46.176929999 12.135792,46.176864999 12.135774,46.1768469990001 12.1357140000001,46.1767869990001 12.13563,46.1767099990001 12.135572,46.1766699990001 12.1355340000001,46.1766439990001 12.1355,46.176618999 12.1353950000001,46.176385999 12.1352650000001,46.1762869990001 12.135099,46.1761579990001 12.1348580000001,46.176116999 12.1348850000001,46.1759979990001 12.134806,46.1758109990001 12.134798,46.175668999 12.1350140000001,46.175465999 12.135211,46.175333999 12.135317,46.175266999 12.135364,46.1751159990001 12.1353580000001,46.1750769990001 12.135343,46.1749819990001 12.1354040000001,46.1749179990001 12.135428,46.1748929990001 12.135615,46.1747619990001 12.135661,46.1747079990001 12.1356900000001,46.174609999 12.135724,46.174473999 12.135796,46.174269999 12.1358230000001,46.174205999 12.1358450000001,46.174156999 12.1360050000001,46.1740369990001 12.136197,46.173872999 12.1362740000001,46.1737689990001 12.136376,46.1737259990001 12.136396,46.1737169990001 12.136554,46.173553999 12.1365940000001,46.1734929990001 12.136763,46.173548999 12.1367760000001,46.173552999 12.136918,46.173601999 12.1370380000001,46.1737049990001 12.137144,46.1737899990001 12.137279,46.1739269990001 12.137526,46.174025999 12.137793,46.1740369990001 12.1380110000001,46.1740829990001 12.1381940000001,46.1741669990001 12.138377,46.1742589990001 12.138498,46.174386999 12.1385560000001,46.1745089990001 12.138699,46.1745759990001 12.138969,46.1746389990001 12.1390480000001,46.1746419990001 12.1392490000001,46.1746489990001 12.1394790000001,46.174677999 12.1395000000001,46.174676999 12.1398980000001,46.1744159990001 12.1401010000001,46.1743309990001 12.140186,46.1741779990001 12.140245,46.174051999 12.1403340000001,46.1737939990001 12.1404400000001,46.1736729990001 12.1406230000001,46.1735699990001 12.140704,46.1735019990001 12.1408240000001,46.173282999 12.140972,46.1729119990001 12.141037,46.1727259990001 12.1412060000001,46.172714999 12.141531,46.172579999 12.141869,46.1722979990001 12.142008,46.171934999 12.142141,46.171461999 12.1422190000001,46.170984999 12.1421740000001,46.170471999 12.142169,46.1700759990001 12.142524,46.1699149990001 12.1425790000001,46.169903999 12.142683,46.1699199990001 12.1428930000001,46.169970999 12.143561,46.1699359990001 12.1438460000001,46.1698759990001 12.14207,46.169002999 12.1411860000001,46.1686839990001 12.1408070000001,46.1684499990001 12.140269,46.1681139990001 12.1397640000001,46.167883999 12.139304,46.167700999 12.1390270000001,46.1675139990001 12.1387730000001,46.167246999 12.138764,46.1670819990001 12.138513,46.1673039990001 12.1383440000001,46.1674129990001 12.1380730000001,46.1674869990001 12.1376960000001,46.1675259990001 12.137367,46.1675539990001 12.1370160000001,46.167586999 12.137013,46.167586999 12.136832,46.167581999 12.136627,46.1676219990001 12.1363210000001,46.1677129990001 12.1359420000001,46.1678709990001 12.1354240000001,46.1679779990001 12.1351490000001,46.1680519990001 12.134963,46.168151999 12.134687,46.168309999 12.1343440000001,46.1684529990001 12.1340480000001,46.1686749990001 12.1337530000001,46.168891999 12.1335250000001,46.1690419990001 12.13332,46.1691749990001 12.132883,46.169459999 12.1323130000001,46.1698919990001 12.132126,46.170021999 12.131497,46.170358999 12.131294,46.1704529990001 12.131245,46.1705529990001 12.1312070000001,46.170648999 12.1311930000001,46.170734999 12.131137,46.1708139990001 12.1309640000001,46.170898999 12.1305810000001,46.171096999 12.130433,46.171192999 12.1302640000001,46.171304999 12.13016,46.171394999 12.1300840000001,46.1714529990001 12.129985,46.1715319990001 12.1299700000001,46.1715329990001 12.1299680000001,46.1715379990001 12.129824,46.1715439990001 12.129824,46.1715429990001 12.129803,46.171544999 12.129399,46.1715319990001 12.128926,46.171528999 12.12848,46.1715629990001 12.128432,46.171572999 12.128228,46.171684999 12.128116,46.1717689990001 12.1279920000001,46.171753999 12.1277630000001,46.1716939990001 12.1274790000001,46.171596999 12.1272930000001,46.1715209990001 12.127148,46.1714089990001 12.1269750000001,46.171347999 12.126835,46.171325999 12.1266410000001,46.1712959990001 12.1265540000001,46.1713349990001 12.1263730000001,46.171299999 12.12616,46.1712459990001 12.1259870000001,46.1712469990001 12.1258530000001,46.171213999 12.125703,46.1711309990001 12.1254690000001,46.1710389990001 12.1251600000001,46.1710029990001 12.124985,46.1709709990001 12.1248120000001,46.1709019990001 12.124629,46.170832999 12.124215,46.170870999 12.1239590000001,46.1710699990001 12.12332,46.171500999 12.122851,46.1719149990001 12.12247,46.172385999 12.1224,46.1726599990001 12.1221570000001,46.1731619990001 12.122042,46.173531999 12.121141,46.172832999 12.120552,46.1724109990001 12.1197500000001,46.1718959990001 12.1185830000001,46.1714519990001 12.117607,46.1712179990001 12.117598,46.171215999 12.117493,46.1714009990001 12.1173440000001,46.1715789990001 12.1172250000001,46.171708999 12.117125,46.1718049990001 12.1169640000001,46.1719379990001 12.1167840000001,46.172066999 12.1166640000001,46.172156999 12.1166450000001,46.1721709990001 12.116481,46.1723009990001 12.116336,46.172422999 12.1161920000001,46.172563999 12.116073,46.1726879990001 12.1159490000001,46.172828999 12.115908,46.173016999 12.1159700000001,46.1732259990001 12.1159740000001,46.1734559990001 12.115868,46.1736959990001 12.1157180000001,46.1738849990001 12.1156100000001,46.1740099990001 12.115483,46.1741279990001 12.11548,46.174319999 12.1153590000001,46.1745339990001 12.115168,46.1746669990001 12.11499,46.1746849990001 12.114788,46.174772999 12.1147260000001,46.1748289990001 12.114674,46.1748759990001 12.1146220000001,46.1750079990001 12.114625,46.1750719990001 12.1144200000001,46.1750519990001 12.11422,46.174997999 12.1140960000001,46.1749639990001 12.113952,46.1749409990001 12.1137400000001,46.174907999 12.1137390000001,46.174906999 12.1126570000001,46.1748079990001 12.1127760000001,46.1744169990001 12.1128370000001,46.1741259990001 12.1130210000001,46.173576999 12.1132490000001,46.173239999 12.1132400000001,46.1725759990001 12.1133070000001,46.172205999 12.1136040000001,46.171845999 12.1120490000001,46.171185999 12.1118460000001,46.170985999 12.111842,46.1709809990001 12.111862,46.1709739990001 12.1119150000001,46.1709549990001 12.112022,46.170942999 12.112104,46.1709339990001 12.1122550000001,46.1709049990001 12.1125060000001,46.1708009990001 12.112788,46.1706829990001 12.1131980000001,46.1705739990001 12.113436,46.170510999 12.113573,46.1704609990001 12.113932,46.170329999 12.114131,46.1702789990001 12.1141920000001,46.1702719990001 12.1142350000001,46.170266999 12.1143920000001,46.1702489990001 12.1145710000001,46.1702279990001 12.114632,46.170221999 12.114697,46.170215999 12.1147810000001,46.170196999 12.114783,46.170177999 12.114849,46.170083999 12.114879,46.1700079990001 12.1148890000001,46.169882999 12.114833,46.169797999 12.114766,46.169705999 12.1146150000001,46.1695309990001 12.1145770000001,46.169300999 12.1144790000001,46.1691519990001 12.114331,46.169031999 12.1142330000001,46.168873999 12.114182,46.1686619990001 12.1143270000001,46.168506999 12.1145740000001,46.168348999 12.114693,46.1684079990001 12.114894,46.1685719990001 12.1150940000001,46.1684769990001 12.115254,46.168374999 12.1151600000001,46.168288999 12.11539,46.1682909990001 12.1151590000001,46.1682549990001 12.1150880000001,46.168172999 12.115061,46.168077999 12.115052,46.1680269990001 12.115052,46.1680229990001 12.1150500000001,46.167993999 12.1150490000001,46.1679759990001 12.1150430000001,46.1679629990001 12.11504,46.1679549990001 12.115033,46.1679359990001 12.1149550000001,46.1677359990001 12.1148610000001,46.167672999 12.114804,46.1676179990001 12.114804,46.1676169990001 12.114805,46.1676169990001 12.1147,46.167409999 12.1146820000001,46.1673449990001 12.114677,46.1673279990001 12.11468,46.167294999 12.1146850000001,46.167248999 12.1147050000001,46.1671669990001 12.1147320000001,46.167108999 12.1147550000001,46.1670589990001 12.1147800000001,46.166973999 12.114792,46.166930999 12.1147970000001,46.166910999 12.1148170000001,46.166824999 12.114743,46.1665839990001 12.1147100000001,46.166412999 12.1147060000001,46.1664019990001 12.1146650000001,46.166284999 12.114718,46.1662019990001 12.114765,46.166146999 12.114716,46.1660719990001 12.11468,46.166007999 12.114677,46.1659499990001 12.114679,46.165896999 12.1147080000001,46.165870999 12.114699,46.1658679990001 12.114589,46.1657079990001 12.114225,46.165377999 12.114205,46.1652159990001 12.114225,46.164974999 12.1143050000001,46.1646089990001 12.114229,46.1644489990001 12.114318,46.164252999 12.114228,46.163844999 12.114243,46.163712999 12.114219,46.1634969990001 12.1142580000001,46.1633879990001 12.1143460000001,46.1632029990001 12.1143450000001,46.1632019990001 12.1143690000001,46.1631429990001 12.1143720000001,46.1630899990001 12.114333,46.1629799990001 12.114265,46.1628479990001 12.114129,46.1627829990001 12.114017,46.1627589990001 12.113773,46.1627119990001 12.113633,46.1626849990001 12.1134050000001,46.1626929990001 12.1131050000001,46.162721999 12.112781,46.162763999 12.11265,46.162791999 12.11251,46.162831999 12.1122730000001,46.1629399990001 12.1121690000001,46.1629829990001 12.1119190000001,46.1630949990001 12.1118060000001,46.1631459990001 12.1118040000001,46.1631459990001 12.111795,46.163149999 12.1116200000001,46.1632289990001 12.111388,46.1633399990001 12.1111320000001,46.163461999 12.111069,46.163485999 12.1110120000001,46.163507999 12.110895,46.163511999 12.110892,46.163510999 12.11069,46.1634509990001 12.110536,46.1633469990001 12.1104280000001,46.163283999 12.1102780000001,46.163175999 12.110124,46.163057999 12.1098880000001,46.162856999 12.1098190000001,46.1628249990001 12.1097750000001,46.162813999 12.1097310000001,46.162810999 12.1096230000001,46.162808999 12.109494,46.162812999 12.1093750000001,46.162814999 12.109243,46.1627979990001 12.1087140000001,46.162721999 12.108681,46.162721999 12.108367,46.1626879990001 12.108151,46.162610999 12.107918,46.162517999 12.107694,46.1624139990001 12.1074820000001,46.162316999 12.107399,46.1622899990001 12.1073510000001,46.162295999 12.1073220000001,46.1623089990001 12.1073000000001,46.1623459990001 12.1072590000001,46.1624599990001 12.1072570000001,46.162609999 12.1072530000001,46.162725999 12.1072600000001,46.162812999 12.107223,46.1628639990001 12.1071840000001,46.162928999 12.10718,46.1629369990001 12.1071210000001,46.162972999 12.1070770000001,46.1629839990001 12.1070050000001,46.1629799990001 12.1068490000001,46.162923999 12.106574,46.162837999 12.106371,46.1627859990001 12.106143,46.162724999 12.1060610000001,46.162705999 12.1059010000001,46.1626669990001 12.1057270000001,46.1626409990001 12.1057200000001,46.1626399990001 12.1056080000001,46.162631999 12.1055890000001,46.162633999 12.105424,46.1626609990001 12.105266,46.1627399990001 12.105017,46.162854999 12.104923,46.1628939990001 12.104654,46.1630099990001 12.104539,46.1630689990001 12.1044210000001,46.1631399990001 12.10438,46.163220999 12.1041540000001,46.163334999 12.1039710000001,46.163417999 12.103827,46.1634989990001 12.1038160000001,46.163531999 12.1038140000001,46.163537999 12.103795,46.1635729990001 12.1037930000001,46.163576999 12.10376,46.1636139990001 12.1037180000001,46.163641999 12.1036810000001,46.163666999 12.1036290000001,46.1637209990001 12.103623,46.1637649990001 12.103618,46.163804999 12.103624,46.163844999 12.1036570000001,46.1639059990001 12.103689,46.163965999 12.1037170000001,46.1640159990001 12.1037880000001,46.164144999 12.103823,46.164183999 12.103825,46.164185999 12.1038810000001,46.1642149990001 12.104004,46.164258999 12.104142,46.1642929990001 12.104254,46.1643069990001 12.1043720000001,46.164299999 12.104454,46.1642899990001 12.104543,46.164277999 12.1046410000001,46.1642699990001 12.104725,46.1642629990001 12.1049810000001,46.1642229990001 12.1054340000001,46.164205999 12.105574,46.164207999 12.1057710000001,46.164210999 12.1060650000001,46.1642239990001 12.1061100000001,46.164234999 12.106144,46.1642429990001 12.1061730000001,46.164256999 12.1061940000001,46.1642669990001 12.1062250000001,46.164294999 12.1062860000001,46.1643609990001 12.106316,46.1644199990001 12.106344,46.164477999 12.106435,46.164566999 12.106548,46.164655999 12.1065800000001,46.1646879990001 12.1066690000001,46.164773999 12.1066890000001,46.164797999 12.1066920000001,46.1648019990001 12.106702,46.1648279990001 12.1067140000001,46.164861999 12.106703,46.1649359990001 12.106681,46.164998999 12.106661,46.1650529990001 12.106636,46.1651179990001 12.1066290000001,46.165180999 12.1066260000001,46.1652069990001 12.1066260000001,46.165226999 12.1066270000001,46.1652609990001 12.1067620000001,46.1655669990001 12.1068090000001,46.1656779990001 12.106841,46.1657519990001 12.1068700000001,46.1658359990001 12.1068710000001,46.165855999 12.1068730000001,46.1658869990001 12.106865,46.1659119990001 12.10686,46.165917999 12.1068310000001,46.165945999 12.1068050000001,46.165960999 12.1068030000001,46.165961999 12.106744,46.165963999 12.106707,46.165944999 12.10668,46.1659149990001 12.10666,46.1658829990001 12.106594,46.1658009990001 12.106546,46.1657499990001 12.1064950000001,46.1657059990001 12.1064270000001,46.165670999 12.1062210000001,46.165624999 12.106119,46.165604999 12.106031,46.165579999 12.1059450000001,46.1655479990001 12.105877,46.165517999 12.105787,46.1654849990001 12.1056770000001,46.165467999 12.1055640000001,46.1654649990001 12.1053190000001,46.1654999990001 12.1051870000001,46.165513999 12.105034,46.1655309990001 12.1046670000001,46.165532999 12.1043690000001,46.1655209990001 12.1042200000001,46.165510999 12.103959,46.165519999 12.1037170000001,46.1655239990001 12.1035860000001,46.1655309990001 12.103464,46.1655309990001 12.103368,46.165519999 12.1028670000001,46.1653959990001 12.102445,46.165267999 12.102311,46.1652369990001 12.1022790000001,46.1652349990001 12.102219,46.1652309990001 12.1022540000001,46.165380999 12.1023430000001,46.1655099990001 12.102454,46.165735999 12.1026350000001,46.165944999 12.1029600000001,46.1663559990001 12.1033330000001,46.1669489990001 12.10344,46.1672109990001 12.103596,46.1675969990001 12.1037000000001,46.167857999 12.103772,46.168037999 12.1037890000001,46.1680539990001 12.104091,46.1683439990001 12.1042,46.168423999 12.1046420000001,46.1687489990001 12.105305,46.1693959990001 12.105311,46.1694029990001 12.1053200000001,46.169412999 12.105314,46.1696199990001 12.105307,46.169858999 12.10531,46.1699629990001 12.105282,46.170064999 12.1052330000001,46.1701609990001 12.1051840000001,46.170224999 12.1050730000001,46.170309999 12.105037,46.1703389990001 12.104969,46.170376999 12.1049120000001,46.1704099990001 12.1049110000001,46.1704099990001 12.1047380000001,46.1705529990001 12.1044630000001,46.170690999 12.1042660000001,46.1707889990001 12.1039960000001,46.170897999 12.1038980000001,46.1709089990001 12.1038300000001,46.1708869990001 12.103825,46.1708599990001 12.1037700000001,46.170846999 12.1036950000001,46.1708619990001 12.103578,46.1708669990001 12.103502,46.1708229990001 12.1034740000001,46.170761999 12.1035220000001,46.170607999 12.103555,46.170395999 12.1034540000001,46.1700519990001 12.1033780000001,46.1700269990001 12.103355,46.170019999 12.103322,46.1700099990001 12.1032760000001,46.169994999 12.103124,46.1699619990001 12.1027730000001,46.169994999 12.102542,46.170017999 12.102535,46.170017999 12.102514,46.170020999 12.1022780000001,46.1700509990001 12.1021870000001,46.1700479990001 12.102117,46.1700469990001 12.101837,46.1700559990001 12.1017130000001,46.1700549990001 12.1016090000001,46.1700499990001 12.101416,46.170022999 12.101146,46.1699589990001 12.1009920000001,46.169903999 12.1008880000001,46.169905999 12.1006820000001,46.1698899990001 12.1002770000001,46.1698329990001 12.099973,46.169789999 12.099861,46.1697629990001 12.099753,46.1697369990001 12.099525,46.1696719990001 12.0994200000001,46.169635999 12.0993090000001,46.1695979990001 12.0990820000001,46.1695139990001 12.0990430000001,46.169503999 12.0989530000001,46.169478999 12.0988800000001,46.1694719990001 12.0988370000001,46.1694669990001 12.098755,46.169476999 12.098664,46.1694879990001 12.098485,46.1695129990001 12.0983170000001,46.1695369990001 12.098103,46.169564999 12.098037,46.169571999 12.097499,46.1696219990001 12.097253,46.1696419990001 12.0970080000001,46.1696449990001 12.09693,46.1696429990001 12.0968490000001,46.1696519990001 12.096733,46.169659999 12.0966120000001,46.1696709990001 12.0964730000001,46.1696429990001 12.0963150000001,46.1696009990001 12.096126,46.169562999 12.0959790000001,46.169525999 12.0958180000001,46.169498999 12.095606,46.1694489990001 12.095385,46.1694199990001 12.095226,46.169413999 12.0950810000001,46.169408999 12.09497,46.1694029990001 12.094834,46.169411999 12.0947590000001,46.169406999 12.094574,46.169409999 12.0945110000001,46.169411999 12.0943340000001,46.1694019990001 12.094124,46.169316999 12.0938830000001,46.169296999 12.093643,46.1692849990001 12.0934330000001,46.1692409990001 12.0932960000001,46.169226999 12.0929610000001,46.1692189990001 12.092899,46.169211999 12.092749,46.169205999 12.0927110000001,46.169205999 12.0926410000001,46.1691969990001 12.0925570000001,46.1691989990001 12.092541,46.1691969990001 12.0924640000001,46.1691729990001 12.0923240000001,46.1691049990001 12.092187,46.1690859990001 12.091959,46.169073999 12.0918310000001,46.1691029990001 12.0919700000001,46.168917999 12.0920350000001,46.168801999 12.0919440000001,46.168640999 12.0918130000001,46.168483999 12.0916100000001,46.1683369990001 12.0914940000001,46.1682689990001 12.091103,46.1680459990001 12.090922,46.1679159990001 12.0905230000001,46.1677129990001 12.090114,46.1675329990001 12.089566,46.1673489990001 12.0891500000001,46.1672149990001 12.088306,46.166909999 12.087638,46.166577999 12.087024,46.1663819990001 12.0861850000001,46.1662639990001 12.0857790000001,46.1660489990001 12.0854660000001,46.165789999 12.085337,46.165649999 12.0853320000001,46.1655479990001 12.0853770000001,46.165426999 12.085609,46.165264999 12.0858420000001,46.165114999 12.0861580000001,46.1649209990001 12.0862100000001,46.164775999 12.0862270000001,46.1646459990001 12.0860930000001,46.1645319990001 12.085838,46.1643609990001 12.085202,46.1639529990001 12.0844060000001,46.1634269990001 12.083745,46.1631189990001 12.082991,46.162790999 12.082408,46.1625939990001 12.082034,46.1624899990001 12.081714,46.162434999 12.081828,46.1622829990001 12.0819950000001,46.1621499990001 12.0821980000001,46.1619459990001 12.082343,46.1617929990001 12.0825110000001,46.1616959990001 12.082568,46.161689999 12.0827850000001,46.161667999 12.0829590000001,46.161688999 12.083059,46.161624999 12.08311,46.161593999 12.083157,46.1615249990001 12.0832070000001,46.161441999 12.0831910000001,46.161436999 12.0832,46.1614329990001 12.083203,46.1614309990001 12.083204,46.1614299990001 12.083224,46.161414999 12.083246,46.161398999 12.0832530000001,46.161391999 12.0832820000001,46.1613659990001 12.083286,46.1613629990001 12.08329,46.1613599990001 12.0831660000001,46.1613169990001 12.0830940000001,46.1612929990001 12.083069,46.161283999 12.0830260000001,46.1612699990001 12.082796,46.161125999 12.0827380000001,46.1610639990001 12.082639,46.1609559990001 12.082541,46.160760999 12.082529,46.1606829990001 12.0825150000001,46.160585999 12.082524,46.160493999 12.082528,46.1604569990001 12.0825330000001,46.1604439990001 12.082572,46.1603449990001 12.082428,46.160316999 12.0823590000001,46.1601419990001 12.0822840000001,46.1600089990001 12.082277,46.160003999 12.082272,46.1600109990001 12.082272,46.1600069990001 12.081823,46.160133999 12.081358,46.160265999 12.0805990000001,46.1603459990001 12.0800630000001,46.160336999 12.079959,46.160335999 12.079624,46.1603699990001 12.079412,46.160408999 12.079394,46.1604139990001 12.079324,46.1603319990001 12.078702,46.1599669990001 12.0773820000001,46.159393999 12.0759660000001,46.158783999 12.0751970000001,46.1584569990001 12.074579,46.1581429990001 12.0738950000001,46.1580049990001 12.0732370000001,46.157883999 12.0725590000001,46.1578319990001 12.072257,46.1578059990001 12.0719280000001,46.157744999 12.071464,46.1575139990001 12.0709180000001,46.1571459990001 12.069899,46.156372999 12.069201,46.155973999 12.068586,46.1557299990001 12.0675140000001,46.155357999 12.067079,46.155229999 12.0670270000001,46.155181999 12.0666440000001,46.155004999 12.0664170000001,46.1548589990001 12.065796,46.1545449990001 12.065543,46.1543829990001 12.065095,46.154170999 12.064622,46.1538139990001 12.0640690000001,46.1535289990001 12.063561,46.1529439990001 12.0632420000001,46.1527389990001 12.06282,46.1525539990001 12.0619170000001,46.152167999 12.060952,46.151672999 12.059872,46.1511619990001 12.058975,46.1507509990001 12.0589410000001,46.1507289990001 12.0585120000001,46.150409999 12.0581500000001,46.1501249990001 12.0577000000001,46.1498959990001 12.056988,46.1495669990001 12.0565560000001,46.1494259990001 12.0563500000001,46.1493649990001 12.055979,46.149126999 12.0554290000001,46.148671999 12.0552290000001,46.148309999 12.054791,46.148403999 12.054289,46.148580999 12.053977,46.148650999 12.053684,46.148692999 12.05337,46.148701999 12.0529950000001,46.1486909990001 12.0527300000001,46.148697999 12.0525500000001,46.1486619990001 12.0523250000001,46.1486819990001 12.0520750000001,46.148783999 12.051787,46.1487369990001 12.051564,46.148633999 12.0511900000001,46.1486369990001 12.0509890000001,46.1485669990001 12.050827,46.148474999 12.050638,46.148267999 12.0505440000001,46.148174999 12.050283,46.1480789990001 12.0500060000001,46.1480589990001 12.049875,46.148000999 12.0495530000001,46.1478729990001 12.049251,46.147750999 12.048955,46.1475599990001 12.048702,46.1474249990001 12.0485130000001,46.1470589990001 12.0483770000001,46.1469049990001 12.048192,46.146759999 12.047959,46.1466559990001 12.0479060000001,46.146575999 12.0478380000001,46.146419999 12.047717,46.1463619990001 12.0474840000001,46.1462519990001 12.0472500000001,46.146291999 12.047105,46.1463229990001 12.04688,46.1463629990001 12.046591,46.1464739990001 12.0460610000001,46.1466859990001 12.045875,46.1467049990001 12.045507,46.1466329990001 12.045357,46.146602999 12.04475,46.1462969990001 12.044494,46.146132999 12.044073,46.1458089990001 12.043636,46.1455599990001 12.0433600000001,46.145409999 12.043213,46.145208999 12.0430890000001,46.1451029990001 12.042949,46.1450789990001 12.0424330000001,46.1449899990001 12.042085,46.1449449990001 12.0418700000001,46.144956999 12.041701,46.1449279990001 12.041548,46.1448359990001 12.04144,46.1447029990001 12.041035,46.144549999 12.0405720000001,46.1444489990001 12.04002,46.1444569990001 12.039768,46.1444109990001 12.039612,46.144414999 12.039315,46.144418999 12.0391020000001,46.144420999 12.0388790000001,46.1444269990001 12.038751,46.1444579990001 12.0386070000001,46.1444809990001 12.038548,46.1445249990001 12.03846,46.1445469990001 12.038353,46.144549999 12.038257,46.144528999 12.0381170000001,46.1444809990001 12.0378840000001,46.1443679990001 12.0375540000001,46.144263999 12.0373760000001,46.144193999 12.037267,46.1441429990001 12.0371000000001,46.1440539990001 12.037068,46.1439849990001 12.0370100000001,46.1438419990001 12.036949,46.143765999 12.0368090000001,46.1436649990001 12.036751,46.1436189990001 12.036525,46.143589999 12.0363780000001,46.143562999 12.036258,46.1435119990001 12.0361770000001,46.1434629990001 12.0359960000001,46.143362999 12.035857,46.143243999 12.0357920000001,46.143066999 12.035628,46.142980999 12.035716,46.1428809990001 12.0358210000001,46.1428099990001 12.035833,46.1427599990001 12.0357100000001,46.1426929990001 12.035582,46.1426739990001 12.035515,46.1426329990001 12.0355290000001,46.142554999 12.035268,46.1424759990001 12.0347810000001,46.1423339990001 12.0347120000001,46.1422219990001 12.034633,46.1420889990001 12.034593,46.142051999 12.034798,46.141870999 12.0349620000001,46.1417329990001 12.0351180000001,46.141630999 12.0353170000001,46.141583999 12.0355480000001,46.141584999 12.03576,46.141585999 12.0359500000001,46.1415669990001 12.036097,46.141492999 12.036277,46.141466999 12.0364720000001,46.1414099990001 12.03659,46.1413889990001 12.0366990000001,46.141337999 12.0368760000001,46.141309999 12.0370380000001,46.141287999 12.0372830000001,46.141245999 12.0374340000001,46.1411939990001 12.037584,46.1411219990001 12.037719,46.140931999 12.0380960000001,46.140837999 12.038329,46.1407839990001 12.0385230000001,46.1407339990001 12.038623,46.140679999 12.0387870000001,46.140567999 12.0389430000001,46.1404039990001 12.039138,46.140186999 12.0392660000001,46.1400119990001 12.0393030000001,46.139867999 12.039323,46.1397059990001 12.0393050000001,46.139647999 12.0392170000001,46.1396609990001 12.0391720000001,46.139671999 12.039052,46.139695999 12.0388980000001,46.1396799990001 12.0387250000001,46.139581999 12.0386130000001,46.139512999 12.038421,46.1395039990001 12.038215,46.139529999 12.038077,46.1395169990001 12.037906,46.139551999 12.037739,46.139559999 12.0375770000001,46.1395639990001 12.037517,46.139551999 12.037472,46.139528999 12.0374440000001,46.139443999 12.037454,46.1393419990001 12.0374790000001,46.139245999 12.037471,46.139100999 12.0374660000001,46.139010999 12.037453,46.1389869990001 12.0374370000001,46.138903999 12.0373500000001,46.1388479990001 12.037249,46.1388289990001 12.036994,46.138808999 12.036802,46.1388199990001 12.0366300000001,46.1387759990001 12.0364900000001,46.138741999 12.036352,46.138745999 12.0362210000001,46.138748999 12.036054,46.138785999 12.035646,46.1387809990001 12.0358160000001,46.138674999 12.035895,46.1382779990001 12.035988,46.1380199990001 12.0360640000001,46.137849999 12.036037,46.1378099990001 12.035985,46.1377499990001 12.0359510000001,46.137668999 12.035923,46.1375919990001 12.0359280000001,46.1374249990001 12.0359280000001,46.1374239990001 12.035923,46.137322999 12.0358420000001,46.137280999 12.035718,46.1372509990001 12.0355750000001,46.1372269990001 12.035406,46.137173999 12.035285,46.1371129990001 12.035108,46.1370049990001 12.034909,46.136945999 12.0346920000001,46.136917999 12.034551,46.136920999 12.034182,46.1368869990001 12.033961,46.1368689990001 12.0337480000001,46.1368239990001 12.0335700000001,46.136783999 12.033486,46.1367759990001 12.0334310000001,46.136788999 12.033351,46.136834999 12.033236,46.136917999 12.0331590000001,46.136969999 12.033058,46.1369779990001 12.0328690000001,46.136967999 12.0325770000001,46.136939999 12.032358,46.1369059990001 12.032322,46.1369069990001 12.032199,46.1369149990001 12.0320830000001,46.1369129990001 12.0319210000001,46.1368669990001 12.0317600000001,46.136835999 12.0314900000001,46.136812999 12.031233,46.1367919990001 12.031038,46.1365299990001 12.030781,46.1362349990001 12.030627,46.136290999 12.030623,46.136292999 12.0305750000001,46.1363079990001 12.030476,46.136338999 12.030039,46.1363249990001 12.0297630000001,46.1362989990001 12.0294220000001,46.136314999 12.029254,46.136313999 12.0290650000001,46.136338999 12.028891,46.1363739990001 12.0286310000001,46.1363959990001 12.0283010000001,46.1363939990001 12.0280100000001,46.136383999 12.0277830000001,46.136383999 12.027522,46.136376999 12.0273320000001,46.1363759990001 12.0272870000001,46.136354999 12.027272,46.136273999 12.0272400000001,46.1362079990001 12.027179,46.1361429990001 12.0271760000001,46.136112999 12.0271710000001,46.136063999 12.0272210000001,46.136001999 12.0271040000001,46.1359409990001 12.0269960000001,46.135888999 12.0268340000001,46.1358319990001 12.0266110000001,46.135774999 12.0263870000001,46.135755999 12.0260940000001,46.1357669990001 12.02585,46.1357339990001 12.0254580000001,46.1356929990001 12.0250110000001,46.135682999 12.0248,46.1356949990001 12.024666,46.1356969990001 12.0245200000001,46.1358019990001 12.0243980000001,46.135881999 12.024238,46.135955999 12.024239,46.1359889990001 12.024371,46.1360539990001 12.024276,46.1361659990001 12.024145,46.136204999 12.0239790000001,46.1362539990001 12.023857,46.136292999 12.0236820000001,46.1363889990001 12.02349,46.1364569990001 12.0231640000001,46.136538999 12.022948,46.1365469990001 12.0228690000001,46.1365499990001 12.0226640000001,46.136603999 12.0225390000001,46.136588999 12.022368,46.1365749990001 12.022157,46.136540999 12.0219990000001,46.136429999 12.0218850000001,46.136338999 12.0215210000001,46.1362579990001 12.0212950000001,46.136247999 12.0210970000001,46.1361929990001 12.020763,46.1362069990001 12.0204440000001,46.1362309990001 12.020276,46.136267999 12.020176,46.136226999 12.0201660000001,46.1362109990001 12.020162,46.136183999 12.020177,46.1361639990001 12.0201930000001,46.136134999 12.0201930000001,46.136106999 12.020186,46.136039999 12.020201,46.135994999 12.0201920000001,46.135909999 12.020182,46.1358779990001 12.020221,46.135707999 12.0202390000001,46.1356229990001 12.0202880000001,46.135523999 12.0203450000001,46.1354729990001 12.020386,46.1354439990001 12.020412,46.1354009990001 12.0204220000001,46.135324999 12.020428,46.135275999 12.0204430000001,46.1352249990001 12.0204430000001,46.1351739990001 12.020387,46.135072999 12.020321,46.1350169990001 12.020222,46.1349529990001 12.020159,46.134922999 12.020088,46.1349099990001 12.0200350000001,46.1349029990001 12.019996,46.1348819990001 12.0199690000001,46.1348659990001 12.0199240000001,46.134830999 12.019869,46.1348229990001 12.019847,46.134804999 12.019772,46.1347099990001 12.019645,46.1345279990001 12.0195650000001,46.134401999 12.0194550000001,46.134197999 12.019439,46.134147999 12.019368,46.133949999 12.0193,46.133749999 12.0193190000001,46.133610999 12.019325,46.1334609990001 12.019219,46.1334419990001 12.0175990000001,46.133256999 12.017475,46.133247999 12.016243,46.133157999 12.0155350000001,46.133139999 12.0153800000001,46.133135999 12.014396,46.1330869990001 12.0136660000001,46.1331269990001 12.012838,46.133315999 12.0122640000001,46.133503999 12.012079,46.133523999 12.0118220000001,46.1335509990001 12.0115500000001,46.133543999 12.0114780000001,46.1335129990001 12.0111680000001,46.1333789990001 12.0109850000001,46.1333099990001 12.0108010000001,46.1332399990001 12.010767,46.1332219990001 12.0106010000001,46.1331299990001 12.0105110000001,46.1330619990001 12.010389,46.1329709990001 12.0101280000001,46.132797999 12.010097,46.1327619990001 12.009918,46.132555999 12.009308,46.1318899990001 12.009145,46.1315319990001 12.0091370000001,46.131518999 12.0090500000001,46.131362999 12.008899,46.1312329990001 12.008898,46.1312319990001 12.0085330000001,46.1307189990001 12.0080810000001,46.1300159990001 12.0078510000001,46.1294989990001 12.007907,46.129335999 12.0079190000001,46.1293019990001 12.007961,46.129179999 12.0079680000001,46.1291599990001 12.008113,46.1288459990001 12.0082810000001,46.128481999 12.0083920000001,46.1282019990001 12.0085310000001,46.127849999 12.0085310000001,46.127556999 12.0085570000001,46.127423999 12.0086440000001,46.126990999 12.00868,46.1264699990001 12.008697,46.1262329990001 12.0087330000001,46.1260189990001 12.0087950000001,46.1256489990001 12.009009,46.1254479990001 12.00908,46.1253809990001 12.0092050000001,46.125262999 12.0094750000001,46.125008999 12.0099510000001,46.1245329990001 12.010315,46.124115999 12.010315,46.124114999 12.010316,46.124112999 12.0103580000001,46.124040999 12.0107860000001,46.123658999 12.011158,46.123323999 12.011156,46.1233139990001 12.010956,46.1225249990001 12.0109440000001,46.1224759990001 12.0109400000001,46.1224599990001 12.0110940000001,46.1221639990001 12.0112300000001,46.121903999 12.0112800000001,46.121700999 12.01131,46.1215819990001 12.0112100000001,46.1211329990001 12.011176,46.120977999 12.0109660000001,46.1204239990001 12.0113010000001,46.120306999 12.0115940000001,46.1202039990001 12.011893,46.1202299990001 12.012279,46.1201769990001 12.0126950000001,46.1201199990001 12.012886,46.1200739990001 12.0130360000001,46.120036999 12.0127360000001,46.119783999 12.0125880000001,46.1194189990001 12.0125350000001,46.1192869990001 12.012482,46.119180999 12.0122280000001,46.1186769990001 12.0120450000001,46.117942999 12.0117960000001,46.117422999 12.011689,46.117284999 12.0116640000001,46.1172539990001 12.011405,46.1172539990001 12.011125,46.117042999 12.0106030000001,46.1165999990001 12.010482,46.116496999 12.0099690000001,46.115783999 12.009938,46.115530999 12.009915,46.1153419990001 12.0099060000001,46.115308999 12.009892,46.115258999 12.0104000000001,46.1149079990001 12.0107830000001,46.1146439990001 12.010793,46.1144579990001 12.0107640000001,46.114251999 12.0107610000001,46.114231999 12.0107590000001,46.1142179990001 12.0107560000001,46.1141979990001 12.0107560000001,46.1141959990001 12.0107560000001,46.1141949990001 12.0107140000001,46.1139059990001 12.0105120000001,46.113259999 12.0104920000001,46.113195999 12.0104870000001,46.1131799990001 12.0104700000001,46.1131119990001 12.010413,46.112873999 12.010075,46.112536999 12.009707,46.1121419990001 12.009443,46.1118739990001 12.0097910000001,46.1112939990001 12.009799,46.111275999 12.009821,46.111228999 12.0098310000001,46.111188999 12.0098370000001,46.111186999 12.009894,46.1111749990001 12.0099740000001,46.1111519990001 12.0100640000001,46.1111339990001 12.010115,46.1111319990001 12.010159,46.111138999 12.010184,46.111144999 12.0102690000001,46.1111529990001 12.010297,46.111146999 12.0103490000001,46.1111329990001 12.01037,46.1111259990001 12.0104230000001,46.1111149990001 12.010453,46.111098999 12.010496,46.1110699990001 12.0105290000001,46.1110419990001 12.0105610000001,46.1110159990001 12.010608,46.110981999 12.0106470000001,46.1109559990001 12.010724,46.110917999 12.010769,46.110895999 12.0108450000001,46.1108629990001 12.0108950000001,46.1108419990001 12.0109380000001,46.110829999 12.011016,46.110802999 12.011128,46.110756999 12.011179,46.110733999 12.0112140000001,46.1107259990001 12.011288,46.1107079990001 12.0113200000001,46.110690999 12.0113620000001,46.1106579990001 12.011384,46.1106169990001 12.011396,46.110558999 12.0114130000001,46.110490999 12.0114150000001,46.110400999 12.0113870000001,46.1103269990001 12.0113680000001,46.1102359990001 12.011314,46.1101449990001 12.0112720000001,46.110085999 12.01127,46.1099889990001 12.011313,46.1099169990001 12.0113630000001,46.109858999 12.011518,46.109724999 12.011716,46.1095809990001 12.0118450000001,46.1094839990001 12.0119540000001,46.109408999 12.0119710000001,46.1093979990001 12.0121070000001,46.109323999 12.012211,46.1092679990001 12.012415,46.1091509990001 12.0125360000001,46.1090869990001 12.012568,46.1090769990001 12.012661,46.109046999 12.012726,46.109030999 12.0127810000001,46.1090179990001 12.0128290000001,46.109006999 12.0129010000001,46.1089909990001 12.0129640000001,46.1089689990001 12.013019,46.1089419990001 12.0130960000001,46.1088969990001 12.0131240000001,46.1088799990001 12.0132130000001,46.108782999 12.01323,46.1087479990001 12.013243,46.108733999 12.013267,46.108707999 12.013269,46.1087059990001 12.0133250000001,46.1086539990001 12.0133980000001,46.1086119990001 12.013515,46.108602999 12.0136150000001,46.1086099990001 12.0136400000001,46.1086129990001 12.013747,46.1086589990001 12.013809,46.1086379990001 12.0138670000001,46.1085709990001 12.013896,46.1084979990001 12.013903,46.1084069990001 12.0138900000001,46.1083589990001 12.01388,46.108324999 12.013881,46.1083119990001 12.013882,46.1082969990001 12.013873,46.1082899990001 12.013831,46.108256999 12.013832,46.108217999 12.0138670000001,46.108147999 12.0138890000001,46.1081149990001 12.0139120000001,46.108081999 12.0139590000001,46.1080229990001 12.013994,46.107993999 12.01403,46.107966999 12.0140950000001,46.107942999 12.01417,46.107927999 12.0142990000001,46.1078919990001 12.014394,46.1078439990001 12.014488,46.107807999 12.014556,46.107784999 12.0145830000001,46.1077739990001 12.014644,46.107721999 12.014707,46.1076699990001 12.0147420000001,46.1076209990001 12.0147870000001,46.107538999 12.014822,46.1074389990001 12.014845,46.107314999 12.0148340000001,46.1073019990001 12.01482,46.107243999 12.0148100000001,46.1072109990001 12.014802,46.1071409990001 12.0147930000001,46.107042999 12.014825,46.106995999 12.014908,46.106909999 12.014961,46.1068489990001 12.01502,46.1068109990001 12.0150770000001,46.106777999 12.0151530000001,46.1067369990001 12.0151950000001,46.1067129990001 12.0152620000001,46.1066519990001 12.01529,46.106635999 12.0153790000001,46.1065809990001 12.0153960000001,46.106569999 12.015413,46.1065559990001 12.015521,46.1064979990001 12.01554,46.1064769990001 12.015584,46.1064209990001 12.0155950000001,46.106366999 12.0155770000001,46.1062709990001 12.0155780000001,46.106257999 12.015594,46.1061819990001 12.0156010000001,46.1061539990001 12.015613,46.106102999 12.0156250000001,46.106081999 12.0156430000001,46.1060709990001 12.015702,46.106010999 12.0157070000001,46.106005999 12.0157350000001,46.105967999 12.015773,46.1059549990001 12.0158210000001,46.105919999 12.0158220000001,46.1059099990001 12.0158210000001,46.1058619990001 12.0158430000001,46.105804999 12.0158660000001,46.105763999 12.015883,46.1057289990001 12.0159180000001,46.1056829990001 12.0159580000001,46.1056389990001 12.0159830000001,46.105607999 12.0159830000001,46.105599999 12.015923,46.105468999 12.015901,46.105447999 12.015817,46.105396999 12.015786,46.1053719990001 12.0157300000001,46.1052989990001 12.015658,46.1052159990001 12.0156260000001,46.1051829990001 12.0156190000001,46.105174999 12.015549,46.1050709990001 12.015547,46.105064999 12.0155300000001,46.104971999 12.0155320000001,46.1049399990001 12.0155540000001,46.1048909990001 12.01557,46.1048289990001 12.0155820000001,46.1047619990001 12.015584,46.104746999 12.015584,46.1047389990001 12.015497,46.1046459990001 12.0154230000001,46.1045839990001 12.015389,46.104549999 12.015343,46.104499999 12.0153050000001,46.1044459990001 12.0152850000001,46.1043939990001 12.015269,46.104322999 12.0152390000001,46.1042849990001 12.0151530000001,46.1042409990001 12.015136,46.104229999 12.015115,46.1042229990001 12.0150780000001,46.104208999 12.015069,46.104205999 12.015046,46.1041969990001 12.015027,46.104189999 12.014985,46.1041769990001 12.01489,46.104117999 12.0148830000001,46.1041049990001 12.0148610000001,46.1040619990001 12.014781,46.103956999 12.014779,46.103934999 12.014752,46.103891999 12.01475,46.103888999 12.0147470000001,46.1038849990001 12.014663,46.1037489990001 12.0146280000001,46.1036979990001 12.014617,46.103618999 12.0146140000001,46.103576999 12.0146270000001,46.103528999 12.014598,46.1034519990001 12.01451,46.1034099990001 12.014483,46.103397999 12.014348,46.1033239990001 12.0143150000001,46.103284999 12.0142510000001,46.103221999 12.0142440000001,46.103215999 12.014236,46.1032119990001 12.0142070000001,46.1031809990001 12.014142,46.1031139990001 12.0141370000001,46.103103999 12.014108,46.1030269990001 12.0141130000001,46.102991999 12.0140940000001,46.102875999 12.0140950000001,46.102811999 12.014108,46.1027779990001 12.014107,46.1026869990001 12.014102,46.1026629990001 12.0141090000001,46.1026389990001 12.0141150000001,46.1026209990001 12.0141320000001,46.1025319990001 12.014143,46.102448999 12.014144,46.1023899990001 12.014121,46.1023479990001 12.0140280000001,46.102244999 12.0140270000001,46.1022169990001 12.014032,46.1021659990001 12.0140250000001,46.1021279990001 12.0139980000001,46.102003999 12.013994,46.101977999 12.013972,46.101914999 12.0139530000001,46.101844999 12.013944,46.1018159990001 12.013926,46.101756999 12.013879,46.1017039990001 12.013782,46.101620999 12.01377,46.1015599990001 12.013746,46.101435999 12.0137570000001,46.1014039990001 12.013768,46.1013789990001 12.013809,46.101276999 12.0138240000001,46.101189999 12.0138410000001,46.1011339990001 12.013857,46.1010879990001 12.0138870000001,46.1010259990001 12.0139160000001,46.100990999 12.0139800000001,46.100925999 12.014009,46.100877999 12.0140260000001,46.1007969990001 12.014036,46.1007529990001 12.01403,46.1006649990001 12.0140250000001,46.1006199990001 12.014031,46.1005929990001 12.0140270000001,46.100513999 12.014036,46.100474999 12.014052,46.100449999 12.014085,46.1004139990001 12.014152,46.1003659990001 12.014235,46.1003259990001 12.0143580000001,46.100292999 12.014401,46.100292999 12.0144740000001,46.1002809990001 12.0145650000001,46.1002519990001 12.0146270000001,46.1001939990001 12.014714,46.1001209990001 12.0147450000001,46.100086999 12.014782,46.1000549990001 12.0148350000001,46.1000139990001 12.014915,46.099977999 12.0149900000001,46.0999629990001 12.0150330000001,46.0999669990001 12.0151970000001,46.099996999 12.0152890000001,46.1000269990001 12.015368,46.1000499990001 12.0154250000001,46.1000589990001 12.0155330000001,46.1000539990001 12.015638,46.1000529990001 12.0157070000001,46.1000359990001 12.0157780000001,46.1000139990001 12.0158920000001,46.0999819990001 12.015975,46.099954999 12.0160290000001,46.0999209990001 12.0160280000001,46.0998929990001 12.0160290000001,46.0998509990001 12.0160070000001,46.099790999 12.01595,46.0996949990001 12.015926,46.099642999 12.0159200000001,46.0996279990001 12.015902,46.099591999 12.0158960000001,46.099571999 12.015885,46.0995319990001 12.015882,46.099522999 12.0158650000001,46.099482999 12.0158250000001,46.099392999 12.0158050000001,46.099348999 12.015787,46.0993149990001 12.0157590000001,46.099256999 12.0157320000001,46.099214999 12.015661,46.099163999 12.0156170000001,46.099121999 12.01557,46.099032999 12.01557,46.099008999 12.015568,46.098985999 12.015583,46.0989319990001 12.0155980000001,46.0989039990001 12.0156050000001,46.0988879990001 12.0156250000001,46.0988619990001 12.0156700000001,46.0988179990001 12.015697,46.098800999 12.0157770000001,46.098755999 12.015794,46.098737999 12.015902,46.0986169990001 12.015931,46.098581999 12.0159850000001,46.098509999 12.0160080000001,46.098485999 12.0160500000001,46.098439999 12.016059,46.0984309990001 12.0161170000001,46.0983929990001 12.016134,46.0983869990001 12.0161880000001,46.0983659990001 12.0162330000001,46.098329999 12.016268,46.098291999 12.016307,46.0982499990001 12.016337,46.0982129990001 12.0163860000001,46.098151999 12.0164090000001,46.098126999 12.0164290000001,46.098109999 12.0164500000001,46.0980949990001 12.016491,46.0980679990001 12.0165280000001,46.098043999 12.016582,46.0980069990001 12.016597,46.097994999 12.0166330000001,46.0979549990001 12.016646,46.0979419990001 12.016667,46.097905999 12.0166850000001,46.097878999 12.016692,46.097858999 12.016694,46.097835999 12.016692,46.097767999 12.016688,46.0977339990001 12.0166780000001,46.097699999 12.0166600000001,46.097656999 12.0166080000001,46.0975719990001 12.016514,46.097494999 12.016466,46.0974469990001 12.016416,46.097362999 12.0164080000001,46.0973299990001 12.0164080000001,46.097320999 12.0163470000001,46.097321999 12.0163190000001,46.097315999 12.016311,46.0972859990001 12.0162540000001,46.097074999 12.0161900000001,46.0970859990001 12.015988,46.097162999 12.015953,46.0972359990001 12.016035,46.0972669990001 12.016085,46.0972859990001 12.016107,46.0974479990001 12.016101,46.0975739990001 12.0161000000001,46.0977989990001 12.015927,46.097947999 12.0157590000001,46.0979609990001 12.0156890000001,46.0979809990001 12.0152620000001,46.0980999990001 12.0153940000001,46.098336999 12.0154200000001,46.0983839990001 12.01413,46.099164999 12.013879,46.0993069990001 12.013692,46.099437999 12.013633,46.099771999 12.0132780000001,46.099907999 12.013246,46.1000339990001 12.012774,46.100154999 12.012638,46.1002749990001 12.0125580000001,46.1004579990001 12.012487,46.1006629990001 12.012479,46.1006849990001 12.012438,46.100874999 12.01244,46.100902999 12.012441,46.1009379990001 12.012413,46.1011359990001 12.012366,46.101218999 12.012437,46.101324999 12.012442,46.1014239990001 12.012397,46.1015419990001 12.0123080000001,46.1015799990001 12.0121130000001,46.1016079990001 12.012077,46.1016129990001 12.011961,46.101615999 12.0119940000001,46.101749999 12.011959,46.101822999 12.0119100000001,46.1018789990001 12.011988,46.1019509990001 12.012033,46.1019919990001 12.0121830000001,46.102132999 12.012187,46.1022129990001 12.012163,46.1022409990001 12.012027,46.1023529990001 12.0119740000001,46.1023969990001 12.011829,46.102519999 12.0118220000001,46.102636999 12.011811,46.102791999 12.011807,46.102834999 12.0118630000001,46.1029149990001 12.011896,46.103039999 12.012232,46.1037419990001 12.0121950000001,46.1037699990001 12.0122660000001,46.1038849990001 12.012415,46.1040169990001 12.012508,46.1040589990001 12.0125650000001,46.1041569990001 12.0127630000001,46.1042229990001 12.012906,46.1044719990001 12.013202,46.104436999 12.013335,46.1044239990001 12.013364,46.1044219990001 12.0136140000001,46.1043989990001 12.0137590000001,46.104457999 12.0137270000001,46.1045759990001 12.013655,46.104676999 12.013588,46.104678999 12.0135,46.104680999 12.013407,46.1048899990001 12.013513,46.104932999 12.013562,46.1051199990001 12.0135720000001,46.1052999990001 12.013656,46.105423999 12.01385,46.1054189990001 12.0140680000001,46.1053859990001 12.0142230000001,46.105606999 12.0142950000001,46.1057489990001 12.014532,46.106282999 12.0145450000001,46.1062909990001 12.014509,46.106345999 12.0145610000001,46.106344999 12.0145630000001,46.106389999 12.014461,46.1064199990001 12.0144,46.1064749990001 12.0142670000001,46.1066499990001 12.0145430000001,46.106732999 12.0144490000001,46.106905999 12.0143420000001,46.107070999 12.014307,46.1071439990001 12.014288,46.1072789990001 12.014236,46.107271999 12.014079,46.1072309990001 12.0140200000001,46.1072589990001 12.014106,46.107288999 12.0142700000001,46.1073229990001 12.0143170000001,46.1073329990001 12.013763,46.1078419990001 12.0131920000001,46.1082889990001 12.013093,46.108372999 12.0129910000001,46.1084119990001 12.0128320000001,46.1085689990001 12.0125550000001,46.1087199990001 12.0115280000001,46.108663999 12.0115210000001,46.108690999 12.0114390000001,46.1087509990001 12.011218,46.108889999 12.010968,46.1089729990001 12.010616,46.1090829990001 12.010339,46.109295999 12.0102240000001,46.1093279990001 12.010047,46.109364999 12.0100180000001,46.1093769990001 12.009895,46.1096499990001 12.0098620000001,46.1096459990001 12.00938,46.1095779990001 12.0093180000001,46.1096239990001 12.0092700000001,46.109697999 12.00915,46.109862999 12.0090970000001,46.109854999 12.008209,46.110175999 12.0082390000001,46.1102559990001 12.0082180000001,46.1103459990001 12.008494,46.1106539990001 12.00843,46.110673999 12.0083010000001,46.1109109990001 12.008108,46.1111769990001 12.0081060000001,46.1111779990001 12.0081050000001,46.1112649990001 12.00809,46.1113609990001 12.008073,46.1114939990001 12.0080390000001,46.111707999 12.0080300000001,46.1118729990001 12.0080130000001,46.1120559990001 12.0080100000001,46.112174999 12.008025,46.112266999 12.0080560000001,46.112356999 12.00809,46.112402999 12.008111,46.112426999 12.008118,46.1124409990001 12.0081500000001,46.112517999 12.0081720000001,46.1125989990001 12.008186,46.1127089990001 12.0081950000001,46.1128379990001 12.0081890000001,46.1128929990001 12.008156,46.113008999 12.00811,46.1131109990001 12.0080620000001,46.1131159990001 12.0079620000001,46.113119999 12.007952,46.113124999 12.0078550000001,46.113194999 12.0078070000001,46.1132289990001 12.007646,46.113300999 12.007623,46.1133099990001 12.007533,46.113350999 12.007501,46.1133599990001 12.007439,46.1133779990001 12.0074070000001,46.1133779990001 12.0073810000001,46.1133779990001 12.0073420000001,46.113373999 12.007321,46.113374999 12.0072460000001,46.113367999 12.0070640000001,46.113375999 12.0066820000001,46.113347999 12.0061630000001,46.113285999 12.0056450000001,46.1132719990001 12.0056290000001,46.1134549990001 12.005596,46.113509999 12.0054050000001,46.113621999 12.0053830000001,46.1136349990001 12.0045220000001,46.1141689990001 12.004086,46.1144189990001 12.003679,46.114651999 12.003338,46.1150989990001 12.002892,46.115598999 12.0025450000001,46.1159439990001 12.0022260000001,46.1162609990001 12.00192,46.1166899990001 12.0018660000001,46.1167149990001 12.0016440000001,46.1167769990001 12.0016220000001,46.1167829990001 12.0015510000001,46.1168039990001 12.0013670000001,46.1169889990001 12.0013510000001,46.1170089990001 12.0012580000001,46.1170109990001 12.0010120000001,46.117000999 12.0008560000001,46.1169669990001 12.0006750000001,46.1169409990001 12.000323,46.116954999 12.0000390000001,46.1170279990001 11.999855,46.117088999 11.9997450000001,46.1171259990001 11.9994830000001,46.1172319990001 11.9993190000001,46.117268999 11.9991380000001,46.1173029990001 11.9990280000001,46.117333999 11.9988250000001,46.117451999 11.9984040000001,46.117623999 11.9978150000001,46.117806999 11.997423,46.117897999 11.996727,46.117983999 11.9966030000001,46.1180039990001 11.9965120000001,46.1180249990001 11.996178,46.118126999 11.9958130000001,46.118186999 11.9956720000001,46.118170999 11.9954050000001,46.1182059990001 11.995329,46.1181549990001 11.995411,46.1179759990001 11.9954930000001,46.1177729990001 11.995551,46.1175709990001 11.99555,46.117329999 11.995508,46.117201999 11.995169,46.1165859990001 11.9950630000001,46.116566999 11.9948440000001,46.116587999 11.9945040000001,46.1166989990001 11.9942140000001,46.1167649990001 11.9939130000001,46.1168309990001 11.993882,46.116837999 11.993687,46.116909999 11.993431,46.1170259990001 11.993184,46.117126999 11.992958,46.117198999 11.99269,46.117285999 11.99242,46.1173509990001 11.9920990000001,46.1174179990001 11.991819,46.117467999 11.9913730000001,46.1174989990001 11.990975,46.1174779990001 11.9906970000001,46.1175689990001 11.9903400000001,46.1176619990001 11.9897980000001,46.1177049990001 11.989196,46.1177339990001 11.9887800000001,46.117870999 11.988346,46.118050999 11.9875200000001,46.1184089990001 11.987041,46.1184909990001 11.986476,46.118477999 11.9861330000001,46.1184729990001 11.98594,46.1186319990001 11.9857460000001,46.1187629990001 11.9850670000001,46.118864999 11.9848260000001,46.118884999 11.984184,46.1189439990001 11.983713,46.1187879990001 11.9832190000001,46.118590999 11.9826150000001,46.118253999 11.982352,46.1180149990001 11.982062,46.1177509990001 11.9820530000001,46.117741999 11.9818970000001,46.1173929990001 11.9817190000001,46.1171239990001 11.9813580000001,46.1166749990001 11.9809940000001,46.1162829990001 11.9809920000001,46.116279999 11.9807650000001,46.1159219990001 11.9806110000001,46.115625999 11.980557,46.115348999 11.9805450000001,46.115240999 11.9799560000001,46.114293999 11.9799410000001,46.1141749990001 11.979929,46.1140849990001 11.9799570000001,46.1139709990001 11.979999,46.1138049990001 11.98002,46.1137189990001 11.9800060000001,46.1134539990001 11.9800040000001,46.113123999 11.9800040000001,46.113122999 11.9799120000001,46.112830999 11.9799150000001,46.112827999 11.979974,46.112760999 11.980086,46.1126899990001 11.9802280000001,46.1126579990001 11.9803850000001,46.1126619990001 11.9807220000001,46.112692999 11.980895,46.1126889990001 11.9810850000001,46.1126679990001 11.9811930000001,46.1126409990001 11.981326,46.1125329990001 11.9814220000001,46.1124559990001 11.9815850000001,46.1123939990001 11.9818930000001,46.1123239990001 11.982248,46.1122829990001 11.982511,46.1122139990001 11.9827710000001,46.112083999 11.982892,46.1118329990001 11.9828630000001,46.111704999 11.982714,46.1116309990001 11.982604,46.1115879990001 11.9825930000001,46.1115839990001 11.9824110000001,46.1114969990001 11.982314,46.111412999 11.982249,46.111299999 11.9822100000001,46.111190999 11.982217,46.111071999 11.9822790000001,46.1109929990001 11.982559,46.1108339990001 11.9828620000001,46.1107029990001 11.9831780000001,46.1105899990001 11.983349,46.110465999 11.983462,46.110329999 11.9834960000001,46.110285999 11.983506,46.110283999 11.983527,46.1102789990001 11.9837170000001,46.110329999 11.9837840000001,46.110351999 11.9839900000001,46.1103269990001 11.9841650000001,46.110331999 11.9842570000001,46.110312999 11.984382,46.110246999 11.9845110000001,46.110174999 11.984586,46.1100109990001 11.98468,46.1099179990001 11.984722,46.1098079990001 11.9847100000001,46.109767999 11.984698,46.1097399990001 11.9847550000001,46.109721999 11.984884,46.109683999 11.985076,46.1095349990001 11.9851180000001,46.109480999 11.985147,46.109291999 11.9852770000001,46.1086289990001 11.9853420000001,46.108375999 11.985326,46.108060999 11.985126,46.1078269990001 11.9850710000001,46.107761999 11.985055,46.1077269990001 11.9851350000001,46.107589999 11.9849830000001,46.1074859990001 11.984812,46.1073999990001 11.984539,46.107247999 11.9840970000001,46.107000999 11.983843,46.1068589990001 11.9829950000001,46.1062279990001 11.9828690000001,46.106098999 11.9825920000001,46.1059059990001 11.982377,46.1057569990001 11.981952,46.105446999 11.981609,46.1052109990001 11.981324,46.1050469990001 11.98128,46.105020999 11.98094,46.1048469990001 11.980695,46.1048069990001 11.980644,46.1048109990001 11.98053,46.104818999 11.980438,46.1048109990001 11.979609,46.1047429990001 11.9796020000001,46.1047419990001 11.979382,46.104703999 11.978237,46.104546999 11.9774400000001,46.104341999 11.9771400000001,46.1042639990001 11.976573,46.1040669990001 11.9761720000001,46.1038629990001 11.9760600000001,46.103805999 11.9756160000001,46.103489999 11.9752500000001,46.103126999 11.9747110000001,46.1028729990001 11.9747090000001,46.1028729990001 11.9730910000001,46.102562999 11.971883,46.102492999 11.9702750000001,46.102636999 11.9697340000001,46.1029569990001 11.9694910000001,46.103351999 11.9693760000001,46.1039469990001 11.969367,46.1047359990001 11.9695320000001,46.1050769990001 11.969546,46.105104999 11.969618,46.105248999 11.9696670000001,46.105428999 11.969678,46.1056109990001 11.9696520000001,46.1057929990001 11.969661,46.1058409990001 11.9696650000001,46.1058609990001 11.9696930000001,46.1059269990001 11.96973,46.1059779990001 11.9697370000001,46.105988999 11.969752,46.1060029990001 11.969795,46.1060449990001 11.969835,46.106072999 11.969865,46.1060939990001 11.969884,46.106102999 11.9699450000001,46.1061339990001 11.9700070000001,46.1061549990001 11.9700340000001,46.106163999 11.9700540000001,46.106168999 11.970129,46.1061839990001 11.970227,46.106192999 11.9703260000001,46.106190999 11.970697,46.1062859990001 11.9709330000001,46.106345999 11.9713370000001,46.106569999 11.9717460000001,46.106797999 11.972163,46.107113999 11.9726870000001,46.1075539990001 11.9731350000001,46.108193999 11.973258,46.1086989990001 11.9732740000001,46.1087649990001 11.9732750000001,46.1087669990001 11.973312,46.109051999 11.973058,46.1091949990001 11.972648,46.109250999 11.972387,46.1092569990001 11.9721020000001,46.1092189990001 11.9721010000001,46.1092209990001 11.971931,46.109232999 11.9716950000001,46.1091789990001 11.9715620000001,46.1091489990001 11.971488,46.1091229990001 11.9711600000001,46.1090099990001 11.970875,46.108911999 11.9706620000001,46.1088539990001 11.9703710000001,46.108782999 11.9700990000001,46.108692999 11.970024,46.108643999 11.969813,46.108504999 11.969477,46.1083829990001 11.9694440000001,46.108370999 11.969075,46.108213999 11.968764,46.1081119990001 11.9686850000001,46.1080899990001 11.9685950000001,46.1080639990001 11.9683180000001,46.107986999 11.9681580000001,46.107943999 11.9679870000001,46.107896999 11.967651,46.1077989990001 11.9673790000001,46.107724999 11.967274,46.107695999 11.967272,46.107695999 11.96727,46.107694999 11.967029,46.107629999 11.9668840000001,46.107608999 11.9664090000001,46.107611999 11.9663430000001,46.107612999 11.9655260000001,46.1076589990001 11.9652980000001,46.107694999 11.9651210000001,46.107721999 11.964525,46.1078039990001 11.964342,46.107832999 11.96405,46.1079139990001 11.9637930000001,46.1079989990001 11.963713,46.1080479990001 11.9635690000001,46.1081349990001 11.9635660000001,46.1081389990001 11.9635280000001,46.1081859990001 11.963487,46.108235999 11.9634390000001,46.1082969990001 11.963268,46.1086599990001 11.9631220000001,46.1090859990001 11.963174,46.109202999 11.9632520000001,46.1093749990001 11.9635190000001,46.1097579990001 11.963598,46.1098709990001 11.963597,46.1099579990001 11.9635950000001,46.110080999 11.9635920000001,46.110214999 11.9635900000001,46.110311999 11.963578,46.110373999 11.963556,46.110488999 11.9635230000001,46.110689999 11.963423,46.1108609990001 11.963379,46.110936999 11.9633450000001,46.110982999 11.963265,46.1110919990001 11.96322,46.111166999 11.963285,46.111319999 11.963262,46.111321999 11.9632350000001,46.111323999 11.963018,46.111325999 11.9628520000001,46.111326999 11.961146,46.111342999 11.9600120000001,46.111236999 11.9597210000001,46.111209999 11.9595,46.1111959990001 11.95869,46.111142999 11.957857,46.1110459990001 11.957383,46.1108789990001 11.9573330000001,46.1108419990001 11.9567430000001,46.110399999 11.9563840000001,46.1100269990001 11.9559610000001,46.1098069990001 11.955655,46.1096469990001 11.955134,46.1094609990001 11.9549040000001,46.1093789990001 11.954749,46.1093779990001 11.953964,46.1093699990001 11.9532800000001,46.109451999 11.952507,46.109584999 11.9510980000001,46.1098879990001 11.951085,46.1098879990001 11.9509330000001,46.109901999 11.9507340000001,46.1099849990001 11.9505,46.1100519990001 11.950315,46.1100899990001 11.9501450000001,46.110147999 11.950044,46.1101579990001 11.9499720000001,46.110177999 11.949847,46.1102129990001 11.9497420000001,46.110241999 11.9496530000001,46.110266999 11.949399,46.1104599990001 11.9493140000001,46.110485999 11.9492080000001,46.110516999 11.949058,46.110629999 11.948996,46.1106629990001 11.948943,46.110691999 11.948673,46.1108379990001 11.948589,46.110917999 11.948514,46.1109559990001 11.948433,46.1109969990001 11.9483900000001,46.111032999 11.948378,46.1110429990001 11.948361,46.111054999 11.948313,46.1110849990001 11.9481740000001,46.1111529990001 11.948135,46.111166999 11.9481010000001,46.1111799990001 11.9478340000001,46.1114039990001 11.9477390000001,46.111456999 11.9476270000001,46.1115179990001 11.947615,46.1115309990001 11.9475400000001,46.1116099990001 11.9474460000001,46.111687999 11.947394,46.111726999 11.947239,46.1118259990001 11.9452900000001,46.1133099990001 11.9425600000001,46.115596999 11.941562,46.116433999 11.9413010000001,46.1166019990001 11.941134,46.116527999 11.9408110000001,46.116384999 11.940479,46.1163089990001 11.940214,46.1161129990001 11.9398380000001,46.1158779990001 11.939561,46.1156999990001 11.939178,46.1155659990001 11.938931,46.1154799990001 11.938703,46.115415999 11.937327,46.1153609990001 11.9372010000001,46.115378999 11.937083,46.1154559990001 11.9370450000001,46.115581999 11.937082,46.115668999 11.9373570000001,46.1158199990001 11.937443,46.1159489990001 11.937461,46.116114999 11.9374320000001,46.1163569990001 11.9374080000001,46.1164259990001 11.9372710000001,46.1168309990001 11.937218,46.117157999 11.937219,46.1171859990001 11.9372260000001,46.117511999 11.937237,46.117781999 11.93717,46.1177789990001 11.9368210000001,46.117760999 11.936589,46.1177099990001 11.936358,46.1176599990001 11.936252,46.117604999 11.936229,46.1175919990001 11.936179,46.117563999 11.9357670000001,46.117332999 11.935301,46.1171179990001 11.9349080000001,46.1168709990001 11.9348820000001,46.1168559990001 11.934877,46.1168529990001 11.9348190000001,46.116814999 11.934402,46.116541999 11.934128,46.1163359990001 11.934105,46.116318999 11.9337790000001,46.116048999 11.9337190000001,46.1159529990001 11.933707,46.1159469990001 11.9336500000001,46.115914999 11.9336210000001,46.1156849990001 11.9336020000001,46.115535999 11.933631,46.1150519990001 11.933541,46.114836999 11.9333270000001,46.114700999 11.933026,46.114585999 11.932798,46.114449999 11.932529,46.1140539990001 11.9324530000001,46.1138979990001 11.932439,46.113824999 11.932425,46.1137179990001 11.932416,46.1136489990001 11.932351,46.1135369990001 11.9323230000001,46.1134909990001 11.93213,46.1132969990001 11.931768,46.113074999 11.931612,46.1129949990001 11.9315030000001,46.1129379990001 11.931343,46.112851999 11.931109,46.1127269990001 11.9310530000001,46.1124989990001 11.9310140000001,46.112226999 11.9308,46.1121489990001 11.9304480000001,46.112108999 11.930169,46.1120809990001 11.930034,46.1121049990001 11.9299770000001,46.112108999 11.929899,46.112113999 11.929763,46.112107999 11.92963,46.112086999 11.929627,46.112086999 11.9295020000001,46.1120529990001 11.9294120000001,46.1120159990001 11.929384,46.1120039990001 11.9292760000001,46.1119459990001 11.929064,46.1118469990001 11.928907,46.111772999 11.9287210000001,46.1117139990001 11.9285110000001,46.1116469990001 11.9283340000001,46.111590999 11.9281760000001,46.1115419990001 11.9274820000001,46.1114439990001 11.927267,46.1114419990001 11.9261720000001,46.111432999 11.9259450000001,46.111368999 11.925576,46.1112659990001 11.925463,46.111165999 11.9251990000001,46.1109339990001 11.925018,46.110643999 11.9249300000001,46.110417999 11.9248680000001,46.110260999 11.924832,46.1102119990001 11.92483,46.1102099990001 11.924785,46.1101659990001 11.9247320000001,46.110126999 11.9247270000001,46.1101239990001 11.9246660000001,46.1100959990001 11.9246140000001,46.1100759990001 11.9245970000001,46.1100689990001 11.924567,46.110062999 11.924521,46.1100519990001 11.924476,46.1100479990001 11.9244430000001,46.1100449990001 11.924365,46.1100449990001 11.924138,46.1100499990001 11.9238710000001,46.1100119990001 11.9234670000001,46.109748999 11.9227950000001,46.1094239990001 11.9218510000001,46.1089479990001 11.921206,46.108487999 11.921048,46.1083429990001 11.920937,46.108239999 11.920439,46.107854999 11.9202970000001,46.1077709990001 11.920242,46.1077379990001 11.920214,46.107723999 11.920153,46.1076919990001 11.920146,46.1076819990001 11.9200920000001,46.1076019990001 11.920063,46.1074839990001 11.920035,46.107364999 11.9199850000001,46.1071519990001 11.9199610000001,46.107047999 11.919906,46.106612999 11.9198180000001,46.1061149990001 11.9197800000001,46.106035999 11.919924,46.1052299990001 11.9200970000001,46.1044499990001 11.920348,46.1034129990001 11.920507,46.1028289990001 11.920628,46.1029559990001 11.9209920000001,46.103217999 11.921547,46.103646999 11.9221440000001,46.1038989990001 11.9222140000001,46.1039439990001 11.922425,46.1040819990001 11.9223220000001,46.1042889990001 11.92224,46.104478999 11.9221250000001,46.104681999 11.921924,46.105022999 11.921572,46.105922999 11.921361,46.1066269990001 11.921342,46.1066939990001 11.9211780000001,46.107153999 11.921073,46.107449999 11.921253,46.107476999 11.9214210000001,46.1074789990001 11.9215850000001,46.1075339990001 11.921701,46.107567999 11.9218250000001,46.107565999 11.9219800000001,46.107567999 11.922176,46.107604999 11.9223050000001,46.1076029990001 11.922486,46.1075949990001 11.922654,46.107605999 11.9227960000001,46.1076029990001 11.922964,46.1075779990001 11.9231760000001,46.107537999 11.9235360000001,46.107477999 11.923682,46.1074129990001 11.9239890000001,46.107312999 11.924249,46.107357999 11.9246670000001,46.1072789990001 11.924828,46.107271999 11.92519,46.1072609990001 11.925513,46.107250999 11.9258080000001,46.107265999 11.926995,46.1072579990001 11.9272960000001,46.105762999 11.9273840000001,46.1052389990001 11.9274770000001,46.1052129990001 11.9277220000001,46.1051479990001 11.928167,46.1050299990001 11.9283810000001,46.1049679990001 11.9286510000001,46.1048899990001 11.928687,46.1048729990001 11.9287170000001,46.104857999 11.928841,46.104797999 11.9289620000001,46.1047379990001 11.9292570000001,46.1046219990001 11.9293660000001,46.104548999 11.9294570000001,46.1045129990001 11.9296380000001,46.1044429990001 11.9297540000001,46.1043749990001 11.9297780000001,46.1043609990001 11.929859,46.1043139990001 11.9298900000001,46.1043069990001 11.929942,46.104295999 11.929991,46.1042689990001 11.930012,46.1042589990001 11.930083,46.104206999 11.9301320000001,46.1041559990001 11.930143,46.1041339990001 11.9301590000001,46.104100999 11.9301770000001,46.104046999 11.9301770000001,46.103987999 11.930174,46.1039329990001 11.9301600000001,46.103896999 11.93015,46.103869999 11.9301390000001,46.1038309990001 11.9301340000001,46.1038139990001 11.9301380000001,46.103754999 11.9301140000001,46.1037009990001 11.9300930000001,46.103669999 11.930074,46.103642999 11.930056,46.103602999 11.930039,46.1035639990001 11.9300050000001,46.103510999 11.9300020000001,46.103505999 11.9299960000001,46.1034969990001 11.9299550000001,46.103438999 11.929783,46.1033369990001 11.9296420000001,46.103236999 11.9295220000001,46.103149999 11.92947,46.103056999 11.9294550000001,46.103036999 11.929404,46.1029649990001 11.92936,46.1029109990001 11.9293240000001,46.1028679990001 11.9292760000001,46.102830999 11.929204,46.1027739990001 11.92913,46.102659999 11.929061,46.1024449990001 11.928972,46.1021879990001 11.928996,46.1020599990001 11.9289920000001,46.102003999 11.9289850000001,46.101913999 11.928956,46.1018359990001 11.928934,46.101777999 11.9288500000001,46.1014919990001 11.928814,46.101370999 11.928731,46.101032999 11.9286920000001,46.100743999 11.92864,46.100673999 11.9286270000001,46.100655999 11.9285600000001,46.100557999 11.928552,46.1005239990001 11.9285340000001,46.100452999 11.9285150000001,46.100360999 11.928498,46.1002769990001 11.928528,46.1002099990001 11.928525,46.1001419990001 11.9285610000001,46.100001999 11.928523,46.0998539990001 11.9285370000001,46.099817999 11.928568,46.0997399990001 11.9286060000001,46.099634999 11.9286470000001,46.0995769990001 11.9286490000001,46.0995339990001 11.9286500000001,46.099503999 11.9286990000001,46.099388999 11.928705,46.099348999 11.9287190000001,46.099258999 11.9287220000001,46.099123999 11.928711,46.099051999 11.928733,46.0989299990001 11.928748,46.0988449990001 11.9287440000001,46.0987699990001 11.9287390000001,46.0987499990001 11.928726,46.098696999 11.9286890000001,46.098624999 11.928634,46.098559999 11.928567,46.0985009990001 11.928497,46.0984579990001 11.928486,46.0984509990001 11.9284660000001,46.098441999 11.9283960000001,46.0984109990001 11.928324,46.0983889990001 11.928296,46.098379999 11.927449,46.097832999 11.927013,46.097591999 11.9268900000001,46.097139999 11.927016,46.0967839990001 11.9271170000001,46.0964969990001 11.927196,46.0962929990001 11.9272080000001,46.096260999 11.9273470000001,46.095898999 11.927648,46.095558999 11.9279040000001,46.095270999 11.928148,46.0947389990001 11.928168,46.0946959990001 11.9285130000001,46.094412999 11.928952,46.0940599990001 11.929398,46.0938429990001 11.929849,46.093717999 11.9300180000001,46.0936779990001 11.930171,46.0936419990001 11.930331,46.093580999 11.930557,46.093494999 11.930935,46.0932139990001 11.93154,46.092924999 11.9318290000001,46.0928019990001 11.932012,46.0927629990001 11.9321840000001,46.092726999 11.932325,46.0926719990001 11.93244,46.0926279990001 11.932892,46.092455999 11.933027,46.0924439990001 11.9332160000001,46.0924259990001 11.933413,46.0924619990001 11.933545,46.0924859990001 11.933743,46.092501999 11.9340700000001,46.0924729990001 11.934219,46.0924279990001 11.934487,46.092346999 11.935458,46.092164999 11.9362570000001,46.0920159990001 11.9367,46.091871999 11.936972,46.091775999 11.9374920000001,46.0915919990001 11.9377680000001,46.091505999 11.938006,46.0914329990001 11.93807,46.091418999 11.938097,46.0914089990001 11.9381300000001,46.091395999 11.9381480000001,46.0913869990001 11.938182,46.0913689990001 11.938225,46.091334999 11.9382630000001,46.0912939990001 11.9382880000001,46.0912529990001 11.938298,46.0912229990001 11.9383030000001,46.0912079990001 11.9383100000001,46.0911609990001 11.9383060000001,46.0911389990001 11.938301,46.0911159990001 11.938293,46.0910919990001 11.9382850000001,46.0910709990001 11.9382610000001,46.0910309990001 11.9382590000001,46.0910269990001 11.9382200000001,46.090990999 11.9378120000001,46.090519999 11.937803,46.090271999 11.937797,46.0901209990001 11.9376310000001,46.0899229990001 11.9375460000001,46.0898069990001 11.9374530000001,46.0896789990001 11.937419,46.0896309990001 11.937154,46.089282999 11.9374500000001,46.089231999 11.937467,46.0892289990001 11.937463,46.089217999 11.9372540000001,46.088697999 11.937256,46.088631999 11.937259,46.088535999 11.937261,46.0884619990001 11.9372920000001,46.088338999 11.9373220000001,46.0881909990001 11.9373380000001,46.088084999 11.93737,46.0880259990001 11.9373660000001,46.087993999 11.9373610000001,46.0879449990001 11.9373400000001,46.087911999 11.937325,46.087903999 11.937287,46.087884999 11.9372030000001,46.087886999 11.9371180000001,46.087911999 11.937038,46.0879409990001 11.9370070000001,46.087951999 11.9369620000001,46.0879619990001 11.936942,46.0879629990001 11.9369130000001,46.0879659990001 11.9368270000001,46.087977999 11.9367770000001,46.0879899990001 11.936747,46.087996999 11.9367340000001,46.087999999 11.9367110000001,46.0880059990001 11.9366610000001,46.088018999 11.9365560000001,46.0880529990001 11.936518,46.088063999 11.936474,46.0880759990001 11.936428,46.088092999 11.9364140000001,46.0880979990001 11.936385,46.088107999 11.936337,46.0881239990001 11.9363040000001,46.088133999 11.936244,46.088152999 11.936179,46.0881729990001 11.9361230000001,46.0881909990001 11.936086,46.088201999 11.936044,46.0882139990001 11.935973,46.0882299990001 11.9359710000001,46.0882309990001 11.9359630000001,46.0882329990001 11.935892,46.0882539990001 11.935795,46.088294999 11.935757,46.088311999 11.9356280000001,46.0883699990001 11.9355210000001,46.0884129990001 11.9354000000001,46.0884609990001 11.935189,46.088536999 11.9350880000001,46.088562999 11.9350160000001,46.0885759990001 11.9349560000001,46.088586999 11.934564,46.0886589990001 11.9344980000001,46.0886679990001 11.9343920000001,46.0886829990001 11.934351,46.0886859990001 11.9343200000001,46.0886879990001 11.934197,46.088713999 11.9340760000001,46.0887329990001 11.934046,46.088737999 11.934013,46.088741999 11.933973,46.0887479990001 11.9339350000001,46.0887539990001 11.933901,46.088760999 11.9338670000001,46.088767999 11.9338300000001,46.0887769990001 11.933789,46.088785999 11.933748,46.0887939990001 11.933708,46.0888019990001 11.933618,46.0888179990001 11.933573,46.088827999 11.9335350000001,46.0888369990001 11.9334640000001,46.088850999 11.9334490000001,46.088854999 11.933415,46.0888639990001 11.9333820000001,46.0888679990001 11.933361,46.0888709990001 11.933304,46.0888619990001 11.9332870000001,46.088854999 11.9332430000001,46.0888369990001 11.933205,46.0888189990001 11.9331940000001,46.0888139990001 11.9331780000001,46.088809999 11.9331530000001,46.088804999 11.9331330000001,46.088803999 11.9331100000001,46.0888029990001 11.9330850000001,46.088789999 11.933073,46.088783999 11.933003,46.088743999 11.9329540000001,46.0887079990001 11.932936,46.088694999 11.93291,46.088675999 11.9328620000001,46.0886409990001 11.932826,46.0886229990001 11.932783,46.0886009990001 11.932708,46.088562999 11.9326150000001,46.0885079990001 11.932528,46.088466999 11.9324740000001,46.0884389990001 11.9324360000001,46.0884169990001 11.9324100000001,46.088401999 11.932376,46.088381999 11.9323630000001,46.0883739990001 11.932306,46.088356999 11.932261,46.088353999 11.9322490000001,46.0883529990001 11.932239,46.0883529990001 11.9321800000001,46.088353999 11.932146,46.088355999 11.9320990000001,46.088358999 11.932064,46.088360999 11.932036,46.088361999 11.932013,46.0883659990001 11.9319780000001,46.0883709990001 11.931944,46.088376999 11.9319170000001,46.088381999 11.9318650000001,46.088399999 11.931812,46.0884149990001 11.9317750000001,46.088424999 11.931703,46.0884419990001 11.931632,46.0884589990001 11.9315710000001,46.0884779990001 11.9315,46.088495999 11.9314150000001,46.088515999 11.931337,46.0885279990001 11.93129,46.088533999 11.931252,46.088538999 11.9311980000001,46.0885459990001 11.9311880000001,46.0885469990001 11.9311230000001,46.0885489990001 11.931088,46.0885459990001 11.9310590000001,46.0885439990001 11.931026,46.0885439990001 11.930983,46.0885439990001 11.9309430000001,46.0885439990001 11.930912,46.0885449990001 11.9308790000001,46.0885439990001 11.9308350000001,46.088541999 11.930799,46.088538999 11.9307670000001,46.088536999 11.93071,46.0885299990001 11.93062,46.088517999 11.9305590000001,46.088513999 11.9305410000001,46.088512999 11.9305230000001,46.0885109990001 11.930467,46.0885049990001 11.930439,46.0885049990001 11.9304010000001,46.0885049990001 11.9303400000001,46.0885109990001 11.930303,46.088513999 11.930276,46.088516999 11.9302500000001,46.0885229990001 11.930216,46.0885309990001 11.930186,46.088542999 11.9301610000001,46.0885529990001 11.930118,46.0885769990001 11.9299960000001,46.088625999 11.9299770000001,46.0886369990001 11.9299290000001,46.0886639990001 11.929904,46.0886789990001 11.929881,46.088692999 11.929855,46.0887069990001 11.929826,46.088721999 11.929764,46.0887479990001 11.9297300000001,46.088760999 11.929699,46.0887729990001 11.929655,46.0887939990001 11.9295940000001,46.0888189990001 11.9295270000001,46.0888469990001 11.92945,46.0888889990001 11.9294330000001,46.088895999 11.9293960000001,46.0889119990001 11.9293230000001,46.088940999 11.9292580000001,46.0889539990001 11.9291720000001,46.0889549990001 11.929131,46.0889519990001 11.929105,46.0889509990001 11.929071,46.088946999 11.9290320000001,46.088941999 11.928998,46.0889379990001 11.9289690000001,46.0889349990001 11.928842,46.0889139990001 11.9288030000001,46.0889089990001 11.928748,46.088902999 11.9287140000001,46.088896999 11.9286720000001,46.0888899990001 11.9286020000001,46.0888859990001 11.92853,46.088895999 11.928481,46.0889049990001 11.9284190000001,46.088916999 11.928388,46.0889279990001 11.928347,46.088941999 11.928317,46.0889509990001 11.928272,46.088963999 11.928205,46.088988999 11.928164,46.0890019990001 11.9281320000001,46.089011999 11.9280600000001,46.0890439990001 11.928008,46.089059999 11.9279480000001,46.089077999 11.927875,46.089103999 11.9277960000001,46.089127999 11.927733,46.089150999 11.927666,46.089165999 11.9276320000001,46.089170999 11.9276,46.0891749990001 11.9274580000001,46.0892069990001 11.9273260000001,46.089236999 11.9272790000001,46.0892489990001 11.927241,46.089259999 11.927197,46.0892899990001 11.9271860000001,46.089304999 11.9271680000001,46.089327999 11.927149,46.0893639990001 11.927135,46.0893789990001 11.9271210000001,46.089394999 11.9270980000001,46.0894279990001 11.9270950000001,46.089439999 11.9270910000001,46.089458999 11.927086,46.0894769990001 11.927083,46.089488999 11.9270770000001,46.0895169990001 11.9270530000001,46.089546999 11.9270520000001,46.089549999 11.927034,46.0895869990001 11.9269830000001,46.0896489990001 11.9269800000001,46.0896539990001 11.926925,46.089709999 11.926887,46.0897439990001 11.9268660000001,46.089756999 11.9268470000001,46.0897689990001 11.9268200000001,46.0897889990001 11.92679,46.0898119990001 11.926766,46.0898309990001 11.926748,46.089844999 11.9267110000001,46.0898749990001 11.9266720000001,46.089906999 11.926661,46.089914999 11.926632,46.089934999 11.9266010000001,46.089960999 11.926593,46.0899679990001 11.9265760000001,46.0899859990001 11.9265560000001,46.0900069990001 11.9265330000001,46.090027999 11.9265100000001,46.090048999 11.9264860000001,46.0900639990001 11.9264650000001,46.0900759990001 11.926381,46.090111999 11.9263720000001,46.090116999 11.926347,46.090132999 11.9263290000001,46.090137999 11.9263130000001,46.0901429990001 11.9262800000001,46.0901539990001 11.9262140000001,46.0901669990001 11.9261970000001,46.0901719990001 11.9261680000001,46.090180999 11.926134,46.0901929990001 11.9261260000001,46.0901979990001 11.926092,46.0902159990001 11.926067,46.090247999 11.9260380000001,46.090275999 11.926004,46.090291999 11.9259930000001,46.090296999 11.9259480000001,46.090312999 11.9258830000001,46.0903289990001 11.9258130000001,46.0903459990001 11.925752,46.090358999 11.9257210000001,46.090360999 11.9256800000001,46.090362999 11.9256080000001,46.0903479990001 11.925559,46.090334999 11.9255230000001,46.0903319990001 11.9255010000001,46.0903299990001 11.925435,46.090334999 11.925423,46.090335999 11.9253620000001,46.090338999 11.9252980000001,46.090320999 11.9252270000001,46.090316999 11.9252240000001,46.090316999 11.9251600000001,46.0903319990001 11.925145,46.090339999 11.9251190000001,46.0903519990001 11.9250940000001,46.0903709990001 11.925085,46.0903779990001 11.925082,46.090380999 11.9250650000001,46.0903979990001 11.9250490000001,46.090409999 11.925033,46.0904209990001 11.925016,46.090427999 11.92499,46.0904369990001 11.9249300000001,46.090455999 11.924878,46.090478999 11.924809,46.090498999 11.92479,46.0905059990001 11.9247520000001,46.090520999 11.9247320000001,46.0905299990001 11.9247140000001,46.0905369990001 11.9246890000001,46.090540999 11.9246630000001,46.090543999 11.9246380000001,46.0905569990001 11.924629,46.090560999 11.9246170000001,46.090588999 11.9246140000001,46.0906229990001 11.9245920000001,46.0906479990001 11.9245690000001,46.090673999 11.9245310000001,46.0906829990001 11.9244830000001,46.0906859990001 11.924447,46.0906879990001 11.9244170000001,46.0906909990001 11.924386,46.0906909990001 11.924343,46.0906909990001 11.924298,46.090681999 11.924275,46.090677999 11.9242560000001,46.0906709990001 11.924222,46.090658999 11.924185,46.0906389990001 11.9241690000001,46.090629999 11.924158,46.0906249990001 11.924117,46.090605999 11.924087,46.0905989990001 11.924065,46.0905939990001 11.924002,46.0905799990001 11.9239860000001,46.0905739990001 11.9239400000001,46.0905569990001 11.923883,46.0905519990001 11.923861,46.090560999 11.9238290000001,46.0905729990001 11.923795,46.090591999 11.9237650000001,46.090604999 11.9237400000001,46.0906269990001 11.9237190000001,46.090652999 11.9236970000001,46.0906839990001 11.923665,46.0907069990001 11.9236240000001,46.0907379990001 11.9235660000001,46.090787999 11.9235110000001,46.090832999 11.9234510000001,46.090855999 11.9234030000001,46.0908689990001 11.923343,46.0908859990001 11.923276,46.0909129990001 11.9232660000001,46.0909169990001 11.92323,46.0909319990001 11.923194,46.0909529990001 11.923145,46.0909789990001 11.9231090000001,46.0909979990001 11.9230900000001,46.0910079990001 11.923054,46.091018999 11.9230250000001,46.0910269990001 11.922968,46.0910259990001 11.9229280000001,46.091010999 11.922846,46.0910099990001 11.9228420000001,46.0910099990001 11.9227780000001,46.091016999 11.922767,46.091018999 11.922712,46.0910249990001 11.9226780000001,46.0910319990001 11.9226360000001,46.091039999 11.9225890000001,46.0910429990001 11.922554,46.0910459990001 11.922447,46.0910659990001 11.9223910000001,46.0910739990001 11.922317,46.091083999 11.922283,46.091085999 11.9222560000001,46.0910879990001 11.922227,46.091086999 11.9221880000001,46.091086999 11.9220750000001,46.0910529990001 11.922045,46.0910459990001 11.922,46.091033999 11.921951,46.0910269990001 11.9219400000001,46.0910249990001 11.9218680000001,46.091038999 11.9218470000001,46.0910319990001 11.921811,46.0910209990001 11.921788,46.091016999 11.921752,46.0910099990001 11.921699,46.090989999 11.92168,46.0909829990001 11.9216460000001,46.090969999 11.9215840000001,46.090951999 11.9215310000001,46.090928999 11.9214230000001,46.0908689990001 11.9213540000001,46.0908409990001 11.9213040000001,46.090811999 11.9212890000001,46.0908049990001 11.9212410000001,46.090785999 11.92121,46.0907829990001 11.921191,46.0907819990001 11.921186,46.0907819990001 11.921166,46.090784999 11.921141,46.090788999 11.921116,46.0907989990001 11.921094,46.090807999 11.9210590000001,46.0908229990001 11.921033,46.0908269990001 11.921002,46.090830999 11.920965,46.090833999 11.920936,46.090836999 11.920866,46.0908479990001 11.9207970000001,46.090861999 11.920733,46.0908649990001 11.9207000000001,46.0908649990001 11.9206580000001,46.0908639990001 11.920599,46.090859999 11.9205630000001,46.090852999 11.9205400000001,46.0908479990001 11.9204800000001,46.090835999 11.92046,46.090831999 11.920418,46.0908229990001 11.9203360000001,46.0907999990001 11.9202770000001,46.090792999 11.920236,46.090787999 11.9201650000001,46.0907829990001 11.9201390000001,46.0907809990001 11.920106,46.0907789990001 11.920103,46.0907789990001 11.9200990000001,46.0907739990001 11.919772,46.0905969990001 11.9197290000001,46.0905769990001 11.919559,46.090498999 11.9193690000001,46.0904689990001 11.919177,46.090404999 11.919065,46.0903329990001 11.91891,46.090231999 11.918749,46.0901319990001 11.9186330000001,46.0900599990001 11.918456,46.0899929990001 11.9183100000001,46.089936999 11.9180470000001,46.089840999 11.91781,46.0896739990001 11.9177940000001,46.089663999 11.917625,46.089554999 11.9175230000001,46.0894459990001 11.917465,46.0894289990001 11.9174820000001,46.0894039990001 11.9174150000001,46.0893319990001 11.91729,46.089217999 11.9171660000001,46.0891109990001 11.9170570000001,46.0890919990001 11.916995,46.089080999 11.9168740000001,46.089214999 11.9168470000001,46.0892439990001 11.916771,46.089327999 11.9166660000001,46.089413999 11.9165390000001,46.089443999 11.9164460000001,46.0893849990001 11.9163330000001,46.0892979990001 11.9160810000001,46.0890699990001 11.916073,46.0890629990001 11.916073,46.0890619990001 11.916072,46.0890619990001 11.9153660000001,46.0887919990001 11.914923,46.088677999 11.914611,46.0885539990001 11.9145110000001,46.088513999 11.9141470000001,46.0883059990001 11.913937,46.0881419990001 11.9138320000001,46.0880599990001 11.9135840000001,46.087777999 11.913573,46.087753999 11.913572,46.087751999 11.913578,46.087749999 11.913581,46.087747999 11.913575,46.0876959990001 11.913595,46.0875809990001 11.913617,46.0874219990001 11.9136120000001,46.0873329990001 11.9136070000001,46.087235999 11.9136090000001,46.0872019990001 11.9136120000001,46.087145999 11.9136360000001,46.087034999 11.9136270000001,46.086981999 11.913622,46.0869529990001 11.9136070000001,46.0868569990001 11.9136090000001,46.086718999 11.9135420000001,46.086561999 11.9134950000001,46.0864139990001 11.9134700000001,46.086335999 11.9134470000001,46.086244999 11.9134320000001,46.0861849990001 11.9134250000001,46.0861659990001 11.91342,46.086152999 11.913353,46.0859869990001 11.913326,46.085863999 11.9133410000001,46.0858299990001 11.9133180000001,46.0857409990001 11.913278,46.085588999 11.9130480000001,46.0854039990001 11.912969,46.085362999 11.9126230000001,46.085183999 11.9125050000001,46.085070999 11.912381,46.084842999 11.9123730000001,46.084689999 11.912467,46.0843409990001 11.912474,46.0841819990001 11.9124790000001,46.0840709990001 11.912469,46.083877999 11.9123230000001,46.0837289990001 11.9123240000001,46.0837279990001 11.9123210000001,46.0837269990001 11.911891,46.0835099990001 11.9114890000001,46.0833519990001 11.910991,46.083110999 11.910648,46.082929999 11.9101870000001,46.082793999 11.909902,46.082569999 11.9093990000001,46.0822239990001 11.9089260000001,46.081877999 11.9085420000001,46.081486999 11.90828,46.0811139990001 11.907965,46.0808899990001 11.90759,46.0806669990001 11.9072800000001,46.080548999 11.906847,46.080369999 11.907067,46.079942999 11.907367,46.079892999 11.9077560000001,46.079798999 11.9082330000001,46.0796389990001 11.9084300000001,46.0795229990001 11.9082980000001,46.0794149990001 11.9082790000001,46.0794139990001 11.908263,46.0794129990001 11.908243,46.0794089990001 11.9082050000001,46.0794029990001 11.908174,46.079393999 11.908151,46.0793879990001 11.9081,46.0793659990001 11.9080970000001,46.0793649990001 11.908061,46.0793469990001 11.9080010000001,46.079302999 11.9079570000001,46.079260999 11.9078940000001,46.0792039990001 11.9078720000001,46.0791849990001 11.90784,46.0791589990001 11.907808,46.0791359990001 11.9077790000001,46.079125999 11.9077570000001,46.0791189990001 11.907719,46.079105999 11.907674,46.0790969990001 11.907658,46.0790929990001 11.90761,46.079079999 11.9075300000001,46.079058999 11.907495,46.0790489990001 11.907449,46.079033999 11.907407,46.079017999 11.907364,46.0790009990001 11.907337,46.078987999 11.907318,46.0789789990001 11.9072830000001,46.0789539990001 11.9071940000001,46.0788969990001 11.9071680000001,46.078881999 11.9071500000001,46.0788729990001 11.907092,46.0788499990001 11.9070600000001,46.078837999 11.90705,46.078831999 11.9069920000001,46.0787979990001 11.906952,46.078764999 11.906862,46.078699999 11.9068310000001,46.078674999 11.906754,46.078613999 11.906736,46.0785999990001 11.906727,46.0785929990001 11.9066740000001,46.078560999 11.906615,46.0785299990001 11.906569,46.0785099990001 11.906534,46.078493999 11.9064960000001,46.0784839990001 11.9064720000001,46.078476999 11.906415,46.078470999 11.9063360000001,46.0784689990001 11.906278,46.0784669990001 11.90619,46.0784619990001 11.906142,46.0784469990001 11.9060210000001,46.078410999 11.9058910000001,46.078384999 11.905853,46.0783769990001 11.905828,46.0783719990001 11.905742,46.0783549990001 11.905611,46.078291999 11.905427,46.0782399990001 11.9053010000001,46.078204999 11.9051880000001,46.0781889990001 11.9048930000001,46.0781499990001 11.9044860000001,46.077976999 11.904205,46.077914999 11.9040460000001,46.077915999 11.9038380000001,46.0779179990001 11.90351,46.077890999 11.903311,46.0778759990001 11.903134,46.0778839990001 11.902994,46.077890999 11.9028290000001,46.077870999 11.902546,46.0778379990001 11.9022870000001,46.077797999 11.902275,46.077795999 11.9022590000001,46.0777939990001 11.902092,46.0777669990001 11.9020160000001,46.077756999 11.9019720000001,46.077750999 11.9019430000001,46.0777419990001 11.901869,46.0777189990001 11.901693,46.077668999 11.90164,46.077659999 11.901618,46.0776569990001 11.9014710000001,46.0776299990001 11.9013400000001,46.077592999 11.9012020000001,46.0775419990001 11.9010030000001,46.077508999 11.9008670000001,46.0774959990001 11.9007490000001,46.0774729990001 11.9007100000001,46.077464999 11.9006360000001,46.077487999 11.9005530000001,46.0775209990001 11.900517,46.0775689990001 11.9005090000001,46.0775809990001 11.9004880000001,46.077644999 11.900492,46.0776799990001 11.900495,46.0777039990001 11.900512,46.077773999 11.900515,46.0778279990001 11.9005290000001,46.077891999 11.9005320000001,46.077954999 11.9005550000001,46.0780069990001 11.900582,46.0780789990001 11.9006000000001,46.0781089990001 11.9006160000001,46.078136999 11.900652,46.078185999 11.900672,46.0782399990001 11.9007060000001,46.078292999 11.9007560000001,46.078343999 11.900762,46.0783709990001 11.900769,46.0783979990001 11.9007950000001,46.078426999 11.900833,46.0784689990001 11.900901,46.078521999 11.900926,46.0785499990001 11.900944,46.0785699990001 11.900992,46.0786169990001 11.900994,46.0786179990001 11.9010020000001,46.078627999 11.901037,46.078673999 11.9011110000001,46.078721999 11.901149,46.078767999 11.9011580000001,46.0787789990001 11.901219,46.078831999 11.9012690000001,46.0788849990001 11.9012730000001,46.078969999 11.9012220000001,46.079017999 11.901193,46.0790449990001 11.901104,46.079107999 11.901075,46.079127999 11.9009790000001,46.079175999 11.9009510000001,46.079289999 11.901009,46.0794269990001 11.901101,46.079488999 11.9011100000001,46.0794999990001 11.901151,46.079553999 11.901165,46.0796089990001 11.9011860000001,46.079691999 11.9011780000001,46.0797209990001 11.901166,46.0797699990001 11.90115,46.0798119990001 11.90113,46.0798609990001 11.9010660000001,46.079937999 11.9010420000001,46.080005999 11.9010220000001,46.0800619990001 11.901008,46.0801349990001 11.9009980000001,46.080186999 11.9009600000001,46.0803059990001 11.900922,46.0804159990001 11.900925,46.0804699990001 11.9008640000001,46.0806009990001 11.900838,46.0807599990001 11.900833,46.0808549990001 11.9008440000001,46.080949999 11.9008460000001,46.080974999 11.9008190000001,46.081109999 11.9008170000001,46.0811409990001 11.90081,46.0812589990001 11.9008010000001,46.081352999 11.9007990000001,46.0813719990001 11.900793,46.081447999 11.900785,46.081493999 11.900517,46.081605999 11.9001910000001,46.081740999 11.899666,46.081810999 11.8995150000001,46.081779999 11.899457,46.0817669990001 11.899367,46.0817269990001 11.8992240000001,46.0816599990001 11.899164,46.081606999 11.8991580000001,46.081602999 11.8990900000001,46.081558999 11.899035,46.081539999 11.8990210000001,46.081534999 11.898986,46.081533999 11.898936,46.081532999 11.898868,46.0815289990001 11.898824,46.0815259990001 11.89878,46.081531999 11.8986150000001,46.0815249990001 11.898396,46.081515999 11.897701,46.081647999 11.8976940000001,46.081648999 11.8976920000001,46.081649999 11.8969460000001,46.081785999 11.8969020000001,46.0817969990001 11.8969010000001,46.0817969990001 11.896618,46.0817549990001 11.896348,46.081467999 11.8959110000001,46.0811679990001 11.8956930000001,46.081044999 11.895516,46.081018999 11.8952850000001,46.0809569990001 11.895072,46.0809199990001 11.894819,46.080797999 11.8945220000001,46.080658999 11.8943330000001,46.080564999 11.8940270000001,46.0804389990001 11.893626,46.080340999 11.8936400000001,46.080272999 11.893672,46.0801509990001 11.893673,46.080091999 11.893672,46.080046999 11.893675,46.080001999 11.8936830000001,46.079961999 11.893694,46.0799259990001 11.893713,46.0798539990001 11.8937330000001,46.079781999 11.893736,46.079730999 11.8937290000001,46.0797019990001 11.8937330000001,46.079669999 11.893745,46.0796329990001 11.893766,46.079574999 11.893807,46.079507999 11.893833,46.079460999 11.893848,46.0794299990001 11.893858,46.0794069990001 11.8938600000001,46.0793869990001 11.893854,46.079372999 11.89383,46.079349999 11.8938160000001,46.0793369990001 11.893759,46.079288999 11.8937310000001,46.079264999 11.89372,46.0792559990001 11.893701,46.0792329990001 11.893696,46.0792079990001 11.8937040000001,46.0791659990001 11.893719,46.0791349990001 11.89374,46.0790939990001 11.893768,46.0790479990001 11.8937950000001,46.0790039990001 11.89385,46.0789169990001 11.8938650000001,46.0788669990001 11.8938860000001,46.0788239990001 11.8938850000001,46.078791999 11.893872,46.0787319990001 11.8938410000001,46.078676999 11.8938150000001,46.0786199990001 11.8938000000001,46.0785769990001 11.8937940000001,46.0785309990001 11.8937960000001,46.0784879990001 11.893805,46.078447999 11.8938380000001,46.078379999 11.893872,46.0783259990001 11.893926,46.0782629990001 11.8939520000001,46.0782189990001 11.893983,46.078163999 11.893993,46.0781419990001 11.89399,46.077979999 11.894032,46.0779649990001 11.894032,46.078049999 11.894058,46.0780599990001 11.894076,46.078048999 11.8941090000001,46.0780139990001 11.8941350000001,46.0779739990001 11.894174,46.077911999 11.8941980000001,46.077863999 11.89424,46.0778059990001 11.8942740000001,46.0777599990001 11.894305,46.0777219990001 11.8943550000001,46.077645999 11.8943590000001,46.0776289990001 11.8943630000001,46.077592999 11.8943770000001,46.077549999 11.894394,46.077505999 11.8944260000001,46.077464999 11.89446,46.0774299990001 11.8944900000001,46.077392999 11.8945160000001,46.0773559990001 11.894529,46.0773209990001 11.894534,46.077283999 11.8945380000001,46.0772449990001 11.894546,46.0772029990001 11.8945620000001,46.0771579990001 11.8946550000001,46.077052999 11.8946920000001,46.077007999 11.8947170000001,46.0769719990001 11.894732,46.076940999 11.8947470000001,46.076893999 11.8947420000001,46.0768259990001 11.8947460000001,46.0767569990001 11.894757,46.0766869990001 11.894781,46.0766339990001 11.894803,46.0765499990001 11.8948070000001,46.0764789990001 11.8948,46.0763979990001 11.8948110000001,46.076339999 11.894838,46.0762749990001 11.894871,46.076222999 11.8949050000001,46.076174999 11.8949480000001,46.0761239990001 11.8950130000001,46.0760359990001 11.895046,46.0759809990001 11.8950820000001,46.0759389990001 11.8951200000001,46.0758919990001 11.895155,46.075862999 11.8951890000001,46.0758349990001 11.8952370000001,46.0757889990001 11.8952790000001,46.075748999 11.89529,46.0756919990001 11.895319,46.0756279990001 11.8953460000001,46.075569999 11.895358,46.0755319990001 11.8953680000001,46.075505999 11.8953710000001,46.075498999 11.8952170000001,46.075481999 11.8951950000001,46.075478999 11.8950530000001,46.075386999 11.894847,46.0752889990001 11.894757,46.0751959990001 11.894594,46.075096999 11.894212,46.075069999 11.893611,46.0751069990001 11.8931400000001,46.075206999 11.892845,46.0752219990001 11.892234,46.075259999 11.892116,46.0752189990001 11.891596,46.074981999 11.8912800000001,46.0747979990001 11.8910050000001,46.0745919990001 11.8906680000001,46.074423999 11.890316,46.0741609990001 11.889982,46.0738309990001 11.8896750000001,46.073631999 11.889595,46.073585999 11.8892070000001,46.073364999 11.8888940000001,46.073246999 11.8887310000001,46.073162999 11.888559,46.0731009990001 11.888404,46.0729649990001 11.888071,46.072863999 11.8876520000001,46.072733999 11.887351,46.072638999 11.8869730000001,46.072486999 11.8868200000001,46.072394999 11.8865680000001,46.0722319990001 11.886221,46.071857999 11.8858900000001,46.0716019990001 11.8863260000001,46.0715689990001 11.886872,46.0715769990001 11.8871750000001,46.071589999 11.887387,46.071584999 11.8877160000001,46.071491999 11.8880730000001,46.071377999 11.88831,46.071265999 11.888632,46.071046999 11.888677,46.0710129990001 11.8891160000001,46.070816999 11.8892730000001,46.0707649990001 11.8898150000001,46.070640999 11.890432,46.0705179990001 11.8907120000001,46.070434999 11.890864,46.070326999 11.8908650000001,46.070325999 11.890946,46.070188999 11.890954,46.0700879990001 11.8909570000001,46.070034999 11.890883,46.069897999 11.890881,46.069894999 11.8907760000001,46.0697499990001 11.890722,46.069627999 11.8907100000001,46.069601999 11.890659,46.0693909990001 11.8905280000001,46.0692949990001 11.890433,46.069225999 11.8903050000001,46.0691629990001 11.890024,46.069021999 11.8899220000001,46.0689889990001 11.8898840000001,46.0690099990001 11.8897240000001,46.0690119990001 11.889415,46.069039999 11.88917,46.0690769990001 11.8890020000001,46.0690989990001 11.8888690000001,46.0691159990001 11.8887530000001,46.069133999 11.8885270000001,46.0691669990001 11.888401,46.069171999 11.8883000000001,46.069178999 11.8881880000001,46.0691859990001 11.8880760000001,46.0691859990001 11.887861,46.0691589990001 11.8877840000001,46.0691439990001 11.8876500000001,46.0691189990001 11.887348,46.0690489990001 11.887274,46.0690269990001 11.8872010000001,46.0690039990001 11.887055,46.0690039990001 11.8868640000001,46.0689869990001 11.8866350000001,46.0688529990001 11.8862510000001,46.0686529990001 11.8859620000001,46.0685799990001 11.885068,46.0683529990001 11.8838720000001,46.0680879990001 11.8833280000001,46.068075999 11.882979,46.068076999 11.8826770000001,46.068165999 11.882555,46.068209999 11.882412,46.0683739990001 11.882283,46.0685579990001 11.882282,46.0685579990001 11.88228,46.0685599990001 11.8819990000001,46.069172999 11.8817570000001,46.0697009990001 11.8815020000001,46.070034999 11.881268,46.070342999 11.8811630000001,46.0704689990001 11.881109,46.0705349990001 11.8811030000001,46.0705419990001 11.881108,46.0705579990001 11.8811180000001,46.070595999 11.881133,46.0706249990001 11.8812060000001,46.0707679990001 11.881264,46.070951999 11.881294,46.071048999 11.881308,46.071204999 11.8812520000001,46.0712809990001 11.8812290000001,46.071312999 11.88115,46.0714189990001 11.881132,46.0714419990001 11.8811170000001,46.071471999 11.8810570000001,46.071586999 11.8810770000001,46.0716379990001 11.8811030000001,46.0717029990001 11.8811040000001,46.0717049990001 11.8811180000001,46.0718029990001 11.881113,46.071813999 11.8810710000001,46.0719149990001 11.881088,46.072077999 11.8811230000001,46.0721599990001 11.881109,46.0722439990001 11.8811030000001,46.072280999 11.8810710000001,46.072306999 11.880955,46.0724039990001 11.880727,46.0725209990001 11.880526,46.0726549990001 11.880452,46.072692999 11.880384,46.072728999 11.8803060000001,46.072775999 11.8802220000001,46.072824999 11.880093,46.0729189990001 11.880051,46.0729499990001 11.879889,46.0730579990001 11.879896,46.0730779990001 11.879897,46.0730809990001 11.8798420000001,46.073089999 11.879847,46.0731759990001 11.879983,46.073320999 11.8801050000001,46.073450999 11.880236,46.0735749990001 11.880159,46.0736489990001 11.880101,46.073651999 11.879961,46.073658999 11.879742,46.0736739990001 11.879581,46.073703999 11.8794780000001,46.0738289990001 11.8794760000001,46.073833999 11.8794070000001,46.073995999 11.8793930000001,46.0740309990001 11.8793900000001,46.0740299990001 11.879328,46.0740699990001 11.879286,46.0740969990001 11.8792320000001,46.0741849990001 11.879259,46.074286999 11.879486,46.0744089990001 11.8795260000001,46.0744329990001 11.8797280000001,46.0745509990001 11.8797430000001,46.0746839990001 11.8797050000001,46.0747709990001 11.8796840000001,46.0748179990001 11.8796810000001,46.0748189990001 11.879561,46.0748569990001 11.879488,46.074868999 11.8794070000001,46.074870999 11.8793180000001,46.0748629990001 11.879214,46.0748349990001 11.87913,46.0747659990001 11.879036,46.074803999 11.878996,46.0748869990001 11.878972,46.0749079990001 11.878905,46.074965999 11.8787540000001,46.0750359990001 11.878684,46.075096999 11.8786630000001,46.075114999 11.878567,46.075117999 11.878451,46.075140999 11.8784170000001,46.0751929990001 11.878338,46.0752259990001 11.8782380000001,46.0752659990001 11.878187,46.0752859990001 11.878181,46.075303999 11.8781680000001,46.075347999 11.8780540000001,46.0754269990001 11.8779670000001,46.075439999 11.8779230000001,46.0754459990001 11.877751,46.075521999 11.8776140000001,46.0755869990001 11.877529,46.0756319990001 11.8774930000001,46.0756509990001 11.8772920000001,46.0756989990001 11.8772750000001,46.075702999 11.877265,46.075707999 11.877189,46.0757449990001 11.8770670000001,46.0758049990001 11.8770410000001,46.0758299990001 11.876986,46.075881999 11.876927,46.0759369990001 11.8769090000001,46.0760259990001 11.8767090000001,46.076331999 11.8765270000001,46.076427999 11.8764810000001,46.0764759990001 11.876332,46.0766369990001 11.876089,46.0767809990001 11.875711,46.0770009990001 11.875454,46.077149999 11.874914,46.0773409990001 11.8745740000001,46.0774709990001 11.874422,46.0775809990001 11.8741630000001,46.0777679990001 11.874019,46.0779259990001 11.8738920000001,46.0781519990001 11.873863,46.0784139990001 11.8738720000001,46.078587999 11.8739360000001,46.078740999 11.87393,46.078771999 11.873878,46.0787829990001 11.8737860000001,46.078694999 11.8736430000001,46.0784609990001 11.873588,46.078381999 11.873337,46.078296999 11.873225,46.0782189990001 11.8731470000001,46.0781249990001 11.8731260000001,46.078004999 11.8731920000001,46.0778769990001 11.873234,46.077708999 11.873204,46.0775389990001 11.873115,46.077393999 11.873045,46.077279999 11.8730360000001,46.077098999 11.8731460000001,46.0769369990001 11.8731290000001,46.0768409990001 11.873139,46.0766849990001 11.873162,46.0765209990001 11.8731730000001,46.076317999 11.87318,46.076092999 11.873234,46.0758309990001 11.873234,46.0758239990001 11.8732660000001,46.0757429990001 11.8733120000001,46.075680999 11.873368,46.0756079990001 11.873382,46.075592999 11.873451,46.075520999 11.873481,46.075457999 11.8734900000001,46.0753609990001 11.873496,46.0753359990001 11.8734870000001,46.0752699990001 11.8734490000001,46.075232999 11.873435,46.0752189990001 11.8733500000001,46.0751779990001 11.8732900000001,46.0751539990001 11.8732200000001,46.0751119990001 11.873098,46.0750889990001 11.872875,46.075097999 11.8728110000001,46.0751049990001 11.8726,46.0751349990001 11.8724310000001,46.075121999 11.872175,46.075101999 11.871995,46.0751299990001 11.8717740000001,46.0751589990001 11.8716620000001,46.0751509990001 11.8716390000001,46.0751509990001 11.871608,46.075142999 11.871587,46.0751259990001 11.871563,46.075118999 11.8715760000001,46.0751079990001 11.871566,46.075070999 11.8715780000001,46.0750229990001 11.8716000000001,46.0749749990001 11.8716850000001,46.074756999 11.871695,46.074716999 11.8717110000001,46.074646999 11.8717950000001,46.0745739990001 11.8718180000001,46.074553999 11.871806,46.074507999 11.871719,46.0743209990001 11.8716700000001,46.0742319990001 11.8716190000001,46.0741389990001 11.871608,46.074108999 11.8716000000001,46.074088999 11.8715570000001,46.0739319990001 11.871523,46.073877999 11.871432,46.0737319990001 11.8713950000001,46.073676999 11.871363,46.073655999 11.871272,46.0735959990001 11.871111,46.0735079990001 11.871092,46.073501999 11.871072,46.073494999 11.8708970000001,46.0734389990001 11.8708810000001,46.073428999 11.8708530000001,46.073412999 11.8707010000001,46.073321999 11.870527,46.0732159990001 11.8704460000001,46.0731239990001 11.870412,46.0730569990001 11.87041,46.0730539990001 11.870303,46.072889999 11.870143,46.0727609990001 11.870033,46.072714999 11.869946,46.0726789990001 11.8699350000001,46.0726759990001 11.869923,46.0726739990001 11.8698670000001,46.0726499990001 11.8698630000001,46.072638999 11.869858,46.072621999 11.869854,46.0726109990001 11.869879,46.072553999 11.869938,46.072509999 11.86996,46.0724939990001 11.8700390000001,46.0724089990001 11.8701350000001,46.072303999 11.870148,46.0722909990001 11.870263,46.0721759990001 11.8703550000001,46.0719769990001 11.870392,46.0718619990001 11.8704090000001,46.071809999 11.8704500000001,46.071670999 11.870529,46.0714609990001 11.8705400000001,46.071429999 11.8705440000001,46.071310999 11.870551,46.0712609990001 11.870571,46.0711219990001 11.8705570000001,46.0710799990001 11.8705160000001,46.0709639990001 11.8704990000001,46.070865999 11.870484,46.0707829990001 11.8704770000001,46.0706999990001 11.870466,46.0705819990001 11.8705390000001,46.070457999 11.870617,46.0702879990001 11.870623,46.070274999 11.870641,46.0701289990001 11.870644,46.0700839990001 11.8706480000001,46.070008999 11.8706480000001,46.070006999 11.8706490000001,46.0699989990001 11.8705670000001,46.069920999 11.8704910000001,46.069847999 11.870329,46.0696619990001 11.8699290000001,46.0694129990001 11.8688560000001,46.068813999 11.8686440000001,46.0686659990001 11.868545,46.0685609990001 11.868519,46.068450999 11.868476,46.0683579990001 11.86846,46.068323999 11.868408,46.068207999 11.8683140000001,46.0681279990001 11.8681510000001,46.0680219990001 11.868027,46.067935999 11.867893,46.067829999 11.8677030000001,46.0677019990001 11.8675420000001,46.0676139990001 11.8674330000001,46.067551999 11.8673630000001,46.0675009990001 11.8672700000001,46.067469999 11.8671390000001,46.067467999 11.867078,46.067465999 11.866946,46.067463999 11.866839,46.0674529990001 11.866723,46.0674309990001 11.866583,46.0673669990001 11.866475,46.067304999 11.86639,46.0672449990001 11.8663260000001,46.067198999 11.866227,46.0671109990001 11.866121,46.067013999 11.8659740000001,46.066903999 11.8658830000001,46.066835999 11.8658120000001,46.0667569990001 11.8657430000001,46.066656999 11.8655830000001,46.066424999 11.8654760000001,46.066271999 11.8654240000001,46.0661899990001 11.865396,46.0661269990001 11.865375,46.066073999 11.86537,46.066069999 11.8653370000001,46.066001999 11.865309,46.065958999 11.8652070000001,46.065801999 11.8651100000001,46.065642999 11.865055,46.0655359990001 11.8650260000001,46.0654069990001 11.8649980000001,46.0653139990001 11.86495,46.0652279990001 11.8648700000001,46.065125999 11.864856,46.0651079990001 11.8647040000001,46.0651319990001 11.864376,46.0651829990001 11.8641010000001,46.065209999 11.863792,46.0652419990001 11.8635180000001,46.0652269990001 11.863237,46.0652199990001 11.862936,46.065124999 11.862512,46.065082999 11.8621240000001,46.0651339990001 11.8614170000001,46.065215999 11.860889,46.0652899990001 11.8603870000001,46.0653809990001 11.860281,46.065324999 11.8602760000001,46.0652689990001 11.860288,46.0652039990001 11.8603170000001,46.0651619990001 11.860331,46.0651519990001 11.8604130000001,46.0650899990001 11.860486,46.065012999 11.860531,46.0649539990001 11.860575,46.064854999 11.86055,46.064807999 11.860506,46.064762999 11.8604770000001,46.0647259990001 11.860468,46.064694999 11.860444,46.0646189990001 11.860439,46.064563999 11.860437,46.0645489990001 11.8604710000001,46.064402999 11.860492,46.0643499990001 11.860532,46.064292999 11.8605610000001,46.0642529990001 11.8605910000001,46.0642069990001 11.860708,46.0640479990001 11.8607230000001,46.0640259990001 11.8607440000001,46.063995999 11.8607730000001,46.0639579990001 11.860801,46.063926999 11.860846,46.063886999 11.860892,46.0638479990001 11.8609710000001,46.0637789990001 11.861053,46.0635119990001 11.861116,46.0632909990001 11.861049,46.0631069990001 11.8609950000001,46.063050999 11.860915,46.062964999 11.860849,46.0628359990001 11.8608310000001,46.0627249990001 11.860828,46.0627049990001 11.860693,46.062605999 11.8602720000001,46.062467999 11.8599370000001,46.0623249990001 11.8599310000001,46.0623199990001 11.8595480000001,46.062124999 11.859426,46.062085999 11.859206,46.062015999 11.8591970000001,46.062012999 11.8589420000001,46.0620929990001 11.858775,46.0621449990001 11.858727,46.0621829990001 11.858705,46.0622079990001 11.858683,46.062241999 11.858666,46.0622729990001 11.8586500000001,46.0623019990001 11.8586290000001,46.062334999 11.8586070000001,46.0623639990001 11.858576,46.0623929990001 11.858546,46.062417999 11.8585190000001,46.062441999 11.8584320000001,46.062512999 11.858389,46.0625479990001 11.85833,46.062599999 11.8582920000001,46.0626349990001 11.858259,46.062670999 11.8582290000001,46.0627009990001 11.8581970000001,46.062732999 11.85817,46.0627539990001 11.858145,46.0627709990001 11.858098,46.062800999 11.8579140000001,46.062875999 11.8579110000001,46.062876999 11.8578170000001,46.062913999 11.8576180000001,46.0629909990001 11.857473,46.0630219990001 11.8573460000001,46.0630439990001 11.8573450000001,46.0630399990001 11.8573270000001,46.062985999 11.8572160000001,46.063005999 11.8568550000001,46.063071999 11.856704,46.063117999 11.85634,46.063227999 11.8559500000001,46.063146999 11.855623,46.0630829990001 11.8551120000001,46.062919999 11.854838,46.0628389990001 11.8545130000001,46.0627069990001 11.854592,46.0625009990001 11.8546930000001,46.062313999 11.854538,46.0620529990001 11.8544470000001,46.0618979990001 11.85448,46.0617969990001 11.854431,46.0617179990001 11.854316,46.0615309990001 11.854222,46.061362999 11.8542200000001,46.0613499990001 11.8541960000001,46.061186999 11.854115,46.061027999 11.854069,46.060975999 11.8540820000001,46.060665999 11.85405,46.060414999 11.854042,46.060259999 11.853869,46.060147999 11.853682,46.0599329990001 11.8536090000001,46.0597499990001 11.853689,46.0595939990001 11.85376,46.0594859990001 11.8538810000001,46.0592999990001 11.8541030000001,46.059069999 11.8542200000001,46.0589939990001 11.85441,46.0588349990001 11.8546020000001,46.0587849990001 11.8549320000001,46.0587689990001 11.855065,46.058746999 11.855193,46.058725999 11.855303,46.0587119990001 11.855488,46.058598999 11.855673,46.058570999 11.855891,46.058477999 11.856227,46.0582889990001 11.8565570000001,46.058190999 11.8566910000001,46.058076999 11.85684,46.058029999 11.8569670000001,46.0579999990001 11.857018,46.0580039990001 11.8570340000001,46.0579729990001 11.857069,46.0578659990001 11.8570730000001,46.0578399990001 11.8570750000001,46.057829999 11.8570330000001,46.057828999 11.856992,46.057828999 11.8569460000001,46.057827999 11.856884,46.057827999 11.856777,46.0578339990001 11.8566930000001,46.0578389990001 11.856273,46.057894999 11.8558330000001,46.0579049990001 11.8556990000001,46.0578839990001 11.8555220000001,46.057855999 11.8552750000001,46.0577979990001 11.854908,46.057624999 11.854884,46.0576129990001 11.854695,46.0575259990001 11.8544860000001,46.0574809990001 11.8543740000001,46.0574569990001 11.8542380000001,46.0573939990001 11.854138,46.0573479990001 11.854136,46.0573459990001 11.853978,46.057224999 11.853978,46.057223999 11.8539460000001,46.057199999 11.853823,46.057042999 11.853754,46.0569559990001 11.853639,46.0568309990001 11.853509,46.0568029990001 11.853306,46.056837999 11.853098,46.056930999 11.853038,46.0569579990001 11.8529730000001,46.0569869990001 11.852671,46.0570929990001 11.852401,46.0571629990001 11.8522330000001,46.057179999 11.851976,46.0572269990001 11.851576,46.0573209990001 11.851463,46.057424999 11.8513840000001,46.0575449990001 11.8513400000001,46.0576569990001 11.851281,46.0577489990001 11.851099,46.057826999 11.850878,46.0579239990001 11.8507010000001,46.0580229990001 11.8505730000001,46.0580889990001 11.850562,46.058078999 11.8505200000001,46.058100999 11.8503230000001,46.0582059990001 11.8500710000001,46.0583369990001 11.8500530000001,46.058345999 11.8499340000001,46.058456999 11.849901,46.0586219990001 11.8498990000001,46.0586329990001 11.849878,46.058911999 11.8498290000001,46.059129999 11.849771,46.0592799990001 11.8497570000001,46.059314999 11.8497360000001,46.059339999 11.849608,46.0594849990001 11.849528,46.0595269990001 11.849435,46.0595759990001 11.8493350000001,46.059701999 11.849318,46.059810999 11.8493120000001,46.0598489990001 11.8493070000001,46.0599089990001 11.849299,46.059992999 11.849296,46.0600639990001 11.8492640000001,46.060100999 11.849188,46.0601179990001 11.8490190000001,46.0601199990001 11.849005,46.0601189990001 11.8488600000001,46.060106999 11.848648,46.060007999 11.8486350000001,46.059993999 11.8485190000001,46.059872999 11.8484950000001,46.0598489990001 11.8484930000001,46.0598469990001 11.848491,46.0598449990001 11.8484580000001,46.059810999 11.8484300000001,46.059783999 11.8484050000001,46.059760999 11.8483800000001,46.059737999 11.848332,46.059695999 11.84833,46.059693999 11.848286,46.059648999 11.8482490000001,46.0595989990001 11.848193,46.059521999 11.8481800000001,46.0595099990001 11.8481190000001,46.059451999 11.8480510000001,46.059402999 11.848009,46.0593769990001 11.847995,46.0593669990001 11.847921,46.059316999 11.847854,46.059269999 11.847831,46.059250999 11.8477990000001,46.059225999 11.847746,46.0591699990001 11.84772,46.0590789990001 11.8477130000001,46.059045999 11.8477090000001,46.0590299990001 11.8476650000001,46.0588079990001 11.847474,46.0585819990001 11.8474420000001,46.0585439990001 11.847424,46.058459999 11.847385,46.0584089990001 11.847313,46.058327999 11.847311,46.058324999 11.847268,46.058280999 11.847223,46.0582259990001 11.8471680000001,46.0581579990001 11.8469430000001,46.0579309990001 11.846928,46.057915999 11.8467880000001,46.0577739990001 11.8466970000001,46.057691999 11.8466960000001,46.057691999 11.8466260000001,46.0576159990001 11.846487,46.0574339990001 11.8464510000001,46.057375999 11.846412,46.057307999 11.8463540000001,46.0572109990001 11.8463170000001,46.0571589990001 11.8462710000001,46.0570949990001 11.846263,46.057082999 11.8461990000001,46.0569899990001 11.846187,46.0569679990001 11.8461810000001,46.0569589990001 11.846142,46.0569179990001 11.8463560000001,46.0565569990001 11.8463760000001,46.0565119990001 11.846349,46.0564199990001 11.846234,46.054989999 11.845857,46.054875999 11.8459750000001,46.0544899990001 11.8471420000001,46.0538829990001 11.847607,46.053641999 11.8476210000001,46.053465999 11.8475560000001,46.0529739990001 11.848038,46.0529039990001 11.8485000000001,46.0528189990001 11.8486560000001,46.0528409990001 11.8486730000001,46.0528149990001 11.848533,46.0526139990001 11.8482280000001,46.0523709990001 11.848058,46.052223999 11.8479750000001,46.052066999 11.8479400000001,46.051999999 11.8476170000001,46.051700999 11.847428,46.051415999 11.8471740000001,46.050917999 11.846934,46.0505729990001 11.846933,46.0505399990001 11.8467820000001,46.0505429990001 11.846668,46.0505449990001 11.84646,46.0505449990001 11.8461740000001,46.0505429990001 11.845945,46.0505419990001 11.8457780000001,46.0505409990001 11.8455960000001,46.0505459990001 11.845358,46.0505629990001 11.8451700000001,46.050581999 11.844926,46.050605999 11.844904,46.0506079990001 11.844884,46.0506099990001 11.843717,46.050782999 11.8434740000001,46.0508189990001 11.843245,46.050852999 11.8431670000001,46.0508649990001 11.843086,46.0508769990001 11.8429550000001,46.050898999 11.842952,46.050898999 11.842943,46.0509009990001 11.8428020000001,46.050935999 11.8427530000001,46.0509519990001 11.8426900000001,46.0509719990001 11.8425760000001,46.0510139990001 11.8425090000001,46.0510439990001 11.842434,46.051077999 11.8423720000001,46.0510229990001 11.8423690000001,46.0509929990001 11.842255,46.0508559990001 11.8422340000001,46.0508319990001 11.842203,46.0508169990001 11.8421510000001,46.0506319990001 11.842118,46.0506079990001 11.841756,46.0503399990001 11.8414550000001,46.0501199990001 11.8414260000001,46.0500909990001 11.8413880000001,46.0500509990001 11.841235,46.049926999 11.8412020000001,46.0499099990001 11.841051,46.0498269990001 11.8407720000001,46.0497549990001 11.8404400000001,46.049702999 11.840155,46.049655999 11.839869,46.049588999 11.8396940000001,46.0495089990001 11.8396070000001,46.0494629990001 11.839481,46.0493959990001 11.839306,46.049276999 11.839166,46.0491919990001 11.838917,46.0491779990001 11.838851,46.0491749990001 11.838765,46.0491699990001 11.8383190000001,46.049113999 11.838265,46.0491039990001 11.8380730000001,46.0490119990001 11.8378710000001,46.0488289990001 11.8376890000001,46.048642999 11.8375380000001,46.048414999 11.8375300000001,46.048279999 11.837454,46.0480209990001 11.8373070000001,46.0478889990001 11.8368540000001,46.0478199990001 11.836686,46.0477549990001 11.8365910000001,46.047696999 11.8364290000001,46.047566999 11.8362020000001,46.0475049990001 11.8358500000001,46.047450999 11.835446,46.0474389990001 11.835181,46.0474179990001 11.8349410000001,46.047377999 11.8348330000001,46.0473239990001 11.8346750000001,46.047244999 11.834507,46.0471649990001 11.834231,46.047003999 11.8340450000001,46.0468469990001 11.833947,46.046728999 11.833577,46.046523999 11.833452,46.0464539990001 11.8334180000001,46.046433999 11.833329,46.046364999 11.833272,46.046344999 11.8327630000001,46.046117999 11.8323580000001,46.046006999 11.8322690000001,46.045958999 11.8316970000001,46.0456109990001 11.8314970000001,46.045488999 11.8312250000001,46.045246999 11.8309770000001,46.0450779990001 11.83056,46.044839999 11.8302850000001,46.044659999 11.8301070000001,46.0445609990001 11.829975,46.0445139990001 11.8297260000001,46.044477999 11.8294290000001,46.0443949990001 11.829009,46.0442399990001 11.82865,46.044070999 11.8283210000001,46.0438379990001 11.827778,46.043664999 11.8272850000001,46.0434749990001 11.8272220000001,46.0434509990001 11.8271510000001,46.0434119990001 11.827147,46.043416999 11.827138,46.0434369990001 11.827138,46.0434559990001 11.82714,46.0434719990001 11.827148,46.043485999 11.827166,46.043512999 11.8271810000001,46.043533999 11.8271990000001,46.043552999 11.8272890000001,46.0436279990001 11.8274290000001,46.0437219990001 11.8275560000001,46.0438119990001 11.827683,46.0438989990001 11.827732,46.043936999 11.8277660000001,46.043958999 11.827792,46.043982999 11.8278080000001,46.044001999 11.827841,46.0440399990001 11.8278530000001,46.0440599990001 11.827862,46.044074999 11.827868,46.044113999 11.82786,46.044165999 11.8278520000001,46.0441999990001 11.827841,46.044225999 11.8278250000001,46.044255999 11.8278020000001,46.044279999 11.827779,46.0443059990001 11.827756,46.0443269990001 11.827734,46.044340999 11.827704,46.044362999 11.827665,46.044383999 11.8276020000001,46.0444169990001 11.827386,46.044500999 11.8271990000001,46.044570999 11.8271960000001,46.044585999 11.827171,46.0445979990001 11.827116,46.0446249990001 11.827079,46.0446429990001 11.8270460000001,46.044658999 11.826914,46.0446739990001 11.826867,46.0446879990001 11.826828,46.044698999 11.8267290000001,46.0447319990001 11.8266810000001,46.044748999 11.8266150000001,46.044772999 11.8265420000001,46.0448059990001 11.8265010000001,46.0448329990001 11.8264990000001,46.044833999 11.8264960000001,46.044835999 11.8264780000001,46.0448539990001 11.8264530000001,46.044878999 11.8264160000001,46.0449229990001 11.826401,46.044951999 11.826399,46.0449619990001 11.8263940000001,46.0449789990001 11.826382,46.0450329990001 11.826383,46.0450529990001 11.826383,46.045065999 11.8263850000001,46.0450779990001 11.8263870000001,46.0450949990001 11.8263930000001,46.0451399990001 11.826396,46.0451659990001 11.8264,46.045198999 11.8264080000001,46.0452559990001 11.8264150000001,46.045310999 11.826419,46.045350999 11.826421,46.045377999 11.826417,46.045400999 11.8264120000001,46.0454309990001 11.8264110000001,46.045448999 11.8264110000001,46.0454609990001 11.826404,46.0455069990001 11.8263860000001,46.0455909990001 11.826334,46.0458009990001 11.8263210000001,46.0458459990001 11.826267,46.0460399990001 11.826221,46.0462239990001 11.8261880000001,46.046347999 11.826129,46.046524999 11.8260930000001,46.0466269990001 11.826065,46.0466919990001 11.8260540000001,46.0467179990001 11.8260490000001,46.046727999 11.825998,46.0468299990001 11.825949,46.0469039990001 11.825925,46.0469379990001 11.825903,46.0469679990001 11.8258510000001,46.0470359990001 11.8258010000001,46.0471069990001 11.825797,46.047112999 11.8257400000001,46.0471919990001 11.825655,46.0472839990001 11.825567,46.047379999 11.825426,46.0475009990001 11.825302,46.047605999 11.8252210000001,46.047676999 11.8251320000001,46.047763999 11.8251060000001,46.047811999 11.8250870000001,46.0478399990001 11.8250850000001,46.0478499990001 11.8250810000001,46.0478689990001 11.8250790000001,46.0478859990001 11.8250790000001,46.0478949990001 11.8250790000001,46.047921999 11.8250800000001,46.047949999 11.8250850000001,46.047967999 11.8250880000001,46.0479759990001 11.82509,46.0479839990001 11.825096,46.0480029990001 11.8251030000001,46.0480179990001 11.8251300000001,46.0480629990001 11.825159,46.048105999 11.825184,46.0481379990001 11.8253040000001,46.0482899990001 11.8255070000001,46.048549999 11.825593,46.048665999 11.825639,46.048735999 11.825655,46.048759999 11.8256700000001,46.048782999 11.8257140000001,46.0488509990001 11.825743,46.0488999990001 11.8257550000001,46.0489199990001 11.825796,46.048999999 11.8258280000001,46.049069999 11.825834,46.0490829990001 11.8258470000001,46.049112999 11.825865,46.0491689990001 11.8258720000001,46.049186999 11.825909,46.0492819990001 11.8259130000001,46.049291999 11.8259160000001,46.0493009990001 11.825929,46.0493329990001 11.8259370000001,46.0493549990001 11.825991,46.0494929990001 11.8260280000001,46.049589999 11.8260520000001,46.049637999 11.8261000000001,46.0497319990001 11.8261910000001,46.049903999 11.8262070000001,46.0499349990001 11.826286,46.050080999 11.826307,46.0501199990001 11.8264540000001,46.050394999 11.826465,46.0504139990001 11.8265670000001,46.0505879990001 11.8265690000001,46.0505899990001 11.826584,46.0506069990001 11.8265910000001,46.0506139990001 11.826598,46.050620999 11.826628,46.050645999 11.826665,46.050669999 11.8266800000001,46.0506779990001 11.82669,46.0506829990001 11.826739,46.0507059990001 11.8267710000001,46.0507199990001 11.826822,46.050735999 11.8269240000001,46.050761999 11.827058,46.050799999 11.8271300000001,46.050821999 11.827183,46.050847999 11.8272210000001,46.050870999 11.827255,46.050897999 11.827275,46.050920999 11.8272910000001,46.050939999 11.8273150000001,46.050966999 11.827323,46.050983999 11.827328,46.0509949990001 11.8273360000001,46.0510149990001 11.827341,46.051027999 11.827342,46.0510379990001 11.827343,46.0510619990001 11.8273380000001,46.0510849990001 11.8273330000001,46.0511079990001 11.827325,46.051139999 11.8273150000001,46.0511529990001 11.8272650000001,46.0512189990001 11.8272030000001,46.051303999 11.8271330000001,46.0514469990001 11.827077,46.0515589990001 11.827049,46.051611999 11.827013,46.051677999 11.826991,46.051725999 11.826944,46.0518259990001 11.8269320000001,46.051865999 11.826922,46.0518959990001 11.8269070000001,46.0519599990001 11.8269,46.0520499990001 11.826898,46.052135999 11.8269100000001,46.0522069990001 11.8269240000001,46.052266999 11.826941,46.0522999990001 11.8269480000001,46.052310999 11.826961,46.052333999 11.8269780000001,46.052353999 11.826986,46.0523639990001 11.8269990000001,46.052376999 11.827002,46.052379999 11.82703,46.052400999 11.827057,46.0524169990001 11.8270650000001,46.052420999 11.827095,46.0524349990001 11.8271300000001,46.052448999 11.8271370000001,46.052450999 11.827186,46.0524639990001 11.8272390000001,46.052472999 11.827303,46.0524779990001 11.8273750000001,46.0524779990001 11.8274190000001,46.0524769990001 11.8274700000001,46.052473999 11.827523,46.052470999 11.82761,46.0524609990001 11.827711,46.0524399990001 11.827801,46.0524189990001 11.827883,46.0523919990001 11.827958,46.0523639990001 11.8280600000001,46.0523189990001 11.8281420000001,46.0522789990001 11.8281910000001,46.0522509990001 11.8282310000001,46.052217999 11.828265,46.0521849990001 11.828296,46.0521489990001 11.8283290000001,46.0521019990001 11.8283490000001,46.0520589990001 11.8283650000001,46.0519889990001 11.82838,46.051925999 11.828381,46.0519239990001 11.828401,46.0518909990001 11.8284340000001,46.0518549990001 11.828475,46.0518259990001 11.828521,46.0518079990001 11.828578,46.051799999 11.8286360000001,46.0518039990001 11.828669,46.0518099990001 11.828694,46.0518269990001 11.8287120000001,46.0518569990001 11.828717,46.051911999 11.8285760000001,46.052268999 11.828559,46.052312999 11.828556,46.0523209990001 11.828518,46.0524389990001 11.828489,46.052582999 11.8284860000001,46.0527289990001 11.8285070000001,46.0528909990001 11.8285530000001,46.0530439990001 11.828558,46.053057999 11.828562,46.0530699990001 11.828563,46.0530709990001 11.828565,46.053077999 11.8285770000001,46.0531179990001 11.8285940000001,46.053185999 11.8285990000001,46.053232999 11.828601,46.053253999 11.828624,46.0533789990001 11.828625,46.0534269990001 11.828626,46.053461999 11.828626,46.053481999 11.828625,46.053525999 11.8286230000001,46.0536099990001 11.8285910000001,46.0537469990001 11.8285550000001,46.0539049990001 11.8285100000001,46.0540779990001 11.828472,46.0541929990001 11.828451,46.0542599990001 11.8283960000001,46.0544159990001 11.8283060000001,46.0545809990001 11.8282300000001,46.054739999 11.8282110000001,46.054837999 11.8282080000001,46.0548939990001 11.828205,46.0549339990001 11.828223,46.0550219990001 11.8282590000001,46.055130999 11.828288,46.055219999 11.8283220000001,46.055325999 11.828428,46.055649999 11.828447,46.0557069990001 11.828453,46.0557259990001 11.8284580000001,46.0557419990001 11.8284650000001,46.055760999 11.828498,46.0558609990001 11.828535,46.0559759990001 11.8285520000001,46.056028999 11.828611,46.056206999 11.828625,46.056249999 11.828628,46.0562589990001 11.828628,46.0562609990001 11.8287480000001,46.056639999 11.8288250000001,46.0568889990001 11.828878,46.057059999 11.828926,46.0572579990001 11.8289320000001,46.057310999 11.8289360000001,46.0573439990001 11.828939,46.0573669990001 11.8289320000001,46.057425999 11.828922,46.057488999 11.828918,46.0574989990001 11.8288870000001,46.057576999 11.828858,46.057644999 11.8288440000001,46.0576769990001 11.828837,46.057692999 11.8288200000001,46.0577269990001 11.828782,46.057805999 11.8287790000001,46.057810999 11.8287,46.0579709990001 11.828697,46.0579749990001 11.828629,46.0580829990001 11.828558,46.058165999 11.8284400000001,46.058297999 11.8283240000001,46.0584279990001 11.828272,46.0584869990001 11.828266,46.0584939990001 11.8282540000001,46.058508999 11.828241,46.058528999 11.8282340000001,46.0585409990001 11.828223,46.0585639990001 11.828219,46.058593999 11.828226,46.058616999 11.8282550000001,46.058638999 11.8282570000001,46.058640999 11.828273,46.0586449990001 11.8282980000001,46.0586519990001 11.8283250000001,46.0586529990001 11.8283450000001,46.0586529990001 11.828428,46.058636999 11.8285040000001,46.058617999 11.828588,46.0585819990001 11.828648,46.0585409990001 11.828697,46.0584939990001 11.828763,46.058417999 11.8287730000001,46.058409999 11.82881,46.0583799990001 11.8288430000001,46.058366999 11.828859,46.0583599990001 11.828924,46.0583549990001 11.82897,46.0583639990001 11.8289820000001,46.058365999 11.8289980000001,46.0583789990001 11.8290010000001,46.0583809990001 11.82901,46.058387999 11.8290230000001,46.058433999 11.8290220000001,46.058479999 11.8289580000001,46.058662999 11.828927,46.058752999 11.8289100000001,46.0588069990001 11.828852,46.0589939990001 11.8288480000001,46.0590049990001 11.8288440000001,46.059017999 11.8288250000001,46.0590779990001 11.8288200000001,46.059084999 11.8288170000001,46.059088999 11.8287980000001,46.059160999 11.828786,46.059202999 11.828783,46.0592119990001 11.828784,46.0592619990001 11.828786,46.059341999 11.828858,46.0594639990001 11.8290220000001,46.059634999 11.8290430000001,46.059652999 11.8290720000001,46.059679999 11.8291080000001,46.059715999 11.8291090000001,46.059716999 11.829142,46.0597569990001 11.8291780000001,46.0598229990001 11.82919,46.0598939990001 11.829192,46.0599109990001 11.829197,46.0599799990001 11.829218,46.060238999 11.82924,46.060391999 11.8292460000001,46.0604349990001 11.829263,46.0605179990001 11.829278,46.060557999 11.8292930000001,46.0605639990001 11.8292940000001,46.0605629990001 11.829306,46.0605449990001 11.829307,46.0605139990001 11.829307,46.0604989990001 11.8293110000001,46.0604289990001 11.8293130000001,46.0603879990001 11.829346,46.060263999 11.829373,46.060187999 11.8293840000001,46.0601589990001 11.829437,46.060058999 11.829482,46.059988999 11.829512,46.0599609990001 11.8295430000001,46.0599329990001 11.829576,46.059917999 11.8296350000001,46.0598909990001 11.829642,46.0598899990001 11.829643,46.0598899990001 11.8296480000001,46.0598889990001 11.829664,46.0598869990001 11.829686,46.0598919990001 11.829709,46.059896999 11.8297220000001,46.0599549990001 11.829711,46.0600259990001 11.829706,46.060056999 11.8296580000001,46.060238999 11.8296540000001,46.060264999 11.8296520000001,46.060279999 11.8296510000001,46.060286999 11.8296500000001,46.0602919990001 11.8296540000001,46.0603129990001 11.829662,46.060352999 11.8296940000001,46.060444999 11.829707,46.0604719990001 11.829753,46.060570999 11.829798,46.0606789990001 11.8298140000001,46.0607459990001 11.8298150000001,46.0607649990001 11.8298160000001,46.0607939990001 11.8298100000001,46.060820999 11.8298070000001,46.0608369990001 11.8297870000001,46.060872999 11.829758,46.060912999 11.829755,46.060916999 11.8296730000001,46.060999999 11.829664,46.061007999 11.829595,46.061071999 11.8295430000001,46.0611249990001 11.8295170000001,46.061162999 11.829506,46.0611899990001 11.8294980000001,46.0612119990001 11.8294910000001,46.0612569990001 11.82949,46.0612899990001 11.8294950000001,46.0613289990001 11.829526,46.0613959990001 11.829547,46.0614449990001 11.829569,46.0614859990001 11.829577,46.061502999 11.829595,46.0615339990001 11.829621,46.0615789990001 11.829664,46.061637999 11.829685,46.0616639990001 11.829735,46.061722999 11.829758,46.0617519990001 11.8297670000001,46.061763999 11.829777,46.0617809990001 11.8298160000001,46.0618239990001 11.8299480000001,46.061969999 11.829979,46.062015999 11.830093,46.0621869990001 11.830142,46.0622289990001 11.8302660000001,46.062333999 11.8303750000001,46.0624099990001 11.830387,46.062423999 11.830426,46.062465999 11.83045,46.0625199990001 11.8304610000001,46.062552999 11.8304850000001,46.0626299990001 11.830492,46.0626579990001 11.8305140000001,46.0627499990001 11.83054,46.0628369990001 11.830545,46.062852999 11.830612,46.0629909990001 11.8306850000001,46.0631129990001 11.8307160000001,46.0631769990001 11.83077,46.0632889990001 11.830853,46.0634059990001 11.8309320000001,46.063504999 11.8309390000001,46.0635139990001 11.8310040000001,46.0636029990001 11.83102,46.0636249990001 11.8310270000001,46.063636999 11.8310700000001,46.0637179990001 11.8310730000001,46.063724999 11.8310740000001,46.063726999 11.831078,46.0637389990001 11.8310990000001,46.063794999 11.831102,46.0638049990001 11.831111,46.0638289990001 11.83115,46.063992999 11.831148,46.0640729990001 11.831147,46.064108999 11.8311170000001,46.0642089990001 11.8310950000001,46.064245999 11.831088,46.0642579990001 11.831088,46.064381999 11.831201,46.0646389990001 11.8313650000001,46.0647519990001 11.8315860000001,46.064645999 11.831717,46.064582999 11.8323600000001,46.0639659990001 11.832363,46.0639589990001 11.83237,46.0639609990001 11.832677,46.063820999 11.8331390000001,46.063659999 11.8335270000001,46.0634679990001 11.833717,46.0634239990001 11.8340470000001,46.063278999 11.834235,46.0631759990001 11.8343320000001,46.063121999 11.834438,46.0630649990001 11.834636,46.062959999 11.834889,46.062802999 11.835004,46.0627319990001 11.8350390000001,46.0626999990001 11.8351890000001,46.0625619990001 11.835366,46.0623189990001 11.8353680000001,46.0623149990001 11.8354160000001,46.062267999 11.835515,46.062169999 11.8355930000001,46.0620529990001 11.8357110000001,46.0619429990001 11.8358260000001,46.061836999 11.8359610000001,46.0617119990001 11.836099,46.0615829990001 11.8361830000001,46.061522999 11.8362750000001,46.061455999 11.836469,46.061360999 11.8366300000001,46.0612819990001 11.8368090000001,46.0612409990001 11.836868,46.061227999 11.8369000000001,46.0612209990001 11.8370340000001,46.0611899990001 11.837049,46.061186999 11.8372360000001,46.0611779990001 11.8372890000001,46.0611459990001 11.837338,46.061116999 11.8374450000001,46.060961999 11.837455,46.0609469990001 11.8374640000001,46.0609219990001 11.8374860000001,46.0608569990001 11.8375810000001,46.060729999 11.837726,46.060728999 11.8381000000001,46.0605189990001 11.838373,46.060421999 11.838666,46.060327999 11.838687,46.060327999 11.8387030000001,46.060328999 11.8387300000001,46.060328999 11.838761,46.060328999 11.838766,46.060328999 11.8388600000001,46.060330999 11.839095,46.0602949990001 11.839166,46.060262999 11.839281,46.060210999 11.839348,46.060172999 11.8394220000001,46.0601329990001 11.8394680000001,46.060015999 11.839509,46.0598909990001 11.8395200000001,46.059857999 11.8395590000001,46.0597599990001 11.839567,46.059740999 11.8397900000001,46.0595929990001 11.8400070000001,46.059430999 11.8401270000001,46.0592819990001 11.84022,46.0591179990001 11.840222,46.059114999 11.8402130000001,46.0589839990001 11.840223,46.0589229990001 11.8402360000001,46.058839999 11.8403450000001,46.0586099990001 11.8403880000001,46.0584499990001 11.840499,46.0583319990001 11.8407120000001,46.0582939990001 11.8407740000001,46.0582649990001 11.84085,46.058230999 11.8409070000001,46.0582059990001 11.8409540000001,46.058185999 11.8410190000001,46.0581579990001 11.841055,46.058142999 11.8410680000001,46.058125999 11.841099,46.0580839990001 11.841233,46.0581509990001 11.841413,46.0583159990001 11.841368,46.0585119990001 11.841171,46.0586909990001 11.8410890000001,46.059001999 11.841078,46.0590989990001 11.841058,46.059273999 11.841301,46.059561999 11.8413790000001,46.0597039990001 11.841415,46.0597709990001 11.8414280000001,46.059785999 11.8414740000001,46.0598399990001 11.8414760000001,46.0598429990001 11.841489,46.059857999 11.8416110000001,46.060103999 11.8417170000001,46.0602489990001 11.8417260000001,46.060262999 11.84178,46.060346999 11.8419290000001,46.060579999 11.841934,46.0606269990001 11.8419410000001,46.0606949990001 11.8419190000001,46.060930999 11.8420550000001,46.0609729990001 11.842075,46.0610179990001 11.842186,46.0612659990001 11.8423510000001,46.061542999 11.842408,46.0616399990001 11.842518,46.0618079990001 11.8426180000001,46.0618939990001 11.8426620000001,46.0619329990001 11.842901,46.0621239990001 11.8430320000001,46.062198999 11.843245,46.0622289990001 11.8434520000001,46.062375999 11.8434740000001,46.0623909990001 11.8439490000001,46.0625879990001 11.8444190000001,46.062668999 11.844568,46.062694999 11.844994,46.0628359990001 11.845287,46.0628999990001 11.845428,46.0629309990001 11.845739,46.0629979990001 11.84606,46.0630429990001 11.8463760000001,46.063208999 11.846864,46.0634069990001 11.8470820000001,46.063523999 11.847132,46.063549999 11.8471470000001,46.0635579990001 11.8475030000001,46.063614999 11.847746,46.0636539990001 11.847813,46.0636739990001 11.8479750000001,46.0637209990001 11.847986,46.063723999 11.847994,46.063726999 11.848147,46.063773999 11.848284,46.063815999 11.8484060000001,46.0638539990001 11.8486310000001,46.063976999 11.8489010000001,46.0643509990001 11.848919,46.064427999 11.8489260000001,46.0644599990001 11.84894,46.0645229990001 11.848961,46.0646179990001 11.849045,46.0650019990001 11.8491010000001,46.065239999 11.849098,46.0654709990001 11.849122,46.0655609990001 11.8492130000001,46.0657939990001 11.849367,46.0661219990001 11.8493740000001,46.066136999 11.8493780000001,46.0661439990001 11.849409,46.066226999 11.849432,46.0662869990001 11.849432,46.066430999 11.849432,46.0665119990001 11.8494620000001,46.0666599990001 11.8494650000001,46.066674999 11.8494710000001,46.066702999 11.84948,46.0667999990001 11.849458,46.0668689990001 11.8493990000001,46.066881999 11.849342,46.0668929990001 11.8492910000001,46.0668869990001 11.849252,46.066882999 11.849141,46.0668699990001 11.8490200000001,46.0667789990001 11.8489880000001,46.066724999 11.84891,46.066591999 11.848845,46.0664859990001 11.848841,46.066478999 11.8487870000001,46.066446999 11.8487020000001,46.0663959990001 11.848559,46.066315999 11.848302,46.066203999 11.8482280000001,46.0661669990001 11.8480710000001,46.066088999 11.848036,46.0660749990001 11.848016,46.066066999 11.847995,46.0660589990001 11.8479550000001,46.066042999 11.8478480000001,46.0660309990001 11.8477730000001,46.066021999 11.8475770000001,46.066027999 11.8474150000001,46.0660629990001 11.847201,46.0661249990001 11.847153,46.0661479990001 11.847138,46.0661539990001 11.8470300000001,46.066179999 11.8469620000001,46.0661869990001 11.846886,46.066181999 11.8467870000001,46.0661759990001 11.8467220000001,46.0661719990001 11.846594,46.066162999 11.846549,46.066158999 11.8464710000001,46.0661499990001 11.8464520000001,46.0661479990001 11.84642,46.0661439990001 11.846394,46.066140999 11.8461760000001,46.0661299990001 11.846127,46.066135999 11.846126,46.066135999 11.846056,46.0661489990001 11.8459780000001,46.066178999 11.845939,46.0661949990001 11.8458420000001,46.0662369990001 11.8458150000001,46.066248999 11.845783,46.0662619990001 11.845781,46.0662629990001 11.845717,46.066291999 11.845692,46.0663089990001 11.8456650000001,46.0663279990001 11.845495,46.066427999 11.8454630000001,46.066448999 11.845449,46.0664579990001 11.8454120000001,46.0664819990001 11.84536,46.066517999 11.845293,46.0665769990001 11.845227,46.066635999 11.8451930000001,46.0666699990001 11.845174,46.0666849990001 11.845154,46.066700999 11.8451410000001,46.0667099990001 11.845111,46.066726999 11.845065,46.066748999 11.8448980000001,46.066810999 11.8448500000001,46.066832999 11.8448300000001,46.0668409990001 11.84479,46.066855999 11.8447180000001,46.066882999 11.844709,46.0668859990001 11.8446920000001,46.0668929990001 11.8446210000001,46.066920999 11.8446030000001,46.0669369990001 11.8445370000001,46.066994999 11.8445100000001,46.067015999 11.844482,46.067037999 11.8443770000001,46.067123999 11.844297,46.0671869990001 11.84425,46.0672239990001 11.8439940000001,46.0672059990001 11.843641,46.067129999 11.843221,46.0671579990001 11.843082,46.067149999 11.8428970000001,46.0671379990001 11.842837,46.0671339990001 11.8427740000001,46.0671189990001 11.842674,46.0670929990001 11.842539,46.067084999 11.8425290000001,46.067083999 11.842516,46.067082999 11.842425,46.067078999 11.8423510000001,46.067079999 11.842296,46.067079999 11.842209,46.0670739990001 11.842028,46.0670699990001 11.842005,46.0670689990001 11.8419470000001,46.067081999 11.8417640000001,46.067122999 11.8416,46.0671889990001 11.8414970000001,46.0672309990001 11.8413390000001,46.067240999 11.8412940000001,46.067238999 11.8410190000001,46.0672259990001 11.840987,46.0672329990001 11.8407750000001,46.067283999 11.840537,46.067372999 11.8403680000001,46.0674289990001 11.8402580000001,46.067465999 11.839949,46.0675199990001 11.839883,46.0674939990001 11.839747,46.067440999 11.839731,46.0674339990001 11.8397180000001,46.067423999 11.8395640000001,46.067306999 11.839455,46.067174999 11.839432,46.067152999 11.8393120000001,46.0670909990001 11.8391790000001,46.0670759990001 11.8391530000001,46.0670749990001 11.839146,46.0670739990001 11.839126,46.0670749990001 11.838982,46.067079999 11.8388810000001,46.0670319990001 11.838876,46.0670289990001 11.8388580000001,46.0670199990001 11.83874,46.0669139990001 11.83874,46.0669129990001 11.8386410000001,46.066814999 11.83845,46.066748999 11.8383490000001,46.0667369990001 11.838285,46.0667279990001 11.838223,46.066701999 11.8382110000001,46.066696999 11.838174,46.066681999 11.8381600000001,46.066674999 11.838158,46.066672999 11.8377330000001,46.066401999 11.8376030000001,46.0663449990001 11.837522,46.0663089990001 11.8373270000001,46.0663109990001 11.8372600000001,46.066311999 11.837051,46.0663539990001 11.8370110000001,46.0663669990001 11.836919,46.0663979990001 11.836849,46.066405999 11.836758,46.0664169990001 11.8365850000001,46.0664189990001 11.8364540000001,46.0664209990001 11.836437,46.066408999 11.836266,46.0664199990001 11.8359160000001,46.066587999 11.835809,46.066658999 11.8356160000001,46.066787999 11.835363,46.066876999 11.835199,46.0669349990001 11.834801,46.0671379990001 11.834298,46.0675159990001 11.833947,46.067916999 11.8338230000001,46.068256999 11.833762,46.0684239990001 11.8337690000001,46.0685559990001 11.833803,46.068638999 11.8339320000001,46.068950999 11.833968,46.0691649990001 11.8340000000001,46.0693479990001 11.833604,46.0699569990001 11.8336210000001,46.0702889990001 11.8337780000001,46.0705849990001 11.8338140000001,46.070614999 11.834125,46.0708759990001 11.8343830000001,46.071201999 11.834593,46.0715959990001 11.8346090000001,46.0716909990001 11.834617,46.0717359990001 11.8344910000001,46.071806999 11.834462,46.0718229990001 11.8343850000001,46.0718449990001 11.834353,46.071858999 11.8343140000001,46.071874999 11.834211,46.0719309990001 11.8341780000001,46.0719609990001 11.834145,46.071993999 11.8341360000001,46.0720039990001 11.8341060000001,46.072036999 11.834074,46.072076999 11.8340680000001,46.072082999 11.8339970000001,46.072171999 11.8339780000001,46.0721999990001 11.833969,46.072213999 11.83396,46.0722299990001 11.8339350000001,46.0722729990001 11.8339350000001,46.0722739990001 11.8338910000001,46.0723229990001 11.833854,46.0723669990001 11.833848,46.072374999 11.8338000000001,46.072440999 11.833785,46.0724729990001 11.8337770000001,46.072488999 11.8337530000001,46.072528999 11.83369,46.072599999 11.83365,46.072647999 11.833646,46.0726529990001 11.833628,46.0726739990001 11.833538,46.072779999 11.833489,46.0728329990001 11.8334590000001,46.0728799990001 11.8333880000001,46.072957999 11.833334,46.0729959990001 11.83327,46.0730369990001 11.833245,46.0730599990001 11.833226,46.0730779990001 11.8331450000001,46.0731449990001 11.8331200000001,46.073165999 11.8330720000001,46.073201999 11.8330290000001,46.0732359990001 11.833015,46.073246999 11.8330050000001,46.073254999 11.8329680000001,46.0732879990001 11.8328770000001,46.0733789990001 11.832857,46.0733979990001 11.832836,46.0734159990001 11.832811,46.0734439990001 11.8328010000001,46.073454999 11.8327620000001,46.073498999 11.832732,46.0735379990001 11.83261,46.0736739990001 11.832588,46.073701999 11.8325800000001,46.0737129990001 11.8325760000001,46.0737179990001 11.8325390000001,46.0737589990001 11.832501,46.0738059990001 11.8324700000001,46.073840999 11.832384,46.0739139990001 11.8323600000001,46.0739349990001 11.8322460000001,46.0741659990001 11.83221,46.074238999 11.8322230000001,46.0744789990001 11.832214,46.074575999 11.8321960000001,46.0747959990001 11.832255,46.074986999 11.832325,46.075213999 11.8325330000001,46.075573999 11.8325390000001,46.0755849990001 11.8325610000001,46.0756909990001 11.8326240000001,46.0759889990001 11.8326910000001,46.0764329990001 11.8326250000001,46.076693999 11.832573,46.076899999 11.832452,46.077150999 11.8323120000001,46.077439999 11.832146,46.077908999 11.832091,46.0779629990001 11.831827,46.0782169990001 11.8315180000001,46.078342999 11.831312,46.078427999 11.831197,46.078478999 11.831013,46.078562999 11.8309370000001,46.078501999 11.830773,46.0784019990001 11.830742,46.078272999 11.830747,46.0781989990001 11.8307540000001,46.078086999 11.830593,46.0779469990001 11.8296990000001,46.0774939990001 11.8295680000001,46.0774309990001 11.8294780000001,46.0773869990001 11.8293580000001,46.0773579990001 11.8292450000001,46.077329999 11.8289510000001,46.077282999 11.828791,46.0771999990001 11.8287540000001,46.0771799990001 11.8286820000001,46.077125999 11.827801,46.0764599990001 11.8277580000001,46.0764149990001 11.827755,46.0764109990001 11.8277420000001,46.0763929990001 11.827639,46.0763429990001 11.8274970000001,46.0762739990001 11.827125,46.076111999 11.8270170000001,46.076063999 11.8268130000001,46.075950999 11.826599,46.075797999 11.826444,46.075686999 11.8263840000001,46.0756439990001 11.8263170000001,46.075594999 11.8261880000001,46.075455999 11.8261410000001,46.075365999 11.8260310000001,46.0752169990001 11.825954,46.075114999 11.8259180000001,46.0750899990001 11.825909,46.0750839990001 11.825856,46.075049999 11.825742,46.0749739990001 11.8257360000001,46.0749689990001 11.825682,46.0749319990001 11.8256410000001,46.0749019990001 11.8256060000001,46.074868999 11.8254710000001,46.0747229990001 11.825386,46.074644999 11.825337,46.0746089990001 11.8253300000001,46.074605999 11.82527,46.0745739990001 11.8252380000001,46.074560999 11.825201,46.0745469990001 11.8251700000001,46.074538999 11.82514,46.074531999 11.825074,46.0745189990001 11.825025,46.074508999 11.8249680000001,46.0745059990001 11.824892,46.0745019990001 11.824739,46.074507999 11.8246740000001,46.0744989990001 11.8246370000001,46.074492999 11.8245670000001,46.0744799990001 11.824503,46.074467999 11.8244730000001,46.0744619990001 11.824459,46.0744599990001 11.8244100000001,46.0744539990001 11.824391,46.0744539990001 11.8243670000001,46.0744539990001 11.8243210000001,46.074462999 11.8243170000001,46.074463999 11.824309,46.074465999 11.824282,46.0744749990001 11.8241870000001,46.0745249990001 11.8239520000001,46.0746639990001 11.8237500000001,46.0747989990001 11.8237050000001,46.0748109990001 11.823648,46.074826999 11.8236020000001,46.074851999 11.8234670000001,46.075031999 11.8233940000001,46.075138999 11.823341,46.075205999 11.8233080000001,46.0752269990001 11.8232170000001,46.0752839990001 11.8230300000001,46.0753769990001 11.822913,46.0754259990001 11.8228730000001,46.0754429990001 11.8228120000001,46.075461999 11.8227590000001,46.075476999 11.8227180000001,46.0754889990001 11.8225190000001,46.0755869990001 11.822458,46.075633999 11.822411,46.075664999 11.822374,46.0756879990001 11.8223380000001,46.075709999 11.822283,46.075746999 11.8222500000001,46.0757799990001 11.822229,46.0758029990001 11.8222230000001,46.0758099990001 11.82221,46.0758259990001 11.8221770000001,46.075880999 11.8221,46.0760049990001 11.8220680000001,46.076107999 11.8220610000001,46.076128999 11.8220480000001,46.076175999 11.8220030000001,46.0763279990001 11.8220030000001,46.076357999 11.8220020000001,46.0763749990001 11.8219980000001,46.076465999 11.821982,46.076512999 11.8219800000001,46.076519999 11.821963,46.076537999 11.821942,46.076561999 11.82192,46.0765739990001 11.821895,46.076587999 11.8218630000001,46.076604999 11.821855,46.076608999 11.8218140000001,46.0766339990001 11.8218160000001,46.0766439990001 11.8218180000001,46.076652999 11.8218360000001,46.0766799990001 11.8218380000001,46.0766829990001 11.821873,46.076737999 11.821871,46.076783999 11.821847,46.076807999 11.8218440000001,46.076811999 11.82183,46.0768189990001 11.821806,46.076831999 11.8217500000001,46.0768659990001 11.8216560000001,46.0769509990001 11.8216400000001,46.0769749990001 11.8216110000001,46.0770199990001 11.8215960000001,46.0770629990001 11.8215900000001,46.077079999 11.8215910000001,46.0771179990001 11.8215920000001,46.0771409990001 11.821605,46.0771809990001 11.8216160000001,46.077211999 11.821557,46.0772239990001 11.821399,46.077280999 11.8213650000001,46.0773089990001 11.821352,46.077326999 11.8213420000001,46.0773429990001 11.8213180000001,46.0773829990001 11.821285,46.0774329990001 11.821284,46.077434999 11.8212740000001,46.0774439990001 11.8212300000001,46.077484999 11.821175,46.077504999 11.8211460000001,46.0775149990001 11.821133,46.0775199990001 11.8210950000001,46.0775369990001 11.8210700000001,46.0775609990001 11.8210570000001,46.077573999 11.82104,46.0776069990001 11.8210300000001,46.077661999 11.8210310000001,46.0776959990001 11.8210320000001,46.0777179990001 11.821041,46.0778509990001 11.821086,46.0779039990001 11.82109,46.077907999 11.82124,46.078043999 11.82127,46.0780829990001 11.821293,46.0781269990001 11.8213010000001,46.0781679990001 11.8212810000001,46.0782149990001 11.821265,46.078227999 11.8212560000001,46.0782349990001 11.8212340000001,46.078245999 11.8211830000001,46.078270999 11.8211380000001,46.0782869990001 11.821082,46.0783079990001 11.82104,46.0783329990001 11.821016,46.0783529990001 11.8209890000001,46.0783739990001 11.8209600000001,46.0784409990001 11.820952,46.0784589990001 11.820953,46.0784849990001 11.8209850000001,46.0785369990001 11.8210530000001,46.078608999 11.8210740000001,46.078656999 11.821022,46.078697999 11.820994,46.0787139990001 11.8209220000001,46.0787569990001 11.8207350000001,46.078833999 11.8206460000001,46.0788919990001 11.8206050000001,46.0789419990001 11.820596,46.078951999 11.820563,46.0790059990001 11.82055,46.0790279990001 11.820524,46.0790519990001 11.8204650000001,46.0790939990001 11.8204210000001,46.079126999 11.8204180000001,46.079129999 11.8203760000001,46.0791869990001 11.8202890000001,46.0792919990001 11.820274,46.079302999 11.8202600000001,46.0793129990001 11.8201970000001,46.079349999 11.820071,46.079445999 11.820026,46.0794949990001 11.8199700000001,46.079553999 11.8198610000001,46.0797009990001 11.819786,46.079803999 11.819731,46.0798599990001 11.8196840000001,46.0799069990001 11.8196390000001,46.079935999 11.8195850000001,46.079938999 11.819516,46.0799439990001 11.8193370000001,46.079981999 11.819331,46.079983999 11.8192330000001,46.0801079990001 11.8192320000001,46.0801099990001 11.8191860000001,46.0801939990001 11.819171,46.0802219990001 11.8191420000001,46.080273999 11.8191,46.0803529990001 11.819078,46.0803939990001 11.818965,46.080495999 11.8189600000001,46.080525999 11.818947,46.080611999 11.818878,46.080630999 11.8188210000001,46.0806469990001 11.818681,46.080685999 11.8186670000001,46.0806899990001 11.8186490000001,46.0806879990001 11.8185990000001,46.080684999 11.818584,46.080633999 11.818568,46.0805799990001 11.8184820000001,46.0804169990001 11.8184650000001,46.080384999 11.818449,46.0803379990001 11.8184360000001,46.080298999 11.818453,46.080271999 11.818453,46.080270999 11.818433,46.080248999 11.818403,46.0802189990001 11.8183510000001,46.080024999 11.8183080000001,46.079872999 11.8183010000001,46.0798179990001 11.8182610000001,46.079753999 11.818177,46.079533999 11.818097,46.0793239990001 11.818096,46.079307999 11.8180810000001,46.0792319990001 11.817983,46.0789349990001 11.8163440000001,46.077301999 11.815799,46.0769369990001 11.8148590000001,46.0763069990001 11.813366,46.0751479990001 11.8131940000001,46.0749529990001 11.812506,46.074170999 11.8121840000001,46.0735139990001 11.811718,46.073343999 11.8103850000001,46.0728589990001 11.809648,46.072506999 11.8094570000001,46.072414999 11.808634,46.0718859990001 11.8079280000001,46.0712779990001 11.8074350000001,46.0706989990001 11.807355,46.0706049990001 11.807325,46.0705399990001 11.8072780000001,46.070479999 11.807217,46.0704249990001 11.807147,46.0703769990001 11.807064,46.0703389990001 11.806971,46.0703129990001 11.806905,46.070300999 11.806875,46.0702959990001 11.8067760000001,46.0702889990001 11.806723,46.0702929990001 11.806678,46.0702959990001 11.806584,46.0703149990001 11.8065530000001,46.070324999 11.806494,46.070342999 11.806412,46.0703829990001 11.806343,46.0704299990001 11.806222,46.0705199990001 11.8058780000001,46.070776999 11.8057480000001,46.070839999 11.8056710000001,46.0708769990001 11.8055630000001,46.070904999 11.80544,46.070935999 11.80539,46.070956999 11.8053590000001,46.0709709990001 11.8053190000001,46.0709889990001 11.805286,46.0710049990001 11.8051320000001,46.0710729990001 11.805083,46.071089999 11.8049760000001,46.0711179990001 11.8048700000001,46.071161999 11.804781,46.071203999 11.8047520000001,46.0712189990001 11.804718,46.0712349990001 11.804675,46.0712539990001 11.8046390000001,46.071268999 11.8045920000001,46.0712849990001 11.804544,46.0713049990001 11.804495,46.0713289990001 11.8044200000001,46.071364999 11.804315,46.071406999 11.804181,46.0714579990001 11.804061,46.071497999 11.803972,46.071537999 11.803865,46.0716139990001 11.803838,46.0716389990001 11.803796,46.0716809990001 11.80377,46.0717039990001 11.803733,46.0717359990001 11.8037190000001,46.071743999 11.8036520000001,46.0717799990001 11.803504,46.071874999 11.803501,46.071878999 11.803478,46.0719069990001 11.8034730000001,46.0719089990001 11.803438,46.071921999 11.803369,46.071949999 11.803297,46.071992999 11.803279,46.072007999 11.803229,46.0720479990001 11.803057,46.0721549990001 11.803004,46.0722029990001 11.8029520000001,46.0722509990001 11.8029020000001,46.0722949990001 11.8028890000001,46.072305999 11.8028440000001,46.0723439990001 11.8027990000001,46.0723829990001 11.802709,46.072465999 11.8026780000001,46.0724909990001 11.802649,46.0725149990001 11.802643,46.0725229990001 11.802578,46.0726139990001 11.802538,46.0726589990001 11.802536,46.072660999 11.8025200000001,46.0726789990001 11.802471,46.0727179990001 11.802404,46.0727639990001 11.802328,46.0728149990001 11.8022930000001,46.0728299990001 11.802238,46.0728539990001 11.802155,46.072889999 11.8020970000001,46.072916999 11.8020560000001,46.072936999 11.8019640000001,46.072980999 11.801952,46.0729889990001 11.8019410000001,46.0729949990001 11.8019120000001,46.0730139990001 11.8019,46.073021999 11.801863,46.0730419990001 11.8018430000001,46.073052999 11.8018250000001,46.0730629990001 11.8017820000001,46.0730869990001 11.801724,46.073120999 11.8016690000001,46.073160999 11.8015510000001,46.0732609990001 11.80152,46.0732869990001 11.8014670000001,46.0733279990001 11.8014230000001,46.0733709990001 11.8013740000001,46.073434999 11.8013540000001,46.0734629990001 11.801315,46.0735119990001 11.801296,46.073545999 11.801291,46.0735519990001 11.801234,46.0736199990001 11.8012220000001,46.073630999 11.801209,46.0736449990001 11.8011310000001,46.073723999 11.8011050000001,46.073750999 11.80103,46.073834999 11.801009,46.073858999 11.801002,46.073863999 11.800976,46.0738889990001 11.8009430000001,46.073906999 11.8009250000001,46.0739159990001 11.8008830000001,46.073949999 11.800843,46.0739819990001 11.800824,46.073993999 11.8008120000001,46.0740029990001 11.8008080000001,46.0740069990001 11.8007920000001,46.074016999 11.800755,46.074040999 11.800728,46.0740519990001 11.8007180000001,46.0740559990001 11.8005830000001,46.0741169990001 11.8005700000001,46.0741799990001 11.8005220000001,46.074238999 11.8004760000001,46.0742949990001 11.800422,46.074402999 11.8003380000001,46.074622999 11.8003210000001,46.0746829990001 11.800288,46.0747959990001 11.8002320000001,46.0749749990001 11.80022,46.0749939990001 11.8001550000001,46.075096999 11.800126,46.075168999 11.800124,46.0751759990001 11.800101,46.075229999 11.8000290000001,46.0754019990001 11.799836,46.0757409990001 11.7996650000001,46.0760279990001 11.799647,46.0760589990001 11.7996010000001,46.0761179990001 11.7994890000001,46.0762629990001 11.7992130000001,46.0765039990001 11.7991230000001,46.0765779990001 11.7990310000001,46.0766669990001 11.7990300000001,46.076669999 11.7989420000001,46.076828999 11.798935,46.076835999 11.798933,46.0768399990001 11.798912,46.0768859990001 11.798907,46.0769099990001 11.7989020000001,46.0769289990001 11.7989010000001,46.076947999 11.7988990000001,46.0769749990001 11.7988810000001,46.0770269990001 11.7988350000001,46.0770909990001 11.798822,46.077101999 11.798775,46.077142999 11.7986520000001,46.0772289990001 11.7986040000001,46.077261999 11.7985580000001,46.077283999 11.7985200000001,46.077300999 11.798435,46.077349999 11.7984000000001,46.077369999 11.7983120000001,46.077419999 11.7982250000001,46.077459999 11.798145,46.0774949990001 11.7980410000001,46.0775409990001 11.797804,46.0776509990001 11.797801,46.0776529990001 11.7976130000001,46.077709999 11.797536,46.077707999 11.797519,46.077707999 11.797472,46.077707999 11.797429,46.0777229990001 11.7973940000001,46.077733999 11.7971650000001,46.0779739990001 11.7971450000001,46.0780169990001 11.7971440000001,46.0780139990001 11.796992,46.0783109990001 11.7968270000001,46.0783719990001 11.796709,46.0784169990001 11.7952040000001,46.077952999 11.794586,46.077914999 11.7940550000001,46.0778819990001 11.793841,46.0778799990001 11.7936260000001,46.0778569990001 11.79342,46.0778079990001 11.793231,46.0777399990001 11.793056,46.0776489990001 11.7929950000001,46.0776049990001 11.7929090000001,46.0775419990001 11.792784,46.077417999 11.7926850000001,46.077282999 11.7925300000001,46.0772079990001 11.792491,46.077188999 11.7922770000001,46.0771159990001 11.792047,46.0770699990001 11.791958,46.0770619990001 11.791812,46.0770479990001 11.791572,46.077052999 11.7914430000001,46.0770709990001 11.79134,46.0770849990001 11.7911100000001,46.0771609990001 11.790986,46.0771859990001 11.790868,46.077209999 11.7907250000001,46.0772209990001 11.7906150000001,46.0772299990001 11.7905060000001,46.0772269990001 11.7903630000001,46.0772219990001 11.7901140000001,46.0771829990001 11.78988,46.0771179990001 11.7897120000001,46.0770459990001 11.789662,46.0770249990001 11.7889450000001,46.076877999 11.788939,46.076876999 11.788829,46.0768909990001 11.7882750000001,46.0769589990001 11.788167,46.077032999 11.7880910000001,46.0770709990001 11.7880480000001,46.0770919990001 11.7879360000001,46.0771329990001 11.7879150000001,46.0771399990001 11.7877740000001,46.0771739990001 11.787626,46.077191999 11.787477,46.077195999 11.7873300000001,46.0771829990001 11.7867580000001,46.0771969990001 11.786281,46.077208999 11.78581,46.077351999 11.785785,46.077351999 11.7857520000001,46.077350999 11.785718,46.0773549990001 11.785692,46.0773569990001 11.785667,46.0773629990001 11.7856380000001,46.077370999 11.7856110000001,46.0773799990001 11.7855880000001,46.0773879990001 11.785542,46.077412999 11.7855030000001,46.0774449990001 11.785471,46.0774779990001 11.785449,46.0775139990001 11.7854340000001,46.077554999 11.785429,46.077594999 11.7854380000001,46.0776349990001 11.785444,46.0776509990001 11.7854530000001,46.0776749990001 11.7854790000001,46.077708999 11.785511,46.0777439990001 11.785553,46.0777709990001 11.785598,46.077795999 11.7856170000001,46.077802999 11.78565,46.0778139990001 11.785676,46.077817999 11.7857080000001,46.077823999 11.785766,46.0778269990001 11.785824,46.077825999 11.785853,46.077820999 11.7858810000001,46.0778149990001 11.7863160000001,46.0779059990001 11.7868080000001,46.0783509990001 11.786817,46.078358999 11.787252,46.0785129990001 11.7875010000001,46.078674999 11.787694,46.0787099990001 11.7879830000001,46.0787619990001 11.7884720000001,46.0789839990001 11.7890170000001,46.0793689990001 11.7893710000001,46.0797259990001 11.7895740000001,46.079987999 11.7896030000001,46.0801009990001 11.789633,46.0802199990001 11.7896850000001,46.080345999 11.789741,46.080481999 11.7900090000001,46.0810079990001 11.790359,46.0813649990001 11.790765,46.0818199990001 11.7907940000001,46.0818239990001 11.790826,46.081827999 11.790875,46.0818389990001 11.7908850000001,46.0818409990001 11.790937,46.0818609990001 11.7909560000001,46.081871999 11.790985,46.0818879990001 11.791009,46.0819069990001 11.791024,46.081919999 11.79103,46.0819269990001 11.791057,46.0819549990001 11.7910820000001,46.0819939990001 11.7910870000001,46.082010999 11.791095,46.082035999 11.791097,46.082078999 11.791092,46.082118999 11.791074,46.082161999 11.7910640000001,46.0821739990001 11.7910450000001,46.0821979990001 11.791026,46.082216999 11.79101,46.082233999 11.7909970000001,46.0822429990001 11.790967,46.0822639990001 11.790917,46.0822859990001 11.7908610000001,46.082303999 11.7908390000001,46.0823089990001 11.790804,46.0823169990001 11.7907690000001,46.0823189990001 11.7907430000001,46.082320999 11.7904300000001,46.0823179990001 11.790014,46.0823139990001 11.7898530000001,46.0824019990001 11.789787,46.082437999 11.7896940000001,46.0824029990001 11.7893300000001,46.0823759990001 11.7890170000001,46.0823859990001 11.7886810000001,46.082396999 11.7883160000001,46.0824039990001 11.7881860000001,46.082395999 11.788031,46.0823859990001 11.7877270000001,46.082391999 11.787332,46.082388999 11.7871670000001,46.0823829990001 11.7871440000001,46.0823809990001 11.787131,46.0823789990001 11.786974,46.0823799990001 11.786956,46.0823799990001 11.786907,46.0823839990001 11.786705,46.082396999 11.7864460000001,46.0824459990001 11.7862940000001,46.0824909990001 11.786104,46.082546999 11.7859,46.0826539990001 11.7857280000001,46.0827439990001 11.785697,46.0827579990001 11.785628,46.0827899990001 11.7855060000001,46.082842999 11.785449,46.082867999 11.7854,46.082868999 11.785336,46.0828709990001 11.785291,46.082868999 11.785261,46.082866999 11.784907,46.082841999 11.7846060000001,46.0828359990001 11.784586,46.0828359990001 11.7845840000001,46.0828359990001 11.784518,46.0828349990001 11.784344,46.082846999 11.783825,46.0829419990001 11.783823,46.0829419990001 11.7833170000001,46.0830079990001 11.7831360000001,46.0830139990001 11.782829,46.083025999 11.78277,46.0830299990001 11.782453,46.0830519990001 11.781772,46.083086999 11.781617,46.0830989990001 11.781418,46.083113999 11.780969,46.0831709990001 11.780696,46.083204999 11.780129,46.0832859990001 11.780067,46.083296999 11.7799690000001,46.083313999 11.7798340000001,46.083336999 11.7796690000001,46.0833659990001 11.7795390000001,46.083401999 11.7795,46.0834119990001 11.7794950000001,46.0834149990001 11.779391,46.0834669990001 11.7791730000001,46.0835489990001 11.7789680000001,46.0836229990001 11.7788820000001,46.083649999 11.778742,46.083694999 11.7786860000001,46.0837129990001 11.778424,46.0838199990001 11.7782270000001,46.083972999 11.778085,46.084038999 11.777998,46.084078999 11.777947,46.0841099990001 11.777902,46.0841359990001 11.777771,46.0842059990001 11.777609,46.0842979990001 11.7775280000001,46.0843439990001 11.777458,46.084377999 11.777433,46.0843899990001 11.777412,46.0844019990001 11.7772870000001,46.0844739990001 11.7771700000001,46.0845429990001 11.7771500000001,46.084554999 11.77709,46.0845839990001 11.7769240000001,46.084664999 11.776848,46.0847239990001 11.776777,46.084777999 11.7767710000001,46.0847899990001 11.77664,46.0850639990001 11.776639,46.0851019990001 11.7769510000001,46.085591999 11.777076,46.0858649990001 11.777161,46.0860499990001 11.7770810000001,46.086284999 11.776844,46.0865499990001 11.7765850000001,46.086715999 11.7764720000001,46.0867879990001 11.776263,46.0868659990001 11.77597,46.0869749990001 11.7756410000001,46.0870229990001 11.775293,46.087073999 11.774706,46.0872399990001 11.7740020000001,46.087437999 11.773609,46.0875349990001 11.7731420000001,46.0876499990001 11.772883,46.087729999 11.772661,46.087798999 11.772476,46.088040999 11.7724430000001,46.0880759990001 11.7721280000001,46.088405999 11.771711,46.0887049990001 11.7716340000001,46.088759999 11.7715470000001,46.088786999 11.7708630000001,46.0889979990001 11.769826,46.089280999 11.769302,46.0895809990001 11.769076,46.0899449990001 11.769028,46.090072999 11.768902,46.090409999 11.7687980000001,46.0905259990001 11.76869,46.0906459990001 11.768561,46.0907509990001 11.76843,46.090857999 11.768127,46.091039999 11.76798,46.091080999 11.76784,46.0911389990001 11.7677110000001,46.0912079990001 11.7676030000001,46.091287999 11.7675090000001,46.091377999 11.7674890000001,46.091509999 11.767499,46.0915919990001 11.767506,46.091641999 11.76752,46.0916789990001 11.767553,46.0917679990001 11.7681030000001,46.0925359990001 11.768179,46.0926209990001 11.7687500000001,46.093263999 11.7688430000001,46.093359999 11.76885,46.0933669990001 11.768967,46.0934589990001 11.76899,46.093471999 11.769106,46.093537999 11.769259,46.093602999 11.769327,46.093622999 11.7694240000001,46.093650999 11.769598,46.0936799990001 11.769775,46.0936889990001 11.769866,46.093697999 11.7700140000001,46.093711999 11.7702400000001,46.093760999 11.7703970000001,46.0938159990001 11.770454,46.0938359990001 11.7706460000001,46.0939349990001 11.770814,46.094053999 11.770817,46.094055999 11.77095,46.094188999 11.7709580000001,46.0942919990001 11.7709600000001,46.0943189990001 11.7710040000001,46.0944479990001 11.7710740000001,46.094568999 11.771175,46.0946789990001 11.771218,46.094711999 11.771302,46.094774999 11.771448,46.0948569990001 11.7716980000001,46.094975999 11.7719290000001,46.095111999 11.7721300000001,46.095266999 11.7721460000001,46.0952849990001 11.7726200000001,46.0957819990001 11.772682,46.0959289990001 11.772705,46.0959849990001 11.7728070000001,46.0960509990001 11.7734980000001,46.095970999 11.774119,46.095898999 11.7743130000001,46.0958609990001 11.774284,46.095740999 11.774411,46.0955089990001 11.7747220000001,46.0954849990001 11.7748800000001,46.0954379990001 11.7750790000001,46.095379999 11.775405,46.0952379990001 11.775498,46.0951969990001 11.7756200000001,46.0951189990001 11.775813,46.094995999 11.775835,46.0949419990001 11.775897,46.0947839990001 11.7761370000001,46.0946249990001 11.7764340000001,46.0945839990001 11.7764500000001,46.0945819990001 11.776597,46.094706999 11.7766060000001,46.0947149990001 11.776708,46.0948489990001 11.776621,46.095020999 11.7765620000001,46.095159999 11.776533,46.095225999 11.7764250000001,46.0955029990001 11.776417,46.095560999 11.7764050000001,46.0956399990001 11.7766320000001,46.095768999 11.7769490000001,46.095744999 11.7772400000001,46.095652999 11.7773310000001,46.0955749990001 11.7774250000001,46.095494999 11.7774450000001,46.0954389990001 11.7774900000001,46.0953069990001 11.777814,46.0949409990001 11.778222,46.0947439990001 11.778334,46.0946699990001 11.778599,46.0944969990001 11.778893,46.0944729990001 11.778915,46.0945339990001 11.7789480000001,46.0946249990001 11.7789320000001,46.094753999 11.778915,46.0948969990001 11.778934,46.0949419990001 11.779026,46.0951489990001 11.7792470000001,46.095228999 11.779394,46.0952409990001 11.77959,46.0952559990001 11.7801620000001,46.095139999 11.780175,46.095137999 11.780244,46.095115999 11.7807520000001,46.094953999 11.781061,46.0948279990001 11.781103,46.094824999 11.781308,46.0948059990001 11.781557,46.0949009990001 11.78193,46.095045999 11.7821060000001,46.095175999 11.782066,46.0952539990001 11.782048,46.095289999 11.7818790000001,46.095449999 11.78144,46.095880999 11.781463,46.0961329990001 11.781573,46.0963119990001 11.781732,46.0964769990001 11.7817450000001,46.0964919990001 11.7817450000001,46.0966829990001 11.7813850000001,46.0968799990001 11.7811070000001,46.0969439990001 11.780805,46.0970119990001 11.780469,46.097140999 11.7804790000001,46.097343999 11.7804640000001,46.0975139990001 11.780336,46.0976249990001 11.7803010000001,46.097654999 11.7802820000001,46.097676999 11.780093,46.0978979990001 11.78006,46.098082999 11.7800350000001,46.098222999 11.780062,46.0983199990001 11.7801260000001,46.0985439990001 11.780138,46.0985869990001 11.780178,46.0987279990001 11.780444,46.0988619990001 11.780542,46.098894999 11.7807730000001,46.098959999 11.7807770000001,46.098960999 11.781052,46.099029999 11.7811320000001,46.0990399990001 11.781191,46.099047999 11.781241,46.099052999 11.781308,46.0990579990001 11.781343,46.0990619990001 11.7813650000001,46.0990639990001 11.781398,46.0990629990001 11.781441,46.0990629990001 11.781481,46.0990599990001 11.781509,46.0990579990001 11.7815600000001,46.099054999 11.7816070000001,46.099047999 11.781756,46.099007999 11.7818130000001,46.0989929990001 11.7818280000001,46.098988999 11.78187,46.0989799990001 11.781931,46.098966999 11.7819640000001,46.098961999 11.7819900000001,46.098957999 11.7820350000001,46.0989539990001 11.7820390000001,46.0989529990001 11.7821920000001,46.0989549990001 11.78223,46.098959999 11.7822650000001,46.098964999 11.7823270000001,46.098980999 11.7823330000001,46.098982999 11.782388,46.099004999 11.7824220000001,46.0990239990001 11.782427,46.099026999 11.78243,46.099028999 11.782469,46.099053999 11.782519,46.099079999 11.782591,46.099117999 11.7827060000001,46.0992869990001 11.782813,46.0994479990001 11.7828720000001,46.099525999 11.7828930000001,46.0995379990001 11.7829350000001,46.0995619990001 11.783099,46.0996709990001 11.783133,46.099752999 11.783176,46.0998979990001 11.7832050000001,46.099993999 11.783223,46.100022999 11.7832300000001,46.1000339990001 11.7832710000001,46.1000529990001 11.783335,46.1000569990001 11.7834980000001,46.1000359990001 11.783573,46.1000099990001 11.7836590000001,46.099979999 11.783871,46.099908999 11.7841340000001,46.099858999 11.784137,46.0998579990001 11.7844230000001,46.0998029990001 11.784435,46.0998029990001 11.7845340000001,46.099795999 11.784706,46.0998059990001 11.7848070000001,46.0997449990001 11.7848510000001,46.0997179990001 11.7850050000001,46.0996479990001 11.7853210000001,46.0995349990001 11.7854320000001,46.099480999 11.7855010000001,46.0994469990001 11.7855440000001,46.0994059990001 11.7855690000001,46.0993819990001 11.785632,46.099303999 11.7857330000001,46.099253999 11.7857550000001,46.099250999 11.785782,46.0992459990001 11.785803,46.0992449990001 11.7858440000001,46.0992419990001 11.785877,46.0992399990001 11.785892,46.0992389990001 11.7859130000001,46.0992379990001 11.7860160000001,46.099205999 11.7860230000001,46.0992039990001 11.786232,46.0991529990001 11.786374,46.099118999 11.786394,46.0991139990001 11.786412,46.0991099990001 11.7864530000001,46.099101999 11.7864970000001,46.0990919990001 11.7866700000001,46.0990439990001 11.7866930000001,46.0990359990001 11.786846,46.098985999 11.786931,46.0989459990001 11.787001,46.098913999 11.787152,46.0988399990001 11.787316,46.0987909990001 11.787517,46.098759999 11.7876360000001,46.098760999 11.787658,46.098760999 11.787717,46.098786999 11.787763,46.098807999 11.7878690000001,46.0988649990001 11.787985,46.0989089990001 11.7880510000001,46.0989049990001 11.788059,46.0989049990001 11.788062,46.0989039990001 11.7881540000001,46.0988849990001 11.78819,46.0988829990001 11.788218,46.0988819990001 11.788266,46.098892999 11.7882710000001,46.098893999 11.788279,46.098895999 11.7883170000001,46.0989119990001 11.7883420000001,46.0989299990001 11.788346,46.0989329990001 11.7883640000001,46.0989539990001 11.788376,46.0989689990001 11.788378,46.0989749990001 11.7883840000001,46.0989909990001 11.7883840000001,46.0989989990001 11.7883830000001,46.0990149990001 11.788372,46.099047999 11.78837,46.099054999 11.7883570000001,46.099097999 11.788356,46.099117999 11.788351,46.0991479990001 11.7883670000001,46.0991749990001 11.788439,46.099211999 11.788485,46.0992219990001 11.788535,46.099209999 11.788555,46.0992009990001 11.788576,46.099189999 11.788598,46.0991739990001 11.788619,46.0991579990001 11.788647,46.0991299990001 11.7886580000001,46.099118999 11.788729,46.099027999 11.7887480000001,46.0990129990001 11.7888110000001,46.098961999 11.788863,46.0989289990001 11.7889430000001,46.098895999 11.7890140000001,46.0988779990001 11.7891530000001,46.0988639990001 11.789202,46.0988579990001 11.7892640000001,46.098851999 11.7893080000001,46.098849999 11.789342,46.098847999 11.7894210000001,46.098850999 11.78943,46.098851999 11.789504,46.0988789990001 11.789584,46.0989289990001 11.789593,46.0989339990001 11.789631,46.0989549990001 11.7896870000001,46.0989719990001 11.789721,46.098982999 11.789746,46.098987999 11.7897610000001,46.0989919990001 11.789771,46.0989929990001 11.7898230000001,46.0990009990001 11.789859,46.0990009990001 11.7899,46.0990019990001 11.7900940000001,46.0989799990001 11.7902480000001,46.098961999 11.790469,46.0989519990001 11.7905730000001,46.098957999 11.7906320000001,46.0989769990001 11.790668,46.099002999 11.790687,46.0990169990001 11.79069,46.099029999 11.7906980000001,46.0990589990001 11.790696,46.099117999 11.7907240000001,46.099212999 11.7906820000001,46.0993349990001 11.7906180000001,46.099389999 11.790532,46.0994649990001 11.7904070000001,46.099641999 11.790284,46.099730999 11.790056,46.0998109990001 11.790018,46.0998289990001 11.7899180000001,46.0998779990001 11.789908,46.0998929990001 11.789903,46.0999009990001 11.789901,46.0999219990001 11.7899850000001,46.1000149990001 11.790016,46.100085999 11.789989,46.100153999 11.7899370000001,46.1002109990001 11.789676,46.100443999 11.789549,46.100581999 11.7895370000001,46.1006589990001 11.789543,46.100744999 11.7895760000001,46.100806999 11.7896200000001,46.100878999 11.7896640000001,46.100923999 11.7897160000001,46.1009569990001 11.7897830000001,46.100993999 11.7898250000001,46.1010169990001 11.7898710000001,46.101052999 11.789925,46.101096999 11.7899820000001,46.101128999 11.7901870000001,46.101173999 11.7903010000001,46.101214999 11.7903850000001,46.1012449990001 11.7905660000001,46.101328999 11.7906580000001,46.1014479990001 11.7907310000001,46.101570999 11.7907480000001,46.101637999 11.790757,46.1016699990001 11.7907750000001,46.1016989990001 11.7907900000001,46.1017229990001 11.790823,46.101732999 11.790845,46.1017389990001 11.7909730000001,46.101707999 11.7911270000001,46.101682999 11.7912870000001,46.1016569990001 11.791367,46.101642999 11.7914460000001,46.1016289990001 11.791729,46.1016359990001 11.792108,46.101643999 11.792354,46.101705999 11.7924100000001,46.1017199990001 11.792649,46.101797999 11.7927,46.1018129990001 11.792827,46.1018499990001 11.7928910000001,46.1019039990001 11.7929360000001,46.1019409990001 11.792984,46.1019709990001 11.793104,46.102021999 11.793194,46.1020539990001 11.793276,46.1020829990001 11.793509,46.102183999 11.7936070000001,46.102204999 11.7936540000001,46.1022149990001 11.7937220000001,46.102271999 11.793733,46.1022879990001 11.7937660000001,46.102337999 11.7937920000001,46.102364999 11.7938310000001,46.102404999 11.7939670000001,46.102452999 11.794118,46.1024839990001 11.794254,46.1025099990001 11.7943540000001,46.1025299990001 11.794433,46.102544999 11.794538,46.102564999 11.794699,46.102629999 11.794817,46.102676999 11.795064,46.1027819990001 11.7952520000001,46.102883999 11.795395,46.102995999 11.7955450000001,46.1031129990001 11.7956,46.1032529990001 11.7956160000001,46.1032949990001 11.7956360000001,46.1034069990001 11.795625,46.103484999 11.795646,46.103490999 11.7956990000001,46.103506999 11.795718,46.103511999 11.795775,46.103512999 11.7958150000001,46.103513999 11.795849,46.103511999 11.795893,46.103510999 11.7959730000001,46.103507999 11.796031,46.103505999 11.7973180000001,46.1039539990001 11.7984310000001,46.103937999 11.799762,46.1038849990001 11.8004120000001,46.103850999 11.8006720000001,46.1038369990001 11.8010390000001,46.1038179990001 11.8024770000001,46.1038619990001 11.804175,46.1039229990001 11.8057660000001,46.1039089990001 11.80697,46.1036549990001 11.8079020000001,46.1034069990001 11.809106,46.103169999 11.810009,46.1026239990001 11.8107460000001,46.102337999 11.812195,46.1020859990001 11.8133580000001,46.102046999 11.8137160000001,46.102497999 11.8141230000001,46.103350999 11.8144510000001,46.1042009990001 11.8149520000001,46.1046469990001 11.815461,46.1049859990001 11.815777,46.1056159990001 11.8164380000001,46.106119999 11.8169,46.1065599990001 11.817145,46.1070579990001 11.818019,46.107180999 11.8186490000001,46.1073739990001 11.8193460000001,46.107829999 11.8200410000001,46.108011999 11.821382,46.107926999 11.822437,46.107807999 11.823159,46.107859999 11.824422,46.1081559990001 11.825047,46.108240999 11.825567,46.1080209990001 11.8258020000001,46.1075549990001 11.826089,46.107108999 11.8270590000001,46.1067849990001 11.827972,46.106980999 11.829122,46.107201999 11.830432,46.107251999 11.8316070000001,46.1072119990001 11.8326030000001,46.107451999 11.834081,46.1080059990001 11.8355480000001,46.108599999 11.8372420000001,46.109339999 11.8386410000001,46.1096219990001 11.83968,46.109433999 11.841119,46.1092449990001 11.842156,46.109524999 11.8424230000001,46.1099329990001 11.8430460000001,46.110485999 11.843919,46.111346999 11.844907,46.111680999 11.845939,46.111618999 11.8473540000001,46.111707999 11.8481360000001,46.112039999 11.848954,46.112624999 11.8499810000001,46.112697999 11.8518980000001,46.1127289990001 11.854136,46.112717999 11.855642,46.1128179990001 11.856951,46.113348999 11.8586720000001,46.1140989990001 11.8601580000001,46.114314999 11.8615750000001,46.114430999 11.862788,46.1148689990001 11.864629,46.115418999 11.86594,46.1154999990001 11.867262,46.1152799990001 11.8679260000001,46.115351999 11.869108,46.1159509990001 11.8698390000001,46.1160609990001 11.8708290000001,46.115935999 11.872303,46.115916999 11.873519,46.1158789990001 11.8743890000001,46.115965999 11.875072,46.116640999 11.8756910000001,46.117355999 11.877168,46.1178639990001 11.8791220000001,46.1181159990001 11.880204,46.1180239990001 11.881157,46.117675999 11.88309,46.117246999 11.8846810000001,46.1172549990001 11.8860990000001,46.1176399990001 11.8869750000001,46.1180689990001 11.888178,46.1187859990001 11.889644,46.1196219990001 11.890722,46.120150999 11.8917490000001,46.120484999 11.892229,46.1207409990001 11.8928040000001,46.121116999 11.893355,46.121523999 11.8940470000001,46.122108999 11.8949490000001,46.122781999 11.896086,46.123730999 11.896289,46.1243749990001 11.8966390000001,46.1248889990001 11.896961,46.125347999 11.897145,46.125892999 11.897163,46.126720999 11.8970820000001,46.127893999 11.897114,46.128744999 11.8974840000001,46.129402999 11.89892,46.1298609990001 11.900563,46.1303419990001 11.9016350000001,46.1308119990001 11.902679,46.1314389990001 11.904183,46.1324739990001 11.90493,46.1331289990001 11.9054330000001,46.1338449990001 11.905758,46.134334999 11.9053640000001,46.1347289990001 11.9040880000001,46.135319999 11.9028930000001,46.135746999 11.9019280000001,46.136129999 11.9016110000001,46.136490999 11.9020580000001,46.1371189990001 11.9025740000001,46.1375649990001 11.903403,46.1380559990001 11.9044650000001,46.1385709990001 11.9048780000001,46.139288999 11.9053260000001,46.1396829990001 11.906489,46.139867999 11.907429,46.140032999 11.9084560000001,46.140339999 11.909229,46.140526999 11.909908,46.141111999 11.910648,46.1416409990001 11.9116970000001,46.142388999 11.912696,46.143405999 11.9134080000001,46.1443889990001 11.914069,46.1451269990001 11.915105,46.1465949990001 11.915712,46.147551999 11.9168020000001,46.148084999 11.921932,46.149825999 11.9215570000001,46.150337999 11.9208810000001,46.151263999 11.920215,46.1521279990001 11.9193960000001,46.1530559990001 11.9186090000001,46.1540919990001 11.918299,46.1550829990001 11.918389,46.1558189990001 11.918756,46.156872999 11.919268,46.1579849990001 11.919885,46.158869999 11.9205170000001,46.1595439990001 11.9208330000001,46.1603899990001 11.920911,46.161129999 11.9214490000001,46.161976999 11.922289,46.162674999 11.923906,46.1631409990001 11.924787,46.1633849990001 11.925597,46.1639969990001 11.925911,46.1650309990001 11.9263790000001,46.166037999 11.926566,46.166636999 11.926862,46.1670769990001 11.927667,46.167607999 11.9278580000001,46.1680219990001 11.9284920000001,46.1689709990001 11.928815,46.169474999 11.929113,46.1701889990001 11.929376,46.1707679990001 11.9296360000001,46.1712649990001 11.9295700000001,46.1717139990001 11.9287160000001,46.1724829990001 11.92803,46.173255999 11.9280410000001,46.173913999 11.9279770000001,46.1744199990001 11.9284450000001,46.175193999 11.928641,46.1759499990001 11.9293660000001,46.1759339990001 11.9298840000001,46.175920999 11.9311740000001,46.1758159990001 11.932422,46.1756559990001 11.9333740000001,46.1755419990001 11.9343900000001,46.175154999 11.935285,46.1749359990001 11.936205,46.174676999 11.936787,46.1744189990001 11.937464,46.1744639990001 11.9384010000001,46.174564999 11.9391590000001,46.1744419990001 11.940056,46.1740199990001 11.9410770000001,46.173236999 11.942346,46.1725019990001 11.9438440000001,46.1723929990001 11.944688,46.1724429990001 11.9455830000001,46.171980999 11.947056,46.1709309990001 11.94849,46.170132999 11.949852,46.169925999 11.9511630000001,46.169969999 11.9507140000001,46.1705429990001 11.950182,46.171257999 11.949556,46.1723889990001 11.949057,46.1737249990001 11.9483260000001,46.175289999 11.947837,46.1763299990001 11.948134,46.1772779990001 11.9490690000001,46.178774999 11.949821,46.1800059990001 11.950587,46.1812459990001 11.9520620000001,46.181568999 11.952837,46.1828449990001 11.9535250000001,46.183123999 11.9544,46.183237999 11.9554210000001,46.1831839990001 11.956307,46.183508999 11.9570150000001,46.1839149990001 11.957795,46.1842099990001 11.958362,46.1843739990001 11.9591840000001,46.184966999 11.9598960000001,46.1856749990001 11.96059,46.1862869990001 11.960991,46.186747999 11.961311,46.187394999 11.9620150000001,46.1879719990001 11.962721,46.1888049990001 11.9629170000001,46.1895669990001 11.962571,46.190349999 11.9618380000001,46.190712999 11.961414,46.1910119990001 11.9615650000001,46.1921409990001 11.961395,46.1933149990001 11.9612770000001,46.1938959990001 11.9611590000001,46.1944749990001 11.961281,46.195773999 11.961647,46.196557999 11.9616290000001,46.197663999 11.9615600000001,46.1979229990001 11.9614330000001,46.198404999 11.9614030000001,46.198517999 11.9620600000001,46.1994169990001 11.962044,46.1994149990001 11.9625380000001,46.199577999 11.9625070000001,46.1996169990001 11.9625070000001,46.199649999 11.9625070000001,46.199672999 11.9625150000001,46.199693999 11.9625580000001,46.1998129990001 11.962571,46.199823999 11.9626260000001,46.199867999 11.96275,46.1999509990001 11.9627840000001,46.1999689990001 11.9629380000001,46.200049999 11.963065,46.200142999 11.9631220000001,46.2001769990001 11.963132,46.200183999 11.9632770000001,46.2002389990001 11.963448,46.2003099990001 11.963604,46.200369999 11.963624,46.2003809990001 11.963714,46.2004269990001 11.9638140000001,46.2005129990001 11.963847,46.200550999 11.9639500000001,46.2006679990001 11.9639790000001,46.2006959990001 11.9640410000001,46.2007559990001 11.96407,46.2008099990001 11.9640890000001,46.2008469990001 11.964103,46.2008929990001 11.964115,46.200933999 11.964102,46.201002999 11.964097,46.201023999 11.9641050000001,46.2011199990001 11.964119,46.201155999 11.9641350000001,46.201198999 11.9641490000001,46.201222999 11.9641790000001,46.2012769990001 11.9642010000001,46.201315999 11.964211,46.201332999 11.964232,46.2013439990001 11.9643300000001,46.2013979990001 11.964431,46.201421999 11.964477,46.2014329990001 11.9645420000001,46.2014389990001 11.9646480000001,46.201447999 11.964734,46.2014559990001 11.964823,46.2014639990001 11.964954,46.2015019990001 11.965049,46.2015279990001 11.9651200000001,46.2015469990001 11.9653450000001,46.201584999 11.96543,46.201603999 11.965516,46.2016229990001 11.965633,46.201646999 11.9656430000001,46.201652999 11.9657060000001,46.201693999 11.96583,46.2017519990001 11.965896,46.2017999990001 11.9659090000001,46.201809999 11.9659140000001,46.201807999 11.965963,46.2018599990001 11.965995,46.2018929990001 11.9660410000001,46.201939999 11.9661770000001,46.202079999 11.9662450000001,46.202142999 11.9663650000001,46.202278999 11.966375,46.202284999 11.966462,46.202346999 11.966557,46.202396999 11.966625,46.2024329990001 11.9667670000001,46.2024959990001 11.966799,46.202510999 11.9668150000001,46.2025169990001 11.966936,46.2025659990001 11.967067,46.2026029990001 11.9672200000001,46.202592999 11.967294,46.2025839990001 11.9673770000001,46.202574999 11.967476,46.2025859990001 11.9675340000001,46.202592999 11.967584,46.2026079990001 11.9677100000001,46.2026469990001 11.967794,46.2026979990001 11.967855,46.202734999 11.967993,46.202842999 11.968016,46.2028789990001 11.968082,46.202979999 11.968086,46.2029859990001 11.9680920000001,46.2029939990001 11.968107,46.2030119990001 11.968155,46.203072999 11.968219,46.203114999 11.96824,46.2031289990001 11.968259,46.203139999 11.9683670000001,46.203204999 11.968512,46.203316999 11.968559,46.203360999 11.968626,46.2034219990001 11.9687510000001,46.203586999 11.968782,46.2036269990001 11.9688320000001,46.203748999 11.9688640000001,46.2038409990001 11.9689050000001,46.2039559990001 11.968917,46.204080999 11.969006,46.204176999 11.9690650000001,46.2042949990001 11.969118,46.2043879990001 11.9691310000001,46.204439999 11.969138,46.204469999 11.96914,46.2045389990001 11.9691510000001,46.2045919990001 11.9691570000001,46.2046279990001 11.9692000000001,46.2046729990001 11.969204,46.2046769990001 11.969303,46.2047299990001 11.9694630000001,46.204776999 11.9695750000001,46.2047859990001 11.9696070000001,46.2047879990001 11.9697840000001,46.2047679990001 11.9699210000001,46.2047469990001 11.9700520000001,46.2047269990001 11.9702350000001,46.204690999 11.970464,46.204714999 11.9706830000001,46.204781999 11.9708430000001,46.2048129990001 11.9709330000001,46.2048369990001 11.971055,46.204869999 11.9712690000001,46.204961999 11.971439,46.205052999 11.971459,46.2050629990001 11.971478,46.2050789990001 11.9715830000001,46.205163999 11.971622,46.2052149990001 11.9716500000001,46.205249999 11.971703,46.2053139990001 11.971713,46.2053259990001 11.971711,46.205363999 11.97171,46.2053819990001 11.9717000000001,46.205390999 11.971659,46.2054279990001 11.9715190000001,46.205518999 11.9714500000001,46.205616999 11.9714490000001,46.2056199990001 11.97144,46.205657999 11.9714230000001,46.205727999 11.9714250000001,46.205744999 11.9714290000001,46.2058099990001 11.971477,46.2059219990001 11.9715370000001,46.2060699990001 11.9715400000001,46.2060789990001 11.9715620000001,46.206129999 11.9716290000001,46.2061929990001 11.971687,46.2062809990001 11.971794,46.2063859990001 11.9719010000001,46.2064619990001 11.9719250000001,46.2064799990001 11.97198,46.2065089990001 11.9720760000001,46.206557999 11.972153,46.206584999 11.972245,46.2066149990001 11.9725470000001,46.206694999 11.972989,46.206718999 11.9731390000001,46.2067079990001 11.9732760000001,46.206696999 11.973459,46.2066799990001 11.9735170000001,46.2066649990001 11.973595,46.2066619990001 11.9736990000001,46.2066589990001 11.9738120000001,46.2066629990001 11.9740610000001,46.2066189990001 11.97421,46.206601999 11.9743090000001,46.206603999 11.974383,46.206605999 11.9744430000001,46.2066109990001 11.9744480000001,46.2066119990001 11.974474,46.206605999 11.9745560000001,46.2065879990001 11.974658,46.2065899990001 11.974774,46.206582999 11.9748030000001,46.206581999 11.974887,46.206602999 11.9749790000001,46.2066349990001 11.975058,46.2066619990001 11.975268,46.206741999 11.9753640000001,46.2067899990001 11.9754310000001,46.206810999 11.97547,46.2068239990001 11.975496,46.2068129990001 11.975513,46.206870999 11.9755200000001,46.206896999 11.9757050000001,46.207029999 11.975966,46.2071789990001 11.976072,46.2072399990001 11.9764950000001,46.207372999 11.9767800000001,46.2075169990001 11.976814,46.2075389990001 11.976862,46.207569999 11.9769600000001,46.207594999 11.9770320000001,46.207613999 11.977342,46.207666999 11.977882,46.2077629990001 11.9791030000001,46.208026999 11.979343,46.2080989990001 11.979944,46.2082809990001 11.980986,46.2085229990001 11.9814720000001,46.208634999 11.9824770000001,46.2088639990001 11.9829960000001,46.2089749990001 11.9842360000001,46.2090279990001 11.9846660000001,46.2090519990001 11.985235,46.209083999 11.985692,46.2090289990001 11.9861060000001,46.2089789990001 11.9871190000001,46.208741999 11.988007,46.2085939990001 11.988914,46.2084429990001 11.9894340000001,46.2083469990001 11.9898400000001,46.208272999 11.9916210000001,46.2086009990001 11.9919580000001,46.2087599990001 11.991991,46.2087749990001 11.9920000000001,46.2087799990001 11.992261,46.208923999 11.992381,46.2090739990001 11.992312,46.2091799990001 11.992282,46.209211999 11.992084,46.2094239990001 11.9919650000001,46.2095409990001 11.9919190000001,46.2095869990001 11.991589,46.2098829990001 11.9915510000001,46.2099279990001 11.991538,46.2099429990001 11.9915360000001,46.2099479990001 11.9915140000001,46.2099979990001 11.991493,46.2100549990001 11.991472,46.210114999 11.991475,46.2101689990001 11.991478,46.2102229990001 11.991478,46.2102409990001 11.991478,46.2102819990001 11.991494,46.2103249990001 11.991498,46.2103359990001 11.991545,46.2103799990001 11.991609,46.210431999 11.991657,46.210454999 11.991682,46.2104659990001 11.9917610000001,46.2104899990001 11.9919160000001,46.2105299990001 11.992078,46.210565999 11.992243,46.2106029990001 11.99233,46.210606999 11.992668,46.2105979990001 11.992802,46.210615999 11.9930380000001,46.2106469990001 11.993073,46.2107119990001 11.9931330000001,46.2108209990001 11.9933540000001,46.2108529990001 11.993361,46.2108539990001 11.99343,46.2108529990001 11.9934670000001,46.2108519990001 11.99353,46.2108499990001 11.9936680000001,46.2109159990001 11.9937620000001,46.2109619990001 11.993775,46.211196999 11.994086,46.2112079990001 11.9941230000001,46.211198999 11.994337,46.2111429990001 11.9944320000001,46.2110509990001 11.9945250000001,46.2109609990001 11.994646,46.2108499990001 11.994768,46.2107389990001 11.994923,46.210588999 11.9949560000001,46.2105579990001 11.994946,46.2103809990001 11.9949940000001,46.2102229990001 11.9950890000001,46.2100379990001 11.9950920000001,46.210030999 11.995096,46.210023999 11.995168,46.2100139990001 11.995433,46.2099759990001 11.995624,46.2098529990001 11.9956040000001,46.2097629990001 11.9955860000001,46.2096779990001 11.9955200000001,46.2095849990001 11.995464,46.209503999 11.9953090000001,46.2092529990001 11.9955630000001,46.2092459990001 11.9957470000001,46.2093189990001 11.9959050000001,46.2093809990001 11.995938,46.209393999 11.9961430000001,46.209525999 11.996245,46.2098369990001 11.996247,46.2098799990001 11.9962580000001,46.210071999 11.996447,46.209909999 11.9966020000001,46.209805999 11.996657,46.2097699990001 11.9966920000001,46.2097469990001 11.9966920000001,46.2098149990001 11.9966910000001,46.209939999 11.9966880000001,46.2101979990001 11.996612,46.2103569990001 11.9966420000001,46.2103759990001 11.996652,46.210382999 11.996788,46.2104699990001 11.996922,46.210540999 11.997108,46.210637999 11.997166,46.210656999 11.997189,46.2106639990001 11.997511,46.210764999 11.997847,46.2107559990001 11.997849,46.2107559990001 11.998003,46.2107989990001 11.9981080000001,46.2108279990001 11.99818,46.2108479990001 11.998366,46.210899999 11.998772,46.211084999 11.9989170000001,46.2112049990001 11.9989790000001,46.2112559990001 11.9993270000001,46.211423999 11.9994090000001,46.2114319990001 11.9996400000001,46.2114549990001 12.000035,46.211444999 12.000459,46.2114329990001 12.000485,46.211439999 12.000526,46.2114499990001 12.000888,46.2115399990001 12.0011220000001,46.2116359990001 12.001293,46.2117059990001 12.001429,46.211831999 12.0016210000001,46.212010999 12.001765,46.2121789990001 12.0018020000001,46.2122219990001 12.001949,46.2123359990001 12.0020420000001,46.212280999 12.0020860000001,46.212253999 12.0021610000001,46.212075999 12.002193,46.2120009990001 12.002198,46.211986999 12.002211,46.2119569990001 12.002457,46.2117929990001 12.002513,46.2117919990001 12.002637,46.2117879990001 12.002683,46.211786999 12.0028970000001,46.211941999 12.002918,46.211957999 12.0029190000001,46.2119689990001 12.00293,46.2121729990001 12.002778,46.2124469990001 12.002775,46.2124519990001 12.002931,46.212632999 12.002957,46.212662999 12.003049,46.212797999 12.003187,46.212820999 12.003248,46.2128319990001 12.00336,46.2127649990001 12.003435,46.2127199990001 12.003522,46.2126679990001 12.003746,46.2126679990001 12.003767,46.2126679990001 12.003931,46.2126689990001 12.0042710000001,46.2128559990001 12.004331,46.212977999 12.0043860000001,46.213088999 12.004402,46.2133209990001 12.0044370000001,46.213834999 12.004148,46.2144479990001 12.0041170000001,46.2145139990001 12.0036420000001,46.215087999 12.003341,46.2154419990001 12.0029010000001,46.2159609990001 12.002847,46.2161219990001 12.002548,46.2170199990001 12.002682,46.2179839990001 12.00276,46.2186639990001 12.0030130000001,46.2188799990001 12.00302,46.2188859990001 12.0032390000001,46.2189749990001 12.003479,46.2190719990001 12.004066,46.2193139990001 12.004467,46.219928999 12.0045280000001,46.2200619990001 12.0048410000001,46.220741999 12.0052390000001,46.2212999990001 12.0053310000001,46.2213649990001 12.0056670000001,46.221602999 12.0062530000001,46.2218139990001 12.006556,46.2218579990001 12.0069110000001,46.221909999 12.0072910000001,46.2220999990001 12.0074250000001,46.222294999 12.007578,46.2225559990001 12.0076040000001,46.2226019990001 12.0076750000001,46.2226399990001 12.008,46.222812999 12.0083680000001,46.2229429990001 12.008499,46.2229889990001 12.0090480000001,46.2231399990001 12.011154,46.223803999 12.0120650000001,46.2241979990001 12.0134110000001,46.2247819990001 12.014007,46.2250539990001 12.014412,46.2253699990001 12.0147190000001,46.225579999 12.0147460000001,46.2255979990001 12.0147910000001,46.225627999 12.01491,46.2256879990001 12.0149960000001,46.2257309990001 12.0153350000001,46.2258669990001 12.0156460000001,46.226036999 12.0157110000001,46.2260719990001 12.0158290000001,46.226143999 12.016146,46.2263369990001 12.016382,46.226599999 12.0164580000001,46.226781999 12.016575,46.226893999 12.0166560000001,46.227139999 12.016674,46.2271929990001 12.0166810000001,46.2272139990001 12.0167040000001,46.2272619990001 12.0168430000001,46.2275549990001 12.016873,46.227629999 12.016985,46.2279199990001 12.0170400000001,46.228309999 12.0170180000001,46.2284959990001 12.017008,46.228582999 12.017004,46.228625999 12.0169950000001,46.2287029990001 12.016982,46.2288649990001 12.0169770000001,46.2289279990001 12.0169760000001,46.2289329990001 12.0169750000001,46.2289489990001 12.0170200000001,46.229162999 12.017078,46.2292179990001 12.0170840000001,46.2292239990001 12.01716,46.229296999 12.0172160000001,46.2293489990001 12.0172240000001,46.2293519990001 12.017365,46.2294259990001 12.017455,46.229452999 12.0174900000001,46.2294699990001 12.0174940000001,46.2294729990001 12.0175160000001,46.2294879990001 12.017573,46.229525999 12.017618,46.229571999 12.0176500000001,46.2296039990001 12.017701,46.2296679990001 12.01775,46.229702999 12.017818,46.229751999 12.017842,46.229766999 12.017844,46.229767999 12.0178460000001,46.229769999 12.0178710000001,46.2297849990001 12.017905,46.2298059990001 12.01791,46.2298069990001 12.017911,46.2298079990001 12.0180140000001,46.2298479990001 12.018043,46.2298549990001 12.0181040000001,46.2298709990001 12.018138,46.229884999 12.018157,46.2298929990001 12.0181690000001,46.229902999 12.0182550000001,46.229971999 12.018359,46.2300329990001 12.0184,46.2300569990001 12.018425,46.2300709990001 12.018543,46.230134999 12.0186860000001,46.230221999 12.018714,46.2302359990001 12.018719,46.2302389990001 12.018899,46.2302769990001 12.018969,46.2303219990001 12.0189810000001,46.230331999 12.0190930000001,46.230422999 12.0191810000001,46.230489999 12.019195,46.2305009990001 12.0193370000001,46.2305899990001 12.0194240000001,46.230627999 12.0194520000001,46.2306329990001 12.019487,46.2306369990001 12.019489,46.2306369990001 12.0195200000001,46.2306349990001 12.019711,46.230626999 12.019842,46.2306179990001 12.0199920000001,46.230607999 12.020321,46.2305219990001 12.0204630000001,46.230472999 12.020651,46.2304089990001 12.021125,46.230240999 12.0213160000001,46.230195999 12.021491,46.230155999 12.021617,46.230088999 12.021851,46.2299649990001 12.0221550000001,46.2298079990001 12.022323,46.2297209990001 12.0226250000001,46.2296219990001 12.023015,46.2294949990001 12.023669,46.2292199990001 12.02387,46.229203999 12.0241500000001,46.229181999 12.0243770000001,46.229166999 12.0245420000001,46.2291559990001 12.0246260000001,46.2291739990001 12.024682,46.229204999 12.0247200000001,46.2292259990001 12.024748,46.2292409990001 12.0247620000001,46.229248999 12.0247640000001,46.229249999 12.02491,46.2293309990001 12.0249190000001,46.2293359990001 12.0249410000001,46.2293489990001 12.024973,46.229370999 12.0250790000001,46.2294419990001 12.025116,46.2294699990001 12.0251420000001,46.2294959990001 12.0251430000001,46.229496999 12.025159,46.229521999 12.02516,46.2295299990001 12.025161,46.2295369990001 12.0251700000001,46.2295859990001 12.0251660000001,46.2297189990001 12.0251690000001,46.229774999 12.025199,46.2298719990001 12.025207,46.229901999 12.025244,46.229998999 12.0252560000001,46.2300299990001 12.0253050000001,46.230155999 12.025313,46.2301819990001 12.0253260000001,46.230219999 12.025362,46.2302839990001 12.0253720000001,46.230293999 12.025387,46.230308999 12.025432,46.2303439990001 12.025581,46.230426999 12.025696,46.2304849990001 12.0257130000001,46.230492999 12.025785,46.2305289990001 12.025807,46.2305469990001 12.025899,46.2306639990001 12.0259060000001,46.230675999 12.0259380000001,46.230739999 12.025943,46.230762999 12.025968,46.230871999 12.025991,46.2309299990001 12.0260480000001,46.2309969990001 12.0260880000001,46.2310449990001 12.0261180000001,46.2310719990001 12.0262520000001,46.231166999 12.0262940000001,46.231191999 12.026443,46.231274999 12.026508,46.231306999 12.0265380000001,46.231321999 12.026574,46.2313389990001 12.026647,46.231370999 12.0267880000001,46.231460999 12.026892,46.231531999 12.0269430000001,46.2315639990001 12.026978,46.2315859990001 12.026998,46.231594999 12.02709,46.2316259990001 12.0271710000001,46.2316519990001 12.0271740000001,46.2316539990001 12.0271760000001,46.2316539990001 12.0272390000001,46.231684999 12.0273330000001,46.231730999 12.0273700000001,46.231749999 12.0274420000001,46.2317859990001 12.027566,46.231839999 12.0276200000001,46.2318539990001 12.027744,46.231886999 12.0278430000001,46.231909999 12.0278880000001,46.2319209990001 12.0279570000001,46.2319399990001 12.028067,46.2319689990001 12.0282580000001,46.231979999 12.0284290000001,46.2319879990001 12.028463,46.231995999 12.0284980000001,46.232002999 12.0286760000001,46.2320509990001 12.02871,46.2320599990001 12.0287880000001,46.2320809990001 12.02889,46.2321069990001 12.028967,46.2321259990001 12.029142,46.2321459990001 12.029328,46.2321509990001 12.029417,46.2321429990001 12.0295180000001,46.232132999 12.0295640000001,46.2321299990001 12.0296020000001,46.2321269990001 12.029793,46.2321409990001 12.0298740000001,46.2321429990001 12.029956,46.232132999 12.030062,46.2321209990001 12.0301620000001,46.232109999 12.0302390000001,46.2321009990001 12.0303290000001,46.2321059990001 12.0303680000001,46.2321039990001 12.03042,46.2321019990001 12.030476,46.2320799990001 12.0305510000001,46.2320349990001 12.0306210000001,46.2319929990001 12.030652,46.2319709990001 12.030694,46.231933999 12.0307570000001,46.2318799990001 12.0307750000001,46.231864999 12.030809,46.231867999 12.030809,46.231869999 12.030809,46.2318719990001 12.030834,46.231891999 12.031192,46.2321679990001 12.0313120000001,46.2323319990001 12.031395,46.232445999 12.031534,46.2325689990001 12.031731,46.232741999 12.0318370000001,46.2328019990001 12.031913,46.2328449990001 12.03207,46.232878999 12.032134,46.232873999 12.032224,46.2328669990001 12.0326480000001,46.232717999 12.032947,46.2325769990001 12.032948,46.2325769990001 12.033042,46.2326599990001 12.0332740000001,46.232808999 12.0335410000001,46.2329579990001 12.0337710000001,46.2330699990001 12.033784,46.233079999 12.0338780000001,46.2331569990001 12.0338760000001,46.2331849990001 12.033874,46.2332239990001 12.0340430000001,46.233169999 12.034122,46.2331389990001 12.034344,46.2330499990001 12.034506,46.2329999990001 12.034612,46.232966999 12.0347140000001,46.2329359990001 12.0348320000001,46.232899999 12.034934,46.232880999 12.035018,46.2328649990001 12.0350970000001,46.2328489990001 12.0351910000001,46.232828999 12.035447,46.2327769990001 12.03569,46.2327149990001 12.035715,46.2327089990001 12.035782,46.232700999 12.0359030000001,46.2326879990001 12.0359740000001,46.232673999 12.0360480000001,46.2326589990001 12.0360680000001,46.2326649990001 12.036117,46.232677999 12.0360670000001,46.232718999 12.036026,46.232741999 12.036009,46.2327509990001 12.035939,46.2327959990001 12.0358420000001,46.232859999 12.0357240000001,46.2329359990001 12.035668,46.232972999 12.035539,46.2330499990001 12.0353910000001,46.2331349990001 12.0352130000001,46.233235999 12.0351650000001,46.233262999 12.034991,46.2333129990001 12.0348950000001,46.2333679990001 12.034791,46.2334269990001 12.0345980000001,46.233571999 12.0344850000001,46.2336509990001 12.0344440000001,46.2336799990001 12.0343790000001,46.233715999 12.034302,46.233756999 12.034121,46.2338079990001 12.0340180000001,46.233849999 12.033934,46.2338839990001 12.033827,46.2339509990001 12.033782,46.233978999 12.0337730000001,46.233984999 12.033717,46.2340149990001 12.0336570000001,46.234047999 12.033596,46.234075999 12.033515,46.234111999 12.0332760000001,46.234184999 12.0331400000001,46.234230999 12.033063,46.2343069990001 12.0330260000001,46.2343289990001 12.0329860000001,46.2343529990001 12.0329180000001,46.234362999 12.0328630000001,46.2343709990001 12.0327540000001,46.2344479990001 12.032742,46.2345789990001 12.032678,46.2346199990001 12.0324390000001,46.234750999 12.0323290000001,46.2348469990001 12.032221,46.2349409990001 12.0321970000001,46.2349579990001 12.032131,46.2350049990001 12.032021,46.235063999 12.031892,46.2351179990001 12.0318590000001,46.2351349990001 12.031802,46.2351639990001 12.0317840000001,46.2351919990001 12.031776,46.2352039990001 12.0317470000001,46.2352499990001 12.0317440000001,46.2352539990001 12.0317650000001,46.2353389990001 12.0317660000001,46.235358999 12.031772,46.235441999 12.0317390000001,46.2354969990001 12.031709,46.2355459990001 12.031682,46.2355669990001 12.031618,46.2356189990001 12.031483,46.235668999 12.031396,46.2357079990001 12.0313410000001,46.2357319990001 12.0310450000001,46.2359499990001 12.0309540000001,46.2360139990001 12.0309360000001,46.236026999 12.0308390000001,46.236098999 12.030743,46.236184999 12.030678,46.2362439990001 12.030623,46.236301999 12.030602,46.236324999 12.0304590000001,46.2365319990001 12.0304550000001,46.2365369990001 12.030378,46.2366449990001 12.030263,46.236793999 12.030173,46.2368939990001 12.030151,46.2369229990001 12.0301030000001,46.2369839990001 12.030116,46.237023999 12.030222,46.2372169990001 12.030222,46.2372309990001 12.030222,46.2372529990001 12.030226,46.237288999 12.0302360000001,46.2373699990001 12.0301940000001,46.2375509990001 12.03018,46.237608999 12.0301420000001,46.2376579990001 12.030105,46.237700999 12.0300140000001,46.237806999 12.029814,46.237924999 12.0297180000001,46.2380199990001 12.029641,46.238119999 12.0293960000001,46.2382869990001 12.029319,46.2383319990001 12.02932,46.2384009990001 12.029321,46.2385169990001 12.0293550000001,46.2386309990001 12.0293740000001,46.2386959990001 12.029323,46.2387239990001 12.0292650000001,46.2387859990001 12.028874,46.239206999 12.0287460000001,46.2393289990001 12.02872,46.2393479990001 12.02869,46.2393709990001 12.028649,46.2394009990001 12.0286350000001,46.239411999 12.0286130000001,46.239429999 12.0285930000001,46.2394459990001 12.028583,46.239453999 12.028553,46.239477999 12.028516,46.2395029990001 12.028507,46.2395089990001 12.02845,46.239545999 12.028445,46.2395499990001 12.028397,46.239587999 12.0283470000001,46.239627999 12.028283,46.2397089990001 12.0282320000001,46.239857999 12.0282770000001,46.2399109990001 12.028285,46.2399199990001 12.028332,46.240082999 12.028352,46.240153999 12.027945,46.2402319990001 12.0278730000001,46.2402499990001 12.0276920000001,46.240304999 12.0276470000001,46.240372999 12.0276220000001,46.2404089990001 12.0276180000001,46.240438999 12.027616,46.2404499990001 12.027612,46.2404729990001 12.0276040000001,46.2405259990001 12.02752,46.2405939990001 12.027365,46.240666999 12.0273100000001,46.2406819990001 12.027268,46.240693999 12.0271460000001,46.2407079990001 12.0269650000001,46.240753999 12.026888,46.2408619990001 12.026888,46.2409089990001 12.026889,46.240978999 12.026886,46.2410389990001 12.026908,46.241026999 12.026909,46.241026999 12.0268980000001,46.2410389990001 12.0270170000001,46.240983999 12.027091,46.2409489990001 12.027252,46.2409009990001 12.0273920000001,46.2408589990001 12.0275540000001,46.2408109990001 12.0280090000001,46.240798999 12.028349,46.240798999 12.028689,46.240737999 12.028851,46.240712999 12.029006,46.240687999 12.029502,46.240600999 12.029745,46.2405239990001 12.029935,46.240462999 12.030492,46.240373999 12.030873,46.240395999 12.0311160000001,46.2406349990001 12.031129,46.240647999 12.031343,46.2408619990001 12.031389,46.240960999 12.031457,46.2411079990001 12.0316700000001,46.2415389990001 12.031861,46.2418979990001 12.0318590000001,46.242089999 12.031863,46.242239999 12.031866,46.242336999 12.031751,46.242403999 12.0316930000001,46.242467999 12.0316560000001,46.2425089990001 12.0316040000001,46.2425669990001 12.031596,46.242579999 12.031509,46.2427329990001 12.031508,46.2427329990001 12.0314910000001,46.2427759990001 12.0314510000001,46.242872999 12.0313870000001,46.2429769990001 12.0313630000001,46.243075999 12.0313600000001,46.243124999 12.0313570000001,46.243169999 12.0313370000001,46.243230999 12.0313130000001,46.243304999 12.0312920000001,46.2433409990001 12.0312300000001,46.243440999 12.031173,46.2435449990001 12.031098,46.2436709990001 12.0310900000001,46.243683999 12.0310630000001,46.2437209990001 12.0309810000001,46.2438289990001 12.030898,46.2439639990001 12.030873,46.2440629990001 12.030926,46.2441529990001 12.0309320000001,46.2442319990001 12.030941,46.244359999 12.0310660000001,46.2444889990001 12.0312290000001,46.2446009990001 12.0312430000001,46.244610999 12.0313790000001,46.2447079990001 12.031531,46.244972999 12.0315400000001,46.2450259990001 12.0315580000001,46.245125999 12.0316710000001,46.2453589990001 12.0317430000001,46.2455159990001 12.031797,46.2456599990001 12.0318070000001,46.2457289990001 12.0318150000001,46.2457849990001 12.031818,46.245798999 12.031826,46.245824999 12.0318280000001,46.2458319990001 12.031864,46.2459429990001 12.0319490000001,46.2459919990001 12.0319880000001,46.2460599990001 12.0319950000001,46.246072999 12.0320810000001,46.2461709990001 12.0321020000001,46.2461909990001 12.0322120000001,46.2462919990001 12.032336,46.2464039990001 12.032655,46.2465819990001 12.0328060000001,46.246720999 12.032878,46.246854999 12.0328890000001,46.2469179990001 12.032899,46.246971999 12.032952,46.2471379990001 12.0329860000001,46.2471879990001 12.032997,46.2472049990001 12.0330080000001,46.247220999 12.033011,46.2472269990001 12.0330510000001,46.247285999 12.0331430000001,46.2474159990001 12.0331830000001,46.247532999 12.0332100000001,46.247644999 12.0332110000001,46.247672999 12.0332110000001,46.247716999 12.0331870000001,46.2477899990001 12.0331360000001,46.2479509990001 12.033128,46.248070999 12.0331190000001,46.2482209990001 12.033127,46.2483069990001 12.033133,46.248364999 12.033131,46.2484029990001 12.033128,46.248481999 12.033154,46.2485139990001 12.0332790000001,46.2486699990001 12.033325,46.2487009990001 12.033421,46.248752999 12.033598,46.2488479990001 12.033671,46.2488949990001 12.0337940000001,46.248972999 12.0338570000001,46.249039999 12.0339050000001,46.249089999 12.033915,46.2491019990001 12.033916,46.2491019990001 12.0339270000001,46.2490969990001 12.0339270000001,46.2490979990001 12.0339290000001,46.249106999 12.033933,46.2491279990001 12.0339890000001,46.249181999 12.034023,46.2492139990001 12.034052,46.2492309990001 12.034098,46.2492599990001 12.0341330000001,46.2493019990001 12.034184,46.249362999 12.0342370000001,46.249515999 12.0342890000001,46.249588999 12.034438,46.249767999 12.0345080000001,46.249858999 12.0346480000001,46.2500029990001 12.0347130000001,46.250060999 12.0347590000001,46.250101999 12.0347860000001,46.250191999 12.034767,46.2502979990001 12.0347610000001,46.250325999 12.0347580000001,46.2504529990001 12.0347790000001,46.250526999 12.0347840000001,46.2505469990001 12.034834,46.250621999 12.034901,46.250688999 12.0350530000001,46.250758999 12.035267,46.2508079990001 12.035269,46.2508079990001 12.0354600000001,46.2508819990001 12.035605,46.250979999 12.035714,46.2510769990001 12.0357910000001,46.2511439990001 12.0359100000001,46.251200999 12.0359780000001,46.2512349990001 12.036013,46.251253999 12.0360860000001,46.251292999 12.036124,46.251313999 12.036143,46.251338999 12.036208,46.251428999 12.036234,46.251492999 12.0362630000001,46.251560999 12.036305,46.251636999 12.036416,46.251743999 12.0365360000001,46.2518679990001 12.0366320000001,46.2519829990001 12.0366920000001,46.2520929990001 12.0366990000001,46.252100999 12.03678,46.2521849990001 12.0368560000001,46.2522329990001 12.0369010000001,46.252260999 12.0369390000001,46.2522719990001 12.036979,46.252281999 12.037025,46.252282999 12.037046,46.252282999 12.0370540000001,46.252282999 12.037067,46.252283999 12.037071,46.252283999 12.0370740000001,46.252283999 12.037202,46.2522969990001 12.0372100000001,46.2522969990001 12.0373930000001,46.252333999 12.037518,46.2523829990001 12.037674,46.252443999 12.037815,46.2525159990001 12.037816,46.2525169990001 12.037873,46.252576999 12.037897,46.252626999 12.037899,46.252647999 12.037901,46.2526799990001 12.0378850000001,46.252785999 12.0378620000001,46.252897999 12.0378420000001,46.2529959990001 12.03781,46.2531239990001 12.037793,46.2531949990001 12.03779,46.253232999 12.037786,46.253294999 12.0377790000001,46.253345999 12.0377720000001,46.2534039990001 12.0377740000001,46.2534059990001 12.037836,46.2535129990001 12.037861,46.253567999 12.037882,46.253615999 12.0379100000001,46.2536929990001 12.0379150000001,46.253705999 12.037923,46.2537209990001 12.037927,46.253728999 12.0379310000001,46.2537359990001 12.037973,46.253791999 12.038033,46.2538729990001 12.03808,46.2539209990001 12.0383220000001,46.254197999 12.0384330000001,46.2542499990001 12.038851,46.254445999 12.0391720000001,46.2547479990001 12.0392410000001,46.2548129990001 12.039315,46.254924999 12.0395580000001,46.2552889990001 12.039994,46.2555409990001 12.0400760000001,46.2555879990001 12.0405260000001,46.2557809990001 12.0406620000001,46.255846999 12.040691,46.255860999 12.0408420000001,46.2559639990001 12.0411050000001,46.2560329990001 12.041205,46.2560549990001 12.041415,46.2561009990001 12.041575,46.256136999 12.0416940000001,46.2561639990001 12.0418940000001,46.2562189990001 12.042113,46.2563039990001 12.042224,46.256355999 12.0422810000001,46.256383999 12.0423670000001,46.2564379990001 12.0423970000001,46.2564569990001 12.042406,46.2564659990001 12.0424840000001,46.2565499990001 12.0425300000001,46.2566239990001 12.0425480000001,46.256652999 12.042566,46.256675999 12.0426570000001,46.256788999 12.0427500000001,46.2568849990001 12.042758,46.2568929990001 12.042859,46.2569999990001 12.0428650000001,46.2570059990001 12.042875,46.257015999 12.0430440000001,46.2571649990001 12.0431760000001,46.2572989990001 12.0431560000001,46.257310999 12.0430680000001,46.2573619990001 12.042904,46.2574569990001 12.0426860000001,46.2575829990001 12.042447,46.2577259990001 12.0424180000001,46.2577469990001 12.042425,46.257775999 12.042375,46.2578159990001 12.042224,46.257890999 12.0421910000001,46.257911999 12.0422360000001,46.2579499990001 12.0422370000001,46.2579509990001 12.042249,46.257959999 12.0422990000001,46.2579989990001 12.042309,46.2579909990001 12.042497,46.258135999 12.042535,46.258119999 12.042671,46.2580609990001 12.042926,46.257934999 12.042992,46.257914999 12.0432030000001,46.257844999 12.043669,46.2576809990001 12.044029,46.257556999 12.0441710000001,46.2574919990001 12.044344,46.2574519990001 12.044856,46.2574039990001 12.045131,46.257371999 12.045482,46.257329999 12.0459530000001,46.257281999 12.046326,46.2572309990001 12.0466280000001,46.257191999 12.0468710000001,46.257130999 12.047223,46.257040999 12.047517,46.2569739990001 12.0477470000001,46.2569139990001 12.048052,46.2568029990001 12.0483840000001,46.2567129990001 12.048756,46.256635999 12.048935,46.2565949990001 12.0493080000001,46.256544999 12.0495530000001,46.2565239990001 12.049718,46.2565359990001 12.049831,46.256543999 12.0498430000001,46.2565469990001 12.0498880000001,46.2565579990001 12.05042,46.2566369990001 12.0504300000001,46.2566379990001 12.050684,46.2567749990001 12.0510170000001,46.2569539990001 12.0510390000001,46.256966999 12.051072,46.2569859990001 12.0514210000001,46.257084999 12.051503,46.2571089990001 12.0515530000001,46.257122999 12.0517300000001,46.257172999 12.051882,46.257214999 12.051971,46.2572269990001 12.0520740000001,46.257239999 12.0522070000001,46.2572329990001 12.0522330000001,46.2572299990001 12.052265,46.2572259990001 12.0522990000001,46.257220999 12.0523220000001,46.257216999 12.052377,46.2572049990001 12.0524330000001,46.257190999 12.0524560000001,46.2571849990001 12.0524750000001,46.2571799990001 12.05253,46.2571649990001 12.052583,46.257148999 12.052606,46.2571409990001 12.0526350000001,46.257130999 12.052688,46.2571129990001 12.052741,46.2570959990001 12.0527700000001,46.257085999 12.0527930000001,46.257077999 12.052846,46.257060999 12.0528620000001,46.257054999 12.052897,46.257040999 12.0529260000001,46.2570259990001 12.052937,46.2570209990001 12.0529530000001,46.257011999 12.052983,46.256994999 12.053005,46.2569829990001 12.053028,46.256969999 12.05305,46.2569549990001 12.05307,46.256941999 12.0530910000001,46.256927999 12.0531120000001,46.2569139990001 12.0531330000001,46.256898999 12.0531530000001,46.2568839990001 12.053193,46.256854999 12.0532030000001,46.2568479990001 12.053213,46.2568409990001 12.0532430000001,46.2568179990001 12.053252,46.256810999 12.0532700000001,46.2567949990001 12.0532890000001,46.2567789990001 12.053323,46.256745999 12.0533320000001,46.2567369990001 12.0533550000001,46.2567119990001 12.053385,46.2566909990001 12.0533960000001,46.2566829990001 12.053407,46.256676999 12.053416,46.256671999 12.0534280000001,46.256656999 12.0535590000001,46.256473999 12.053596,46.256310999 12.053661,46.256091999 12.053662,46.2560769990001 12.053662,46.256049999 12.0536740000001,46.256023999 12.053679,46.2560119990001 12.053685,46.255998999 12.0536950000001,46.2559729990001 12.0537,46.2559619990001 12.053711,46.255933999 12.05373,46.2558979990001 12.053731,46.2558949990001 12.053733,46.255891999 12.053753,46.2558579990001 12.0537640000001,46.255839999 12.053776,46.255820999 12.053801,46.2557839990001 12.0538040000001,46.255778999 12.0538270000001,46.2557419990001 12.0538530000001,46.255704999 12.053883,46.2556709990001 12.05391,46.255639999 12.0539140000001,46.255635999 12.0539180000001,46.2556319990001 12.0539450000001,46.2556019990001 12.0539590000001,46.2555869990001 12.053977,46.255567999 12.0540040000001,46.2555389990001 12.0540080000001,46.2555339990001 12.054015,46.255528999 12.0542150000001,46.255393999 12.054224,46.255388999 12.0542620000001,46.255369999 12.05431,46.255345999 12.0543430000001,46.255329999 12.054357,46.255322999 12.054407,46.255300999 12.0544570000001,46.255279999 12.0545060000001,46.255258999 12.054556,46.255237999 12.054563,46.255234999 12.054601,46.255216999 12.054625,46.2552049990001 12.054648,46.255193999 12.054695,46.255168999 12.0547250000001,46.2551539990001 12.054741,46.255144999 12.054767,46.2551319990001 12.054788,46.255120999 12.054835,46.255096999 12.0548830000001,46.255072999 12.0549290000001,46.255050999 12.0549300000001,46.2550499990001 12.0549320000001,46.2550489990001 12.0549780000001,46.2550269990001 12.0550250000001,46.2550029990001 12.055033,46.2549989990001 12.055073,46.2549799990001 12.055098,46.254967999 12.055121,46.2549559990001 12.055143,46.254944999 12.055168,46.2549329990001 12.055218,46.2549119990001 12.0552470000001,46.254900999 12.0552690000001,46.2548919990001 12.055286,46.2548849990001 12.055321,46.2548699990001 12.055326,46.2548679990001 12.055368,46.254851999 12.0553780000001,46.254848999 12.0554270000001,46.254826999 12.05544,46.2548209990001 12.0554750000001,46.254803999 12.055502,46.2547919990001 12.055524,46.254781999 12.055573,46.254759999 12.055596,46.2547489990001 12.055622,46.254737999 12.0556710000001,46.254714999 12.0557190000001,46.254691999 12.0557670000001,46.254668999 12.0557870000001,46.2546599990001 12.055794,46.2546559990001 12.055911,46.254599999 12.055958,46.2545759990001 12.0559730000001,46.2545689990001 12.056006,46.2545519990001 12.056045,46.2545319990001 12.0560530000001,46.2545279990001 12.0560610000001,46.2545239990001 12.0561020000001,46.2545039990001 12.056119,46.254494999 12.0561260000001,46.254491999 12.0561450000001,46.2544819990001 12.0561720000001,46.254466999 12.0562190000001,46.254442999 12.05623,46.2544369990001 12.056267,46.254419999 12.056315,46.2543969990001 12.056345,46.254381999 12.056363,46.2543739990001 12.056411,46.2543509990001 12.0564370000001,46.254338999 12.0564590000001,46.2543279990001 12.0565070000001,46.2543049990001 12.0565550000001,46.2542819990001 12.0566030000001,46.2542579990001 12.05665,46.2542339990001 12.056697,46.2542109990001 12.056726,46.254195999 12.056745,46.2541869990001 12.056792,46.2541629990001 12.056839,46.2541389990001 12.0568870000001,46.2541159990001 12.0569110000001,46.2541029990001 12.0569340000001,46.2540919990001 12.0569800000001,46.254068999 12.0569820000001,46.254067999 12.0569850000001,46.254066999 12.056993,46.254061999 12.057039,46.254037999 12.057086,46.2540129990001 12.057132,46.2539889990001 12.057154,46.253978999 12.0571800000001,46.2539659990001 12.0572070000001,46.253953999 12.0572290000001,46.2539429990001 12.0572480000001,46.2539349990001 12.0572770000001,46.2539209990001 12.057326,46.2538979990001 12.057374,46.2538749990001 12.0573850000001,46.2538699990001 12.057422,46.2538519990001 12.057443,46.253838999 12.057467,46.2538259990001 12.057512,46.2538009990001 12.057557,46.253774999 12.057604,46.253750999 12.057621,46.2537419990001 12.057651,46.253726999 12.0576810000001,46.2537109990001 12.0576980000001,46.253701999 12.0577230000001,46.2536889990001 12.0577440000001,46.253677999 12.057753,46.2536739990001 12.0577910000001,46.2536539990001 12.05783,46.253633999 12.0578380000001,46.2536299990001 12.057852,46.2536229990001 12.0578850000001,46.2536059990001 12.057918,46.253588999 12.0579320000001,46.2535819990001 12.0579460000001,46.2535749990001 12.0579930000001,46.253550999 12.0580410000001,46.253527999 12.0580880000001,46.253504999 12.058136,46.253480999 12.058167,46.2534659990001 12.058184,46.253457999 12.058231,46.253433999 12.058277,46.253408999 12.058323,46.2533839990001 12.058339,46.2533749990001 12.058369,46.2533589990001 12.05841,46.2533359990001 12.058415,46.2533329990001 12.0584190000001,46.2533309990001 12.0584620000001,46.2533099990001 12.0585120000001,46.2532879990001 12.0585610000001,46.2532659990001 12.0585840000001,46.253255999 12.05861,46.2532449990001 12.05866,46.2532229990001 12.058707,46.2532019990001 12.058709,46.2532009990001 12.0587590000001,46.2531799990001 12.0588090000001,46.253158999 12.058858,46.253137999 12.058887,46.2531259990001 12.058908,46.253116999 12.0589580000001,46.253095999 12.0589850000001,46.2530849990001 12.0590080000001,46.253074999 12.059037,46.2530629990001 12.0590580000001,46.253053999 12.0590790000001,46.2530449990001 12.059108,46.253032999 12.059157,46.2530119990001 12.0591700000001,46.253005999 12.0592070000001,46.2529909990001 12.0592560000001,46.2529679990001 12.0592730000001,46.252959999 12.0593030000001,46.2529439990001 12.059333,46.2529289990001 12.0593500000001,46.252920999 12.0593870000001,46.2529039990001 12.059399,46.252897999 12.05945,46.2528789990001 12.059491,46.2528639990001 12.0595020000001,46.2528589990001 12.059554,46.2528399990001 12.059583,46.252829999 12.059609,46.2528209990001 12.0596130000001,46.2528199990001 12.0596640000001,46.252800999 12.059717,46.252782999 12.0597690000001,46.2527659990001 12.0598210000001,46.2527479990001 12.0598640000001,46.252732999 12.059874,46.2527299990001 12.0599260000001,46.252711999 12.0599790000001,46.252694999 12.060032,46.2526779990001 12.0600840000001,46.2526599990001 12.0601140000001,46.252649999 12.0601370000001,46.252642999 12.06019,46.252625999 12.060193,46.252623999 12.0602430000001,46.2526079990001 12.06028,46.2525959990001 12.0602960000001,46.2525909990001 12.060349,46.252575999 12.060373,46.2525689990001 12.0604030000001,46.252559999 12.060457,46.2525439990001 12.060486,46.252535999 12.0605110000001,46.252528999 12.060567,46.252514999 12.06062,46.2525009990001 12.0606750000001,46.252487999 12.06073,46.2524749990001 12.0607850000001,46.252461999 12.060841,46.2524489990001 12.06087,46.252441999 12.0608960000001,46.2524359990001 12.060952,46.252422999 12.060983,46.252415999 12.0610070000001,46.2524099990001 12.0610310000001,46.252402999 12.0610610000001,46.252394999 12.061109,46.252379999 12.061115,46.252378999 12.0611680000001,46.2523619990001 12.061198,46.252352999 12.061222,46.2523459990001 12.061246,46.2523389990001 12.061275,46.252329999 12.0613070000001,46.2523199990001 12.06136,46.252303999 12.0614130000001,46.252286999 12.0614380000001,46.2522789990001 12.0614660000001,46.2522699990001 12.061495,46.252259999 12.061519,46.2522519990001 12.0615720000001,46.2522349990001 12.0616390000001,46.2522119990001 12.0616460000001,46.2522089990001 12.061676,46.252197999 12.0617270000001,46.252177999 12.0617530000001,46.2521659990001 12.0617770000001,46.2521559990001 12.061807,46.2521429990001 12.0618260000001,46.2521349990001 12.0618450000001,46.252125999 12.061875,46.2521129990001 12.0619140000001,46.2520969990001 12.061925,46.2520919990001 12.0619360000001,46.252087999 12.0619760000001,46.2520719990001 12.0620270000001,46.2520519990001 12.06204,46.2520469990001 12.0620910000001,46.2520279990001 12.062125,46.252014999 12.0621420000001,46.2520079990001 12.0621600000001,46.2520009990001 12.062193,46.2519879990001 12.062244,46.251967999 12.0622740000001,46.2519569990001 12.0622950000001,46.251947999 12.062323,46.2519369990001 12.062346,46.251928999 12.062394,46.251904999 12.0624270000001,46.251884999 12.062438,46.251877999 12.0624520000001,46.2518659990001 12.062488,46.251833999 12.0624960000001,46.2518279990001 12.0625250000001,46.2518019990001 12.062551,46.2517789990001 12.0625610000001,46.251769999 12.062598,46.2517379990001 12.0626340000001,46.2517059990001 12.062647,46.2516919990001 12.062666,46.2516719990001 12.0626770000001,46.251658999 12.0626970000001,46.251636999 12.0627240000001,46.2516009990001 12.062734,46.251582999 12.0627460000001,46.251563999 12.062757,46.251544999 12.0627680000001,46.2515259990001 12.062779,46.2515069990001 12.0627900000001,46.2514889990001 12.062804,46.2514649990001 12.062826,46.251425999 12.0628600000001,46.2513939990001 12.062895,46.251360999 12.0629300000001,46.2513289990001 12.062941,46.251319999 12.0629690000001,46.251297999 12.0630150000001,46.251271999 12.063068,46.2512449990001 12.063091,46.251230999 12.063113,46.2512199990001 12.063138,46.251206999 12.0631900000001,46.2511879990001 12.0632200000001,46.251178999 12.0632440000001,46.2511719990001 12.0633080000001,46.251164999 12.0633300000001,46.251162999 12.063359,46.251158999 12.063392,46.2511549990001 12.0634180000001,46.2511509990001 12.063476,46.2511519990001 12.063525,46.2511529990001 12.0635340000001,46.2511529990001 12.063545,46.2511529990001 12.063593,46.2511539990001 12.063651,46.251156999 12.063706,46.251161999 12.0638710000001,46.251179999 12.063902,46.251182999 12.063929,46.251186999 12.0639590000001,46.2511919990001 12.0639870000001,46.2511979990001 12.064015,46.251203999 12.0640680000001,46.2512209990001 12.0641220000001,46.2512369990001 12.0641400000001,46.2512409990001 12.064178,46.251248999 12.0642340000001,46.2512599990001 12.06429,46.251270999 12.064327,46.251275999 12.0643480000001,46.2512779990001 12.0643910000001,46.2512829990001 12.0644060000001,46.2512849990001 12.064463,46.251291999 12.0645210000001,46.251298999 12.064579,46.2513059990001 12.064598,46.2513099990001 12.0646350000001,46.251316999 12.06469,46.2513319990001 12.0647060000001,46.251335999 12.0647440000001,46.2513469990001 12.064782,46.251357999 12.0647980000001,46.251362999 12.064852,46.2513779990001 12.0649070000001,46.251386999 12.0649090000001,46.251387999 12.0649110000001,46.251387999 12.064963,46.2513949990001 12.0649930000001,46.2513979990001 12.0650210000001,46.2514009990001 12.065079,46.2514019990001 12.0650870000001,46.2514019990001 12.065138,46.2514009990001 12.0651960000001,46.2513999990001 12.0652480000001,46.2513989990001 12.065273,46.2513989990001 12.0653070000001,46.2513979990001 12.065365,46.2513969990001 12.0654230000001,46.2513939990001 12.065482,46.251389999 12.0655390000001,46.251380999 12.065549,46.2513779990001 12.0655580000001,46.2513759990001 12.065613,46.251363999 12.0656690000001,46.2513509990001 12.065724,46.251338999 12.0657790000001,46.2513259990001 12.0658040000001,46.251319999 12.065835,46.251312999 12.0658720000001,46.2513049990001 12.06589,46.2513009990001 12.0659460000001,46.2512889990001 12.066002,46.2512779990001 12.066003,46.251276999 12.0660580000001,46.2512659990001 12.066114,46.251253999 12.06613,46.251250999 12.0661450000001,46.251247999 12.0661700000001,46.2512429990001 12.066226,46.251230999 12.0662820000001,46.2512199990001 12.066338,46.251208999 12.0663940000001,46.2511979990001 12.066451,46.251186999 12.0665060000001,46.2511749990001 12.0665230000001,46.2511699990001 12.066578,46.251155999 12.066633,46.251141999 12.0666870000001,46.2511269990001 12.06674,46.2511099990001 12.0667930000001,46.251091999 12.0668460000001,46.251074999 12.066899,46.2510569990001 12.0669520000001,46.2510399990001 12.0670020000001,46.2510199990001 12.067053,46.250998999 12.067102,46.250976999 12.067149,46.250952999 12.0671840000001,46.250931999 12.0672260000001,46.2509039990001 12.0672680000001,46.2508759990001 12.067309,46.250846999 12.067349,46.250817999 12.067389,46.2507879990001 12.0674270000001,46.250757999 12.06746,46.250731999 12.067737,46.2504689990001 12.0677670000001,46.2504339990001 12.067805,46.2504029990001 12.067839,46.250369999 12.067872,46.2503369990001 12.0679060000001,46.250303999 12.06794,46.2502709990001 12.067974,46.250237999 12.0680090000001,46.2502049990001 12.068044,46.250172999 12.0680800000001,46.2501409990001 12.068093,46.250126999 12.068119,46.2500909990001 12.0681290000001,46.250078999 12.0679480000001,46.2499059990001 12.067823,46.2497969990001 12.0678140000001,46.2497969990001 12.0677690000001,46.249741999 12.067737,46.2496679990001 12.067709,46.249603999 12.0677020000001,46.249587999 12.067757,46.249451999 12.0678090000001,46.2493969990001 12.0679440000001,46.2493049990001 12.06807,46.249222999 12.0682150000001,46.249128999 12.068289,46.2490829990001 12.0683300000001,46.2490569990001 12.0683480000001,46.249045999 12.0683970000001,46.2490139990001 12.068428,46.248993999 12.0685350000001,46.2489259990001 12.0686490000001,46.248882999 12.068905,46.248842999 12.0697880000001,46.248753999 12.069892,46.248749999 12.0700360000001,46.2487439990001 12.0704890000001,46.2487409990001 12.07077,46.248724999 12.0709860000001,46.2487139990001 12.0714170000001,46.248682999 12.0719770000001,46.2486439990001 12.0722870000001,46.248619999 12.0722930000001,46.248619999 12.072297,46.248618999 12.0723830000001,46.2486069990001 12.072414,46.2486029990001 12.0725580000001,46.2485619990001 12.072578,46.2485559990001 12.0726320000001,46.2485379990001 12.073161,46.2483599990001 12.0736840000001,46.2481799990001 12.0741400000001,46.2480229990001 12.074732,46.2478639990001 12.0753720000001,46.2477469990001 12.075633,46.2476989990001 12.0759,46.2476329990001 12.0763490000001,46.2475219990001 12.0767210000001,46.2474289990001 12.0769530000001,46.2473429990001 12.0770380000001,46.247312999 12.0771550000001,46.247269999 12.0775820000001,46.2471869990001 12.0783500000001,46.2470679990001 12.0791100000001,46.2469879990001 12.079798,46.246953999 12.0803760000001,46.2469199990001 12.081057,46.246861999 12.0811180000001,46.246855999 12.081178,46.246854999 12.081559,46.2468449990001 12.0819960000001,46.2468749990001 12.0820820000001,46.246883999 12.0821040000001,46.246885999 12.082167,46.2468929990001 12.0823590000001,46.2469119990001 12.082506,46.2469369990001 12.0825610000001,46.246948999 12.082635,46.2469659990001 12.082732,46.246993999 12.082771,46.2470059990001 12.0830050000001,46.2470949990001 12.083021,46.2471009990001 12.0832560000001,46.247192999 12.083468,46.247266999 12.083689,46.2473169990001 12.0838000000001,46.247335999 12.0840430000001,46.247377999 12.084167,46.2474059990001 12.0844300000001,46.247465999 12.084644,46.2475299990001 12.084824,46.247621999 12.0849000000001,46.247643999 12.0849020000001,46.247643999 12.08495,46.247624999 12.085043,46.2475869990001 12.085141,46.2475859990001 12.085271,46.2475859990001 12.085475,46.2476199990001 12.085584,46.2476379990001 12.086061,46.2477019990001 12.086104,46.2477069990001 12.0861650000001,46.247713999 12.086166,46.247713999 12.086438,46.2477469990001 12.086805,46.2477739990001 12.0869520000001,46.2478149990001 12.087053,46.2478439990001 12.0873050000001,46.247920999 12.0874460000001,46.2479459990001 12.08754,46.247962999 12.0877850000001,46.248007999 12.087901,46.248028999 12.088036,46.248031999 12.088064,46.248032999 12.0881810000001,46.2480379990001 12.0883020000001,46.2480149990001 12.088447,46.247986999 12.088597,46.2479579990001 12.088692,46.247938999 12.0890690000001,46.247873999 12.089597,46.247759999 12.090109,46.2476369990001 12.090243,46.2475949990001 12.0904100000001,46.2475419990001 12.090655,46.247440999 12.090788,46.247378999 12.091006,46.2472789990001 12.091282,46.247148999 12.0914510000001,46.2470949990001 12.091802,46.2469589990001 12.0920640000001,46.2468659990001 12.092181,46.246836999 12.0922430000001,46.2468219990001 12.092297,46.2468039990001 12.0923770000001,46.2467759990001 12.0924820000001,46.2466909990001 12.092515,46.2466639990001 12.092523,46.246655999 12.0925730000001,46.2466029990001 12.0925960000001,46.246584999 12.092636,46.2465549990001 12.092764,46.246518999 12.0928490000001,46.2464939990001 12.092859,46.2464919990001 12.09292,46.2464879990001 12.093041,46.246479999 12.093196,46.2464699990001 12.09328,46.2464679990001 12.0933440000001,46.2464659990001 12.0935170000001,46.2464399990001 12.093733,46.2464229990001 12.093802,46.2464239990001 12.093898,46.2464239990001 12.0941040000001,46.2464489990001 12.0942240000001,46.2464599990001 12.0943500000001,46.2464719990001 12.094429,46.246477999 12.0945330000001,46.2464859990001 12.0947780000001,46.246502999 12.094934,46.2465139990001 12.095019,46.246518999 12.0951480000001,46.246526999 12.0953420000001,46.246518999 12.0954820000001,46.246494999 12.0955910000001,46.246476999 12.095987,46.246409999 12.0963,46.2463559990001 12.096847,46.2462619990001 12.0971030000001,46.2462119990001 12.0972800000001,46.2461779990001 12.097704,46.246095999 12.0983680000001,46.2459959990001 12.0986790000001,46.245938999 12.0988,46.2458969990001 12.0992600000001,46.2457279990001 12.09954,46.245580999 12.0996960000001,46.245467999 12.0998670000001,46.2453429990001 12.0999370000001,46.245240999 12.0999350000001,46.2452279990001 12.0999340000001,46.245219999 12.100012,46.245146999 12.100043,46.2452309990001 12.1000980000001,46.245284999 12.100178,46.2453359990001 12.1002260000001,46.2453659990001 12.1002970000001,46.2454079990001 12.1003690000001,46.245419999 12.1004070000001,46.2454259990001 12.10053,46.2454359990001 12.100693,46.245399999 12.1008440000001,46.2453669990001 12.1016000000001,46.244836999 12.103193,46.243546999 12.103465,46.243326999 12.1038130000001,46.2430009990001 12.104004,46.2429299990001 12.1042400000001,46.2428439990001 12.1044890000001,46.2428579990001 12.104702,46.242870999 12.1050500000001,46.2432489990001 12.1050520000001,46.2432509990001 12.1050520000001,46.2432519990001 12.105108,46.243435999 12.1050940000001,46.2434929990001 12.105065,46.2436029990001 12.10499,46.243707999 12.104943,46.243840999 12.104994,46.243959999 12.1050750000001,46.244071999 12.105111,46.244110999 12.1052290000001,46.244161999 12.1053190000001,46.2442089990001 12.105533,46.244244999 12.1055930000001,46.2442569990001 12.105715,46.2442819990001 12.105832,46.2443059990001 12.10589,46.244317999 12.105938,46.2443309990001 12.106051,46.244362999 12.1061260000001,46.244380999 12.106181,46.2443949990001 12.1063100000001,46.2444849990001 12.106344,46.2445719990001 12.1063550000001,46.2446019990001 12.106484,46.244763999 12.1067110000001,46.2448679990001 12.106882,46.2449329990001 12.1069370000001,46.2449539990001 12.107112,46.2450079990001 12.1071390000001,46.2450249990001 12.107332,46.245151999 12.107533,46.245282999 12.1076620000001,46.245372999 12.107694,46.245395999 12.107856,46.2455219990001 12.1079510000001,46.2456719990001 12.1079780000001,46.245714999 12.108081,46.245917999 12.1081130000001,46.2459899990001 12.1081580000001,46.2460889990001 12.1082040000001,46.2461339990001 12.108214,46.2461719990001 12.108236,46.246255999 12.1082650000001,46.2463309990001 12.1082740000001,46.2463539990001 12.1083320000001,46.2464899990001 12.1083810000001,46.246570999 12.108397,46.2465979990001 12.108442,46.2466449990001 12.108487,46.2466919990001 12.108546,46.246721999 12.1086290000001,46.2467639990001 12.108824,46.246836999 12.108979,46.246899999 12.1090310000001,46.2469809990001 12.109005,46.247066999 12.1089910000001,46.247110999 12.1089870000001,46.2471209990001 12.108952,46.2472059990001 12.108929,46.247267999 12.1089260000001,46.2472769990001 12.1089260000001,46.2473229990001 12.1089250000001,46.2474079990001 12.109028,46.2475879990001 12.109132,46.2476829990001 12.1091690000001,46.2477009990001 12.109294,46.247763999 12.109403,46.2478579990001 12.1095070000001,46.2479929990001 12.109521,46.248030999 12.109584,46.2481999990001 12.109603,46.2483979990001 12.1096470000001,46.2485649990001 12.109789,46.248749999 12.109852,46.248859999 12.1098730000001,46.2488979990001 12.1098860000001,46.248933999 12.1099180000001,46.249019999 12.109905,46.2491279990001 12.109904,46.249135999 12.109881,46.249265999 12.1100280000001,46.249376999 12.110083,46.2494189990001 12.1100880000001,46.2494199990001 12.1104560000001,46.249490999 12.1108150000001,46.249536999 12.1111040000001,46.2496159990001 12.11146,46.249742999 12.1114680000001,46.249744999 12.111931,46.249826999 12.112157,46.2498839990001 12.1122800000001,46.2499149990001 12.1123480000001,46.2499319990001 12.1123680000001,46.2499379990001 12.1123900000001,46.249942999 12.112511,46.249992999 12.112559,46.250254999 12.1126590000001,46.250480999 12.112676,46.2506789990001 12.1125420000001,46.2508749990001 12.1123670000001,46.2510319990001 12.112271,46.251113999 12.112174,46.2511979990001 12.112068,46.251298999 12.1117600000001,46.2516439990001 12.1117130000001,46.251904999 12.1116430000001,46.2520689990001 12.111585,46.2522049990001 12.1117610000001,46.252506999 12.111865,46.252805999 12.111945,46.2529759990001 12.112064,46.2531989990001 12.112066,46.2532029990001 12.1120960000001,46.2532419990001 12.1121000000001,46.253251999 12.112107,46.2532689990001 12.112177,46.2533339990001 12.112226,46.2533799990001 12.1122560000001,46.253407999 12.1122770000001,46.2534269990001 12.112331,46.253504999 12.1124090000001,46.253617999 12.1124520000001,46.253841999 12.1124820000001,46.253906999 12.112531,46.254015999 12.1125740000001,46.254104999 12.1126580000001,46.254381999 12.1126630000001,46.254403999 12.112675,46.2544619990001 12.112756,46.254671999 12.1127690000001,46.254810999 12.1127270000001,46.255027999 12.112712,46.255056999 12.112668,46.255141999 12.112739,46.2552489990001 12.1127930000001,46.255327999 12.112824,46.255371999 12.1129320000001,46.255522999 12.1129560000001,46.2555879990001 12.112991,46.255683999 12.1129960000001,46.2559269990001 12.1130170000001,46.256110999 12.1130180000001,46.2561219990001 12.1130180000001,46.2561479990001 12.1130190000001,46.256290999 12.113096,46.2564149990001 12.113189,46.256587999 12.1133600000001,46.2569179990001 12.1134890000001,46.2571099990001 12.113506,46.2571349990001 12.113752,46.2572689990001 12.113791,46.257331999 12.113892,46.2574949990001 12.1138930000001,46.2575609990001 12.1138940000001,46.2576789990001 12.1139600000001,46.257826999 12.114046,46.257893999 12.114087,46.2579249990001 12.1141010000001,46.257935999 12.1141250000001,46.257939999 12.114201,46.2579539990001 12.11429,46.2579699990001 12.114408,46.2579919990001 12.114679,46.2580849990001 12.1148640000001,46.2581899990001 12.1149320000001,46.258227999 12.115077,46.258337999 12.115098,46.2583529990001 12.1151,46.2583549990001 12.1153440000001,46.2583039990001 12.1154110000001,46.2582909990001 12.1155180000001,46.2582689990001 12.1156720000001,46.2583029990001 12.115773,46.2583259990001 12.115885,46.2583509990001 12.1160170000001,46.258405999 12.1163530000001,46.258524999 12.116408,46.2585569990001 12.1167,46.258727999 12.116773,46.2587339990001 12.1169150000001,46.258745999 12.1171590000001,46.2588259990001 12.1172120000001,46.2588229990001 12.117219,46.2588229990001 12.117605,46.2588029990001 12.1177280000001,46.2587769990001 12.117824,46.2587569990001 12.118054,46.258860999 12.118168,46.2589119990001 12.1182200000001,46.258923999 12.1184700000001,46.2589809990001 12.1186730000001,46.2590259990001 12.1190560000001,46.259039999 12.119195,46.259044999 12.1192970000001,46.2590479990001 12.119532,46.259083999 12.1199,46.2591919990001 12.120194,46.259237999 12.1202070000001,46.259239999 12.120555,46.2593219990001 12.120667,46.259359999 12.120685,46.2593669990001 12.1208520000001,46.2594299990001 12.1211030000001,46.2595259990001 12.121223,46.259582999 12.121362,46.259649999 12.121388,46.2596629990001 12.1215950000001,46.2598379990001 12.1216230000001,46.2599099990001 12.12163,46.2599279990001 12.121698,46.2599499990001 12.121749,46.259966999 12.121835,46.260032999 12.121839,46.2600369990001 12.1219630000001,46.260160999 12.122215,46.260393999 12.122217,46.260394999 12.1222510000001,46.2604199990001 12.1223830000001,46.2605139990001 12.1224750000001,46.260546999 12.122527,46.2605659990001 12.122774,46.2605799990001 12.122865,46.2606219990001 12.122932,46.2606539990001 12.1229910000001,46.2606889990001 12.1230840000001,46.2607459990001 12.123184,46.2608249990001 12.1233100000001,46.260903999 12.123594,46.261038999 12.123746,46.261130999 12.123791,46.261179999 12.123968,46.2613699990001 12.1240780000001,46.2614129990001 12.1241910000001,46.2614569990001 12.1242970000001,46.2615239990001 12.1244760000001,46.2616369990001 12.124534,46.2616819990001 12.1246160000001,46.2617469990001 12.1246350000001,46.2618439990001 12.124647,46.2619079990001 12.124697,46.261985999 12.124716,46.262014999 12.1247700000001,46.262076999 12.1247920000001,46.262101999 12.1248440000001,46.2621619990001 12.124891,46.2622239990001 12.124923,46.262389999 12.124941,46.2625469990001 12.124969,46.262622999 12.1250440000001,46.262708999 12.125097,46.2627689990001 12.1251730000001,46.262888999 12.125186,46.2629029990001 12.125193,46.262911999 12.1252010000001,46.2629249990001 12.1252230000001,46.262959999 12.125253,46.263006999 12.125296,46.2630759990001 12.12535,46.2631469990001 12.125431,46.2632589990001 12.1255880000001,46.2634809990001 12.125704,46.263658999 12.1257140000001,46.263681999 12.1257600000001,46.2637839990001 12.125817,46.2639409990001 12.125844,46.264013999 12.125867,46.264078999 12.1258700000001,46.264151999 12.1258740000001,46.264267999 12.125889,46.264352999 12.125906,46.2645029990001 12.1259170000001,46.2645959990001 12.125933,46.264619999 12.1259850000001,46.2646979990001 12.126129,46.2649299990001 12.126179,46.2650139990001 12.1262320000001,46.2651029990001 12.126273,46.265163999 12.126287,46.265183999 12.1263300000001,46.2653129990001 12.1263740000001,46.2654499990001 12.126402,46.265541999 12.1264390000001,46.2656419990001 12.126467,46.2657159990001 12.1265270000001,46.265864999 12.126544,46.265907999 12.1265520000001,46.265926999 12.126584,46.265999999 12.126585,46.2660029990001 12.126587,46.2660059990001 12.126634,46.2660739990001 12.1267300000001,46.2662109990001 12.126811,46.266308999 12.1269140000001,46.2664999990001 12.12699,46.2665999990001 12.1270430000001,46.266668999 12.1270700000001,46.2667259990001 12.127085,46.266758999 12.1271400000001,46.2668429990001 12.1272080000001,46.2669499990001 12.1272500000001,46.2669989990001 12.1272690000001,46.2670209990001 12.127277,46.267032999 12.127279,46.267034999 12.1272970000001,46.267059999 12.12735,46.2671339990001 12.127371,46.267162999 12.127413,46.267238999 12.12744,46.2672679990001 12.127513,46.267344999 12.127595,46.2674659990001 12.1276270000001,46.2676269990001 12.127661,46.267662999 12.127707,46.267710999 12.127826,46.2677859990001 12.1280570000001,46.267884999 12.1281070000001,46.267906999 12.1281750000001,46.267937999 12.1282190000001,46.267951999 12.128251,46.2679629990001 12.1283310000001,46.2679899990001 12.128365,46.268001999 12.128472,46.268044999 12.128569,46.2680839990001 12.128675,46.2681409990001 12.128809,46.2682779990001 12.128864,46.268362999 12.128885,46.268402999 12.1288950000001,46.268454999 12.128908,46.2685239990001 12.129063,46.268700999 12.129087,46.268723999 12.12915,46.268785999 12.12922,46.268836999 12.1293170000001,46.2689089990001 12.129443,46.2689779990001 12.129469,46.268991999 12.129561,46.269039999 12.12958,46.2690519990001 12.1297070000001,46.2691319990001 12.1298200000001,46.2692109990001 12.129867,46.2692549990001 12.1298830000001,46.269282999 12.1299010000001,46.2693129990001 12.129941,46.2693619990001 12.1299480000001,46.269370999 12.13001,46.2694779990001 12.130032,46.2695449990001 12.130073,46.2696159990001 12.130101,46.269664999 12.1301310000001,46.269711999 12.130142,46.2697279990001 12.130168,46.2697459990001 12.1302880000001,46.2698329990001 12.130322,46.2698539990001 12.1303810000001,46.269889999 12.130414,46.269917999 12.130461,46.269956999 12.1306220000001,46.270115999 12.1306260000001,46.270118999 12.1306950000001,46.2701729990001 12.130768,46.270229999 12.130836,46.2703139990001 12.130883,46.2703729990001 12.130905,46.2704219990001 12.1309180000001,46.270452999 12.1309640000001,46.270503999 12.1310040000001,46.270548999 12.13104,46.270589999 12.131061,46.270607999 12.1311260000001,46.270660999 12.131292,46.270795999 12.1313000000001,46.2708019990001 12.1314540000001,46.2709439990001 12.1315750000001,46.2710719990001 12.1315750000001,46.271265999 12.131646,46.2714579990001 12.1317740000001,46.2716089990001 12.1317990000001,46.271778999 12.1317980000001,46.271922999 12.1318880000001,46.2721059990001 12.131895,46.272119999 12.132014,46.2722009990001 12.1320480000001,46.2722249990001 12.1323580000001,46.272390999 12.1324040000001,46.2724529990001 12.132577,46.273219999 12.132578,46.273220999 12.132579,46.273220999 12.132598,46.2733909990001 12.1326100000001,46.2734999990001 12.1326280000001,46.273586999 12.1326480000001,46.2736829990001 12.132662,46.273694999 12.132847,46.2738479990001 12.1329170000001,46.2741299990001 12.1329460000001,46.274236999 12.132959,46.274285999 12.1329710000001,46.2743169990001 12.133045,46.2745129990001 12.1330850000001,46.2746329990001 12.1331050000001,46.2746549990001 12.1331690000001,46.2747249990001 12.1332390000001,46.274803999 12.1333090000001,46.2749729990001 12.13332,46.2751519990001 12.1333330000001,46.2753459990001 12.133299,46.275472999 12.133291,46.2755039990001 12.13329,46.275521999 12.1332880000001,46.2755589990001 12.133246,46.275674999 12.1332110000001,46.275771999 12.133108,46.275926999 12.1331040000001,46.2759329990001 12.132935,46.276131999 12.1329270000001,46.276176999 12.132916,46.2762359990001 12.1329230000001,46.2763479990001 12.13296,46.2764149990001 12.1330350000001,46.276470999 12.133049,46.276485999 12.1331050000001,46.2765459990001 12.1331470000001,46.2765939990001 12.133163,46.2766399990001 12.1332110000001,46.276780999 12.1332120000001,46.2768609990001 12.1332120000001,46.276892999 12.1332,46.277005999 12.1332,46.277077999 12.1332,46.277118999 12.133202,46.277139999 12.133204,46.2771729990001 12.133207,46.2772179990001 12.1332190000001,46.2772899990001 12.133228,46.277342999 12.1332790000001,46.277430999 12.133335,46.2774869990001 12.1333760000001,46.277526999 12.1334840000001,46.277591999 12.133539,46.277610999 12.133604,46.277632999 12.133743,46.2776679990001 12.1337950000001,46.277680999 12.1338240000001,46.2777149990001 12.1339,46.2778039990001 12.13392,46.2779449990001 12.133925,46.2779829990001 12.133925,46.2780519990001 12.133926,46.2780999990001 12.133947,46.2782299990001 12.133965,46.278311999 12.1339840000001,46.278399999 12.1339830000001,46.2784809990001 12.133994,46.278511999 12.134038,46.278627999 12.1340480000001,46.2786559990001 12.1340510000001,46.2786629990001 12.1341170000001,46.2788459990001 12.134213,46.2789329990001 12.13426,46.2789489990001 12.1343860000001,46.278990999 12.1344730000001,46.279012999 12.134511,46.2790229990001 12.1346370000001,46.279058999 12.1346790000001,46.2790859990001 12.134711,46.2791069990001 12.1347480000001,46.2792719990001 12.1347430000001,46.279282999 12.1347030000001,46.2793809990001 12.134713,46.279397999 12.1347690000001,46.2794919990001 12.1348790000001,46.279577999 12.134981,46.2796559990001 12.1350190000001,46.279680999 12.1350410000001,46.2796949990001 12.135115,46.279728999 12.1351690000001,46.279753999 12.13518,46.279775999 12.135251,46.2799229990001 12.1353040000001,46.280046999 12.135433,46.280132999 12.135573,46.2801919990001 12.135631,46.280203999 12.135751,46.280230999 12.135855,46.2803319990001 12.1359650000001,46.2804179990001 12.1359820000001,46.280476999 12.135998,46.2805299990001 12.1360060000001,46.280543999 12.1360270000001,46.2805779990001 12.136036,46.2805939990001 12.136044,46.280608999 12.136045,46.280610999 12.1360780000001,46.2806709990001 12.136268,46.280696999 12.1363710000001,46.280702999 12.13647,46.2807089990001 12.136692,46.2808279990001 12.136786,46.2808739990001 12.136801,46.280883999 12.136901,46.280946999 12.13708,46.2810989990001 12.1371350000001,46.281151999 12.1371820000001,46.281196999 12.1369550000001,46.281734999 12.137437,46.283559999 12.137411,46.2835869990001 12.137217,46.283693999 12.1371350000001,46.2837249990001 12.136854,46.283830999 12.136491,46.2839779990001 12.1360930000001,46.284162999 12.1359440000001,46.2842209990001 12.13573,46.284302999 12.135345,46.284523999 12.135293,46.284569999 12.1352840000001,46.2846499990001 12.1353100000001,46.284753999 12.135337,46.2848589990001 12.1355550000001,46.2851009990001 12.1355840000001,46.285132999 12.1355830000001,46.2851439990001 12.1355820000001,46.2851679990001 12.1354250000001,46.285334999 12.1354210000001,46.285340999 12.1353740000001,46.2853959990001 12.135253,46.285537999 12.1343420000001,46.286683999 12.133904,46.2874199990001 12.133807,46.2875719990001 12.1337730000001,46.2876269990001 12.1337580000001,46.287655999 12.133745,46.287681999 12.1336870000001,46.2877379990001 12.1336610000001,46.2877519990001 12.133611,46.2877799990001 12.133518,46.287812999 12.133431,46.287838999 12.1333500000001,46.2878529990001 12.1332560000001,46.287878999 12.133183,46.287899999 12.132889,46.288960999 12.132862,46.2905729990001 12.132849,46.2930239990001 12.1327910000001,46.293148999 12.1327370000001,46.293333999 12.132714,46.293401999 12.1327020000001,46.2934339990001 12.1326970000001,46.2934539990001 12.1326770000001,46.293533999 12.132667,46.293647999 12.1326510000001,46.2937449990001 12.132644,46.2937869990001 12.1327200000001,46.293978999 12.1327400000001,46.294050999 12.132758,46.294116999 12.132826,46.294298999 12.132841,46.294432999 12.132888,46.294594999 12.133089,46.295263999 12.1329470000001,46.2955469990001 12.132823,46.2957949990001 12.132799,46.2959709990001 12.1327650000001,46.296206999 12.132681,46.296636999 12.1326730000001,46.296973999 12.132703,46.297922999 12.132749,46.2980249990001 12.1329480000001,46.298457999 12.132974,46.2989049990001 12.132667,46.2991949990001 12.1323820000001,46.299293999 12.13217,46.2993689990001 12.1319950000001,46.2994409990001 12.1317340000001,46.299547999 12.13167,46.299853999 12.131742,46.3004089990001 12.131812,46.300734999 12.131858,46.3009479990001 12.1318880000001,46.3011279990001 12.131925,46.301342999 12.131903,46.301522999 12.131895,46.301593999 12.1318920000001,46.3015989990001 12.1315240000001,46.3022509990001 12.1309910000001,46.3029939990001 12.1302690000001,46.303709999 12.129988,46.3039039990001 12.129336,46.3039929990001 12.129267,46.304067999 12.1290090000001,46.3043509990001 12.1287770000001,46.3045249990001 12.128565,46.3046839990001 12.1285360000001,46.304739999 12.1284150000001,46.304973999 12.1285050000001,46.305482999 12.12848,46.3059979990001 12.1283920000001,46.306273999 12.128367,46.3063499990001 12.1283940000001,46.3068259990001 12.128493,46.3071159990001 12.1288040000001,46.3074819990001 12.128858,46.3075449990001 12.129088,46.3077719990001 12.12929,46.3077719990001 12.1295650000001,46.3077709990001 12.129922,46.307779999 12.130192,46.307786999 12.13035,46.307831999 12.1305630000001,46.307891999 12.1307150000001,46.307940999 12.130882,46.3079939990001 12.130974,46.308095999 12.13098,46.308102999 12.1309600000001,46.3084689990001 12.1308950000001,46.3086269990001 12.130864,46.308702999 12.130837,46.308820999 12.1308530000001,46.3088489990001 12.13086,46.308860999 12.1308940000001,46.3089239990001 12.1309840000001,46.309019999 12.1309870000001,46.309021999 12.131038,46.309063999 12.131089,46.309115999 12.131113,46.3091419990001 12.1311860000001,46.3092179990001 12.131271,46.309264999 12.1313490000001,46.3093239990001 12.1317780000001,46.3099749990001 12.133268,46.3104509990001 12.1338930000001,46.3106509990001 12.1342690000001,46.310666999 12.134352,46.310686999 12.1343900000001,46.3106959990001 12.134491,46.310706999 12.1346600000001,46.3107239990001 12.1349020000001,46.310759999 12.1350340000001,46.310779999 12.135096,46.3107889990001 12.135206,46.310803999 12.1353110000001,46.3107929990001 12.135392,46.3107839990001 12.1354910000001,46.3107909990001 12.135591,46.310802999 12.13568,46.310801999 12.1358020000001,46.310801999 12.136126,46.3108089990001 12.1363220000001,46.3107939990001 12.13645,46.310823999 12.136495,46.3108329990001 12.13654,46.310842999 12.136625,46.3108539990001 12.136688,46.3108619990001 12.1367970000001,46.3108759990001 12.136899,46.310890999 12.1369550000001,46.3108999990001 12.1370920000001,46.3109269990001 12.1373380000001,46.310933999 12.1374250000001,46.3109669990001 12.1376050000001,46.311020999 12.137689,46.311048999 12.137727,46.3110549990001 12.1377680000001,46.3110609990001 12.1382830000001,46.3112419990001 12.1385770000001,46.311345999 12.138835,46.311384999 12.139305,46.311455999 12.139347,46.3114679990001 12.1393640000001,46.311472999 12.1394510000001,46.311500999 12.139487,46.311501999 12.139536,46.311502999 12.1395850000001,46.3115039990001 12.139621,46.3115039990001 12.1402360000001,46.3115949990001 12.140317,46.3116399990001 12.140478,46.3116619990001 12.1406940000001,46.3117409990001 12.1407580000001,46.311792999 12.140819,46.311859999 12.1408270000001,46.3118689990001 12.141013,46.312016999 12.141108,46.3120709990001 12.1411140000001,46.3120759990001 12.1411680000001,46.3121119990001 12.1412320000001,46.312147999 12.141245,46.312154999 12.141356,46.312191999 12.141397,46.3122089990001 12.141426,46.312220999 12.141506,46.3122519990001 12.141599,46.312264999 12.1417030000001,46.3122929990001 12.1417530000001,46.312310999 12.1417890000001,46.3123239990001 12.1419,46.312351999 12.141943,46.312355999 12.1420130000001,46.3123629990001 12.1421030000001,46.3123909990001 12.1423,46.312446999 12.1436890000001,46.3133099990001 12.1439070000001,46.3134449990001 12.143969,46.3135169990001 12.143992,46.3135629990001 12.14403,46.313634999 12.144033,46.3136519990001 12.1440400000001,46.3136959990001 12.1440470000001,46.3137359990001 12.144051,46.313754999 12.1440710000001,46.313813999 12.144097,46.313864999 12.144144,46.3139599990001 12.1441970000001,46.3141169990001 12.144259,46.3142399990001 12.1443630000001,46.3143859990001 12.144465,46.3144779990001 12.1446100000001,46.314607999 12.144755,46.314697999 12.1448310000001,46.314830999 12.1450150000001,46.314962999 12.145142,46.3150889990001 12.145221,46.3151619990001 12.1453310000001,46.3152459990001 12.145357,46.3152709990001 12.145389,46.315300999 12.145475,46.3153819990001 12.145515,46.3154019990001 12.1456010000001,46.3154439990001 12.1456840000001,46.3154959990001 12.1457140000001,46.3155139990001 12.1458680000001,46.3155809990001 12.1460030000001,46.315621999 12.146059,46.315638999 12.146216,46.315712999 12.1463580000001,46.315757999 12.1464570000001,46.315778999 12.146531,46.3157939990001 12.1467030000001,46.3158389990001 12.1467730000001,46.3158609990001 12.146866,46.315890999 12.146918,46.3159059990001 12.147092,46.3160629990001 12.147339,46.3162859990001 12.147768,46.316382999 12.14788,46.316407999 12.1485000000001,46.3165249990001 12.148579,46.316609999 12.148834,46.3168859990001 12.1490850000001,46.3171369990001 12.149101,46.317152999 12.149191,46.317192999 12.1495170000001,46.3173389990001 12.1498270000001,46.317399999 12.149982,46.3174299990001 12.15133,46.317446999 12.1532260000001,46.3174709990001 12.1535700000001,46.317401999 12.1539260000001,46.317330999 12.154523,46.3172309990001 12.15453,46.3172289990001 12.154612,46.317195999 12.1549660000001,46.317054999 12.1552520000001,46.3168889990001 12.155829,46.3165539990001 12.1564220000001,46.316091999 12.157312,46.3157609990001 12.15862,46.315707999 12.159475,46.3157149990001 12.159999,46.315825999 12.1605270000001,46.315937999 12.160666,46.315983999 12.1608440000001,46.3160139990001 12.160901,46.3160079990001 12.160966,46.316001999 12.1611320000001,46.3159879990001 12.1612020000001,46.3159709990001 12.16126,46.315957999 12.1615130000001,46.315910999 12.1616910000001,46.315865999 12.161817,46.3158579990001 12.161979,46.315847999 12.1620830000001,46.315821999 12.162201,46.315800999 12.162319,46.315779999 12.1623950000001,46.315775999 12.162492,46.3157709990001 12.162671,46.3157439990001 12.1628400000001,46.3157159990001 12.1629610000001,46.315732999 12.1630520000001,46.3157459990001 12.1631360000001,46.315750999 12.1632470000001,46.3157589990001 12.1634300000001,46.3157449990001 12.1637210000001,46.3158309990001 12.1638350000001,46.3158509990001 12.16409,46.3159059990001 12.164295,46.315938999 12.164448,46.3159639990001 12.1648890000001,46.3160599990001 12.1649860000001,46.316067999 12.1651390000001,46.3160789990001 12.1654600000001,46.316138999 12.165624,46.3161699990001 12.165709,46.316181999 12.165803,46.3161959990001 12.1658640000001,46.316203999 12.165919,46.3162109990001 12.165986,46.3162199990001 12.1660390000001,46.316226999 12.166146,46.316253999 12.166275,46.316290999 12.166365,46.316342999 12.16643,46.316380999 12.166663,46.316407999 12.1669220000001,46.3164849990001 12.1669870000001,46.316495999 12.167108,46.316515999 12.167152,46.316521999 12.1671940000001,46.3165269990001 12.167385,46.316538999 12.1675280000001,46.3165279990001 12.1675990000001,46.3165469990001 12.167676,46.316567999 12.1677530000001,46.3165699990001 12.167854,46.3165729990001 12.1680860000001,46.316636999 12.168193,46.3166609990001 12.168262,46.316676999 12.168412,46.316740999 12.168533,46.316742999 12.168705,46.316744999 12.16878,46.3167569990001 12.1687900000001,46.3167589990001 12.169021,46.3167949990001 12.1693060000001,46.3168959990001 12.1695130000001,46.316943999 12.1697060000001,46.3170429990001 12.169722,46.3170509990001 12.1698010000001,46.3170899990001 12.169861,46.3171329990001 12.1700050000001,46.3172089990001 12.17011,46.3172509990001 12.170197,46.317285999 12.1702250000001,46.3172969990001 12.170353,46.317333999 12.170581,46.317395999 12.1712450000001,46.317511999 12.171948,46.3175879990001 12.1721870000001,46.3176129990001 12.173095,46.3176989990001 12.1735120000001,46.3177709990001 12.173731,46.3178089990001 12.1743760000001,46.317894999 12.1746230000001,46.3179279990001 12.174741,46.317937999 12.175376,46.3179919990001 12.1762410000001,46.3180429990001 12.1765510000001,46.318068999 12.1770480000001,46.3181109990001 12.178387,46.318119999 12.1798840000001,46.318094999 12.1811970000001,46.3181269990001 12.1817,46.318139999 12.1820490000001,46.3181479990001 12.182241,46.318180999 12.182606,46.3182439990001 12.183813,46.318318999 12.1841640000001,46.3184229990001 12.185032,46.318680999 12.1856460000001,46.318773999 12.186135,46.3188479990001 12.1869140000001,46.3188949990001 12.187353,46.318882999 12.1875150000001,46.3189119990001 12.1876350000001,46.3189339990001 12.1877200000001,46.318948999 12.1878070000001,46.3189639990001 12.188054,46.3189879990001 12.188098,46.3189819990001 12.188135,46.318976999 12.188183,46.318952999 12.188211,46.3189389990001 12.1882230000001,46.318928999 12.1882660000001,46.3188929990001 12.188256,46.318833999 12.1882590000001,46.318767999 12.1882430000001,46.318680999 12.18821,46.3186299990001 12.1881900000001,46.3185759990001 12.188183,46.318544999 12.188156,46.318409999 12.188089,46.318248999 12.188069,46.3181999990001 12.1880610000001,46.3180559990001 12.1880340000001,46.3179459990001 12.1880580000001,46.3178549990001 12.188204,46.3172969990001 12.188318,46.3172329990001 12.188388,46.317192999 12.188405,46.317145999 12.188473,46.316951999 12.1883060000001,46.315953999 12.188024,46.3156689990001 12.1879300000001,46.3154049990001 12.1879060000001,46.315037999 12.1878990000001,46.314872999 12.1878850000001,46.3145079990001 12.1878840000001,46.314132999 12.188091,46.3132489990001 12.1883530000001,46.312894999 12.188517,46.3125459990001 12.1887170000001,46.311364999 12.18875,46.311315999 12.188156,46.3111239990001 12.187872,46.3110309990001 12.1873600000001,46.3110129990001 12.187131,46.3109699990001 12.1868230000001,46.310912999 12.186539,46.310825999 12.185975,46.3107449990001 12.185575,46.310732999 12.1852720000001,46.3107239990001 12.185239,46.3107239990001 12.1849030000001,46.3107279990001 12.18445,46.310733999 12.1836890000001,46.3107499990001 12.182868,46.310759999 12.182101,46.3107649990001 12.181447,46.3107689990001 12.1816230000001,46.3103819990001 12.1818730000001,46.309944999 12.181881,46.3099309990001 12.182151,46.3094599990001 12.182154,46.309453999 12.182155,46.309451999 12.182393,46.308859999 12.1825840000001,46.308386999 12.182604,46.308347999 12.182804,46.3079569990001 12.1830840000001,46.3074089990001 12.183124,46.3073419990001 12.1831960000001,46.307221999 12.183248,46.307130999 12.1833,46.307039999 12.183416,46.3068329990001 12.1834410000001,46.3067879990001 12.1835150000001,46.306658999 12.1832670000001,46.3065129990001 12.1830380000001,46.3063779990001 12.183025,46.3063709990001 12.183003,46.3063589990001 12.182778,46.3062399990001 12.1823620000001,46.3060199990001 12.1822330000001,46.3059519990001 12.182056,46.3058579990001 12.1818000000001,46.305646999 12.1817990000001,46.305645999 12.181789,46.305624999 12.181741,46.305527999 12.1817080000001,46.305461999 12.1816390000001,46.3053219990001 12.1816010000001,46.3052459990001 12.181139,46.3049839990001 12.181024,46.3049189990001 12.180827,46.304806999 12.180615,46.3046869990001 12.180575,46.3046639990001 12.1806330000001,46.304581999 12.1806970000001,46.3044139990001 12.1807000000001,46.304365999 12.180705,46.3042859990001 12.1806300000001,46.3041219990001 12.1803840000001,46.3039639990001 12.1802980000001,46.303908999 12.180263,46.303886999 12.180032,46.3037379990001 12.179738,46.303548999 12.179696,46.3035219990001 12.1794810000001,46.3035459990001 12.179452,46.303549999 12.1793940000001,46.3035569990001 12.1792070000001,46.3035799990001 12.178973,46.3036089990001 12.1789620000001,46.3036099990001 12.178955,46.3036109990001 12.1788270000001,46.3036689990001 12.178366,46.3037369990001 12.177783,46.3038379990001 12.1777020000001,46.3038519990001 12.1775490000001,46.3038789990001 12.177491,46.303888999 12.177446,46.3038969990001 12.177358,46.303911999 12.177223,46.303934999 12.1771910000001,46.3039409990001 12.1771880000001,46.3039409990001 12.176955,46.3038979990001 12.176588,46.3038289990001 12.1765340000001,46.303818999 12.1764460000001,46.303802999 12.176412,46.303796999 12.1763770000001,46.3037929990001 12.176024,46.303751999 12.1758980000001,46.3037369990001 12.175886,46.303735999 12.175851,46.303731999 12.1757900000001,46.303726999 12.175692,46.3037179990001 12.1756560000001,46.3037149990001 12.1754800000001,46.303660999 12.175349,46.303620999 12.1752220000001,46.3035819990001 12.1750500000001,46.303529999 12.1750450000001,46.303527999 12.1750430000001,46.303527999 12.1750270000001,46.3035219990001 12.175016,46.3035189990001 12.175012,46.3035179990001 12.174986,46.303509999 12.17497,46.303504999 12.174963,46.303502999 12.174947,46.3034979990001 12.1748690000001,46.3034739990001 12.174858,46.3034709990001 12.174832,46.303462999 12.1748210000001,46.303459999 12.174806,46.3034549990001 12.1746200000001,46.303397999 12.174562,46.3033809990001 12.17454,46.303373999 12.1745240000001,46.303368999 12.1745010000001,46.3033609990001 12.174468,46.303348999 12.1740110000001,46.303188999 12.173997,46.3031839990001 12.1739940000001,46.3031829990001 12.1736730000001,46.3030009990001 12.1735610000001,46.302873999 12.1734720000001,46.3027729990001 12.1730850000001,46.302332999 12.173076,46.3023209990001 12.1729040000001,46.3019399990001 12.172917,46.301683999 12.1731730000001,46.3015359990001 12.173392,46.301409999 12.1735370000001,46.301325999 12.1739020000001,46.301114999 12.173906,46.301076999 12.1739200000001,46.3009519990001 12.1739420000001,46.3007419990001 12.1739430000001,46.3007299990001 12.1735870000001,46.300691999 12.172986,46.300625999 12.172967,46.3006159990001 12.172963,46.3006139990001 12.172599,46.3004089990001 12.1725950000001,46.3004069990001 12.172242,46.300309999 12.1719370000001,46.3000489990001 12.171498,46.2998259990001 12.17118,46.2996649990001 12.1711110000001,46.2996399990001 12.1710800000001,46.2996279990001 12.1709250000001,46.299570999 12.170396,46.2993759990001 12.170149,46.2992429990001 12.169949,46.299134999 12.16988,46.299093999 12.169831,46.2990649990001 12.168844,46.2984989990001 12.168709,46.2981569990001 12.168661,46.2979079990001 12.1686340000001,46.297878999 12.1683550000001,46.297584999 12.1680950000001,46.2974359990001 12.1676440000001,46.2971479990001 12.1667800000001,46.2965419990001 12.1667580000001,46.296530999 12.1666670000001,46.2964869990001 12.166393,46.2961729990001 12.1661100000001,46.2958649990001 12.16626,46.295802999 12.1662630000001,46.2957219990001 12.1662030000001,46.295418999 12.166097,46.295087999 12.1661970000001,46.294885999 12.1662000000001,46.294886999 12.166506,46.294523999 12.1668110000001,46.294140999 12.1669190000001,46.293802999 12.166906,46.293576999 12.166957,46.293305999 12.167197,46.292904999 12.167653,46.2923259990001 12.168172,46.2918769990001 12.1684010000001,46.2915879990001 12.1689890000001,46.2914019990001 12.1697810000001,46.291435999 12.170596,46.291394999 12.1714000000001,46.291164999 12.172809,46.291030999 12.1731340000001,46.2910029990001 12.174,46.2909039990001 12.1749110000001,46.290651999 12.175739,46.2903639990001 12.176842,46.290128999 12.177575,46.2900289990001 12.17817,46.289992999 12.1787630000001,46.289926999 12.179268,46.289814999 12.1797920000001,46.289789999 12.1801300000001,46.289731999 12.1809270000001,46.2895129990001 12.1815740000001,46.2893959990001 12.182219,46.2892399990001 12.182577,46.2890429990001 12.182957,46.2889929990001 12.1831930000001,46.2888879990001 12.1834020000001,46.288822999 12.183812,46.288781999 12.1845290000001,46.2886539990001 12.1851530000001,46.288625999 12.185574,46.288535999 12.1859910000001,46.288375999 12.1863230000001,46.2882289990001 12.1867300000001,46.2881389990001 12.1875200000001,46.288087999 12.188077,46.288130999 12.1885350000001,46.2881869990001 12.188989,46.2881839990001 12.189352,46.2880759990001 12.189484,46.2880299990001 12.1898160000001,46.2879139990001 12.1902200000001,46.2875949990001 12.1905390000001,46.2872169990001 12.1906030000001,46.287045999 12.190524,46.2869199990001 12.1902620000001,46.2868089990001 12.1897520000001,46.2865869990001 12.189487,46.286549999 12.1888210000001,46.2864549990001 12.188519,46.286394999 12.1881330000001,46.2863659990001 12.187528,46.286215999 12.186852,46.2860869990001 12.1871400000001,46.285490999 12.1875160000001,46.2846939990001 12.187852,46.2835899990001 12.187852,46.2832049990001 12.188003,46.2828279990001 12.188021,46.282771999 12.1882440000001,46.282139999 12.188481,46.2815259990001 12.1884850000001,46.2814759990001 12.1881980000001,46.2808859990001 12.1880850000001,46.2801459990001 12.188022,46.279913999 12.1880830000001,46.279815999 12.1881980000001,46.2796299990001 12.188256,46.279640999 12.188317,46.2796269990001 12.1884000000001,46.279569999 12.188657,46.2793879990001 12.1888020000001,46.2793429990001 12.1889790000001,46.2792949990001 12.1889790000001,46.2792929990001 12.1892080000001,46.279236999 12.189427,46.279215999 12.189605,46.279214999 12.189605,46.279212999 12.189742,46.279253999 12.1898850000001,46.279303999 12.19003,46.279299999 12.190139,46.2792519990001 12.1904270000001,46.278922999 12.190616,46.2787329990001 12.1909370000001,46.2785079990001 12.191428,46.278154999 12.1917510000001,46.277976999 12.1918840000001,46.277972999 12.192188,46.277840999 12.192399,46.2776499990001 12.1924960000001,46.2774009990001 12.192548,46.2771529990001 12.192598,46.2768579990001 12.1927880000001,46.2766829990001 12.1931510000001,46.276425999 12.193247,46.2763619990001 12.1933750000001,46.2763439990001 12.1936440000001,46.2763459990001 12.1938890000001,46.2763389990001 12.194191,46.276217999 12.19447,46.2760259990001 12.194732,46.275837999 12.1949460000001,46.2755979990001 12.1951310000001,46.275336999 12.195274,46.2751029990001 12.1954270000001,46.2749499990001 12.1956700000001,46.2747499990001 12.1959650000001,46.274529999 12.196241,46.2743789990001 12.196427,46.2742649990001 12.1966570000001,46.2741639990001 12.196803,46.2740429990001 12.1970180000001,46.273852999 12.1971810000001,46.2736589990001 12.1973640000001,46.273446999 12.197621,46.273250999 12.197799,46.2731919990001 12.1980130000001,46.273135999 12.198266,46.273065999 12.1984190000001,46.273043999 12.1985990000001,46.2730569990001 12.1987560000001,46.2731019990001 12.1988460000001,46.2732169990001 12.1989370000001,46.2733219990001 12.198941,46.2733259990001 12.1990440000001,46.273318999 12.1992050000001,46.273246999 12.1995010000001,46.2730499990001 12.1998090000001,46.272815999 12.199959,46.272640999 12.200054,46.2723319990001 12.2002000000001,46.2718449990001 12.200248,46.2716829990001 12.200249,46.2716799990001 12.2003300000001,46.2714289990001 12.200323,46.2712309990001 12.2002200000001,46.2711659990001 12.200139,46.271244999 12.1999670000001,46.2714839990001 12.1998400000001,46.2715909990001 12.199759,46.271466999 12.199777,46.2712099990001 12.199827,46.2709429990001 12.1999290000001,46.270697999 12.199935,46.270683999 12.200094,46.270300999 12.2001780000001,46.2700609990001 12.200186,46.2698979990001 12.200098,46.269801999 12.200022,46.2697179990001 12.200006,46.269646999 12.200028,46.2696099990001 12.2002160000001,46.2694019990001 12.2005330000001,46.2690429990001 12.2005820000001,46.268986999 12.200838,46.268565999 12.201012,46.2678949990001 12.2012100000001,46.2670659990001 12.2013020000001,46.2667929990001 12.2014790000001,46.2663969990001 12.201626,46.266149999 12.2017030000001,46.265976999 12.201732,46.2658769990001 12.201736,46.265750999 12.201698,46.2655849990001 12.2016770000001,46.2654959990001 12.201694,46.2654459990001 12.201757,46.2653949990001 12.201832,46.265365999 12.201938,46.2653309990001 12.202006,46.2653069990001 12.202076,46.2652419990001 12.202165,46.2649739990001 12.202185,46.264918999 12.202215,46.264890999 12.202261,46.264893999 12.2023330000001,46.264941999 12.20241,46.2651739990001 12.202437,46.265213999 12.2024700000001,46.2652259990001 12.20252,46.2652199990001 12.2025570000001,46.265187999 12.2026280000001,46.264870999 12.2027360000001,46.2646559990001 12.202777,46.264438999 12.202859,46.264355999 12.2028530000001,46.264349999 12.202864,46.264350999 12.202952,46.2643229990001 12.2030340000001,46.2642969990001 12.203152,46.2642049990001 12.203423,46.263992999 12.203694,46.263832999 12.2040870000001,46.263605999 12.204355,46.263449999 12.2045410000001,46.263313999 12.2047210000001,46.2631509990001 12.204872,46.2630619990001 12.20502,46.262975999 12.2051240000001,46.2628569990001 12.2052570000001,46.262595999 12.2052880000001,46.262569999 12.205343,46.2625219990001 12.205381,46.262488999 12.2055290000001,46.2624269990001 12.2055590000001,46.2624229990001 12.2056160000001,46.262415999 12.205718,46.2624029990001 12.205943,46.2624019990001 12.2062760000001,46.2624089990001 12.2062300000001,46.262302999 12.2060070000001,46.261692999 12.2056230000001,46.2613479990001 12.205203,46.2611489990001 12.204823,46.2610599990001 12.2045850000001,46.260927999 12.2044270000001,46.2608559990001 12.2044290000001,46.260566999 12.20442,46.260256999 12.20442,46.260211999 12.2045010000001,46.260209999 12.204551,46.260212999 12.204639,46.260232999 12.204692,46.260258999 12.2047480000001,46.2603609990001 12.204778,46.260503999 12.204773,46.260687999 12.2048080000001,46.2608039990001 12.204839,46.2608569990001 12.204872,46.260860999 12.2050380000001,46.260815999 12.205185,46.2607799990001 12.2053340000001,46.2607849990001 12.205832,46.2608929990001 12.206129,46.260955999 12.206262,46.2609929990001 12.206326,46.2610589990001 12.206644,46.2615539990001 12.206735,46.2616369990001 12.206822,46.261678999 12.206958,46.2616669990001 12.2072440000001,46.2615099990001 12.207552,46.261401999 12.2078450000001,46.2613089990001 12.208039,46.2612759990001 12.208293,46.261273999 12.208604,46.2613009990001 12.208806,46.261407999 12.2089520000001,46.261556999 12.2092430000001,46.261745999 12.2095120000001,46.2618419990001 12.2099430000001,46.2619739990001 12.210404,46.2620739990001 12.2106210000001,46.262125999 12.210839,46.262151999 12.2110870000001,46.2621579990001 12.2115620000001,46.262211999 12.2120340000001,46.2622479990001 12.212382,46.2622699990001 12.212675,46.2622709990001 12.21308,46.262254999 12.21349,46.262188999 12.21394,46.2620869990001 12.214183,46.2619759990001 12.2141750000001,46.2619049990001 12.214261,46.2618029990001 12.2143540000001,46.261737999 12.2145100000001,46.261674999 12.214703,46.261601999 12.2148,46.2615449990001 12.214858,46.261475999 12.21489,46.2613269990001 12.214903,46.2611869990001 12.214869,46.261061999 12.214837,46.2609179990001 12.2148520000001,46.260773999 12.214841,46.260661999 12.2148320000001,46.260544999 12.214889,46.260367999 12.214914,46.2602189990001 12.2148920000001,46.2600659990001 12.214885,46.2597739990001 12.2148720000001,46.2595269990001 12.2148090000001,46.259307999 12.214791,46.259110999 12.214637,46.258885999 12.214595,46.2587389990001 12.214574,46.2586669990001 12.214507,46.2585519990001 12.2142410000001,46.258455999 12.214191,46.258411999 12.214071,46.258206999 12.2140680000001,46.2582009990001 12.213986,46.2580619990001 12.213873,46.257736999 12.213847,46.257693999 12.213785,46.2575909990001 12.2136640000001,46.2575169990001 12.2134960000001,46.257414999 12.213423,46.2573009990001 12.213359,46.2572019990001 12.213225,46.256927999 12.2131430000001,46.2567579990001 12.2130960000001,46.256656999 12.212978,46.256402999 12.212949,46.2561239990001 12.2129370000001,46.2560079990001 12.2129350000001,46.255885999 12.2129340000001,46.2558099990001 12.2129400000001,46.2557469990001 12.212948,46.2556699990001 12.2129350000001,46.2555809990001 12.21293,46.2555399990001 12.212926,46.255508999 12.2129130000001,46.255393999 12.2128950000001,46.255234999 12.212902,46.254937999 12.2131150000001,46.2548579990001 12.2138200000001,46.2548129990001 12.214409,46.2547679990001 12.2145550000001,46.254698999 12.2147170000001,46.2546219990001 12.2150980000001,46.254445999 12.2158390000001,46.254262999 12.216623,46.254240999 12.2172200000001,46.254331999 12.21772,46.2543879990001 12.218014,46.254420999 12.2185270000001,46.254405999 12.2188380000001,46.2543689990001 12.219025,46.254200999 12.2191960000001,46.254150999 12.2193360000001,46.254109999 12.21968,46.2540019990001 12.219724,46.2539879990001 12.219835,46.2538479990001 12.2197,46.2535809990001 12.2194490000001,46.253367999 12.219277,46.253098999 12.219168,46.2528419990001 12.219139,46.2527749990001 12.219117,46.252626999 12.219078,46.2523669990001 12.218799,46.2516639990001 12.2187710000001,46.2511999990001 12.218761,46.2511719990001 12.2187200000001,46.251051999 12.2187450000001,46.2510159990001 12.218802,46.250844999 12.218888,46.2505839990001 12.2188820000001,46.2500009990001 12.2188850000001,46.2495729990001 12.2189710000001,46.2491229990001 12.219185,46.2484749990001 12.219146,46.2479939990001 12.219138,46.2475649990001 12.2193950000001,46.247241999 12.219547,46.2470309990001 12.2196530000001,46.2469189990001 12.2197150000001,46.2462429990001 12.219912,46.245510999 12.220132,46.244873999 12.220336,46.2445469990001 12.2207250000001,46.2444409990001 12.2208690000001,46.244269999 12.220896,46.244153999 12.220896,46.2441499990001 12.2206860000001,46.243774999 12.220451,46.2435789990001 12.220509,46.2433869990001 12.22058,46.2431349990001 12.2206560000001,46.2429779990001 12.221012,46.2429089990001 12.221506,46.2428349990001 12.2218730000001,46.2426579990001 12.22216,46.242578999 12.22263,46.242398999 12.2231820000001,46.2424549990001 12.223688,46.2423689990001 12.2238400000001,46.2423189990001 12.2245160000001,46.242063999 12.2249420000001,46.2421699990001 12.22538,46.242487999 12.2261720000001,46.2428229990001 12.2269870000001,46.242965999 12.22752,46.243417999 12.227586,46.2434739990001 12.2276390000001,46.243508999 12.2284710000001,46.2439889990001 12.22914,46.2443709990001 12.229407,46.244473999 12.229658,46.244694999 12.2298710000001,46.2448459990001 12.230221,46.245016999 12.2303880000001,46.244972999 12.23069,46.2449089990001 12.2310620000001,46.2448669990001 12.231182,46.2449739990001 12.231544,46.2451879990001 12.2317850000001,46.2455189990001 12.2319150000001,46.2458529990001 12.2319210000001,46.2458569990001 12.2321860000001,46.2460789990001 12.233072,46.246388999 12.233976,46.2467779990001 12.235191,46.247374999 12.2358550000001,46.2480169990001 12.236366,46.2484739990001 12.236816,46.2490549990001 12.2368020000001,46.2491269990001 12.236901,46.2492739990001 12.236972,46.2493759990001 12.237038,46.249512999 12.237132,46.2496859990001 12.237224,46.249831999 12.2373690000001,46.249985999 12.2374290000001,46.2501369990001 12.237442,46.250234999 12.237396,46.2503399990001 12.23733,46.2504499990001 12.237449,46.2506039990001 12.237561,46.250749999 12.237669,46.2508279990001 12.2377090000001,46.2508309990001 12.237756,46.2508609990001 12.237871,46.2509429990001 12.2379730000001,46.2510349990001 12.237986,46.2510389990001 12.238117,46.2511749990001 12.238329,46.251357999 12.238476,46.2514389990001 12.238657,46.251541999 12.238751,46.251610999 12.2389230000001,46.251655999 12.2389900000001,46.2516689990001 12.2390540000001,46.2516939990001 12.2390980000001,46.2516949990001 12.2391030000001,46.2516919990001 12.2391190000001,46.2516949990001 12.2391450000001,46.2516949990001 12.2392100000001,46.2516879990001 12.239474,46.251653999 12.239786,46.2515509990001 12.2399770000001,46.2514869990001 12.2402450000001,46.251406999 12.240553,46.251343999 12.2407460000001,46.251315999 12.2409040000001,46.2513299990001 12.2415530000001,46.2512799990001 12.2420100000001,46.251140999 12.2426120000001,46.2509889990001 12.2432020000001,46.2509049990001 12.2436700000001,46.2508099990001 12.244092,46.250730999 12.244423,46.2506269990001 12.2447700000001,46.2504549990001 12.2450010000001,46.250285999 12.245331,46.2500659990001 12.2458340000001,46.2497989990001 12.2461750000001,46.249671999 12.246475,46.249582999 12.2472030000001,46.2493869990001 12.2475620000001,46.2491239990001 12.2481240000001,46.2487579990001 12.248211,46.2486679990001 12.2483110000001,46.2485819990001 12.2484160000001,46.248504999 12.2485320000001,46.2484669990001 12.248571,46.248431999 12.2485960000001,46.248391999 12.248563,46.248034999 12.2485790000001,46.247981999 12.248632,46.247944999 12.248697,46.247920999 12.2490290000001,46.247961999 12.249336,46.248053999 12.2495680000001,46.2480249990001 12.2499100000001,46.247915999 12.2500640000001,46.247846999 12.2502270000001,46.2476189990001 12.250327,46.2474369990001 12.250412,46.2473489990001 12.2506060000001,46.247284999 12.250837,46.2471839990001 12.251018,46.2470699990001 12.2510530000001,46.247057999 12.251131,46.2470319990001 12.2511650000001,46.247018999 12.251288,46.246973999 12.251407,46.2469559990001 12.25141,46.2469559990001 12.2514210000001,46.246952999 12.251585,46.2469119990001 12.2520470000001,46.2468439990001 12.252305,46.246814999 12.252511,46.246790999 12.2527630000001,46.246765999 12.252806,46.246773999 12.252887,46.2467869990001 12.252977,46.2468279990001 12.253043,46.246856999 12.253094,46.2468719990001 12.253097,46.2468729990001 12.25311,46.2468709990001 12.2531470000001,46.2468669990001 12.2531930000001,46.246860999 12.25329,46.2468259990001 12.2533340000001,46.2467999990001 12.253358,46.2467859990001 12.2534180000001,46.246773999 12.2534470000001,46.2467779990001 12.2534680000001,46.2467819990001 12.253504,46.2467749990001 12.2535290000001,46.246769999 12.253545,46.2467609990001 12.2535540000001,46.2467559990001 12.2536050000001,46.2467539990001 12.25363,46.246744999 12.253635,46.246743999 12.25366,46.2467419990001 12.2536710000001,46.2467539990001 12.253679,46.2467629990001 12.253701,46.246791999 12.2537120000001,46.2468059990001 12.2537560000001,46.2468279990001 12.253773,46.2468769990001 12.2538200000001,46.246929999 12.2538930000001,46.2469639990001 12.253904,46.246968999 12.253947,46.2469889990001 12.254037,46.246994999 12.2540450000001,46.246994999 12.2540970000001,46.246992999 12.254219,46.247080999 12.2543190000001,46.2470949990001 12.2544300000001,46.247110999 12.2546080000001,46.2471149990001 12.254801,46.2470949990001 12.255137,46.2470299990001 12.25514,46.2470289990001 12.2555140000001,46.247088999 12.2558490000001,46.2470559990001 12.256082,46.246744999 12.2560980000001,46.246722999 12.2561200000001,46.246683999 12.256295,46.2463749990001 12.2563240000001,46.2463509990001 12.256355,46.2463339990001 12.2564130000001,46.2463039990001 12.256497,46.246225999 12.25667,46.246156999 12.256896,46.2460189990001 12.257053,46.2459199990001 12.2571780000001,46.2458409990001 12.257215,46.245821999 12.2572740000001,46.2457929990001 12.2573170000001,46.245753999 12.2573420000001,46.245731999 12.2574690000001,46.245706999 12.2576480000001,46.2456149990001 12.257796,46.2455639990001 12.257821,46.245555999 12.2578370000001,46.245549999 12.257894,46.245527999 12.257998,46.2454919990001 12.258117,46.2454509990001 12.2582390000001,46.245395999 12.2583490000001,46.245346999 12.25863,46.2452049990001 12.2586700000001,46.245174999 12.2587150000001,46.2451429990001 12.2587500000001,46.2451209990001 12.2587800000001,46.245100999 12.2589830000001,46.2450289990001 12.25899,46.2450059990001 12.2590000000001,46.2449749990001 12.2591120000001,46.2449079990001 12.25917,46.244873999 12.2592010000001,46.244855999 12.2594520000001,46.2447279990001 12.259689,46.244604999 12.259821,46.244535999 12.2598810000001,46.244491999 12.260046,46.2443689990001 12.2602430000001,46.2441909990001 12.260293,46.2441189990001 12.260496,46.2439859990001 12.2605840000001,46.243928999 12.260632,46.2439009990001 12.260657,46.243886999 12.2606880000001,46.2438519990001 12.260698,46.243840999 12.260729,46.2437829990001 12.2607350000001,46.243770999 12.2607380000001,46.2437669990001 12.2608090000001,46.2436539990001 12.2608300000001,46.2436229990001 12.2608530000001,46.2435889990001 12.26086,46.2435429990001 12.260865,46.243507999 12.2608970000001,46.243456999 12.2609,46.2434529990001 12.2609400000001,46.2433339990001 12.260953,46.2432629990001 12.2609610000001,46.2432219990001 12.2610290000001,46.243165999 12.2611470000001,46.243079999 12.2611920000001,46.2430479990001 12.2612120000001,46.243028999 12.261247,46.2429969990001 12.2612950000001,46.242896999 12.2613040000001,46.2428799990001 12.2613410000001,46.2428149990001 12.26135,46.2427959990001 12.2613680000001,46.2427549990001 12.2614160000001,46.242692999 12.261419,46.242689999 12.261533,46.2425029990001 12.26156,46.2422049990001 12.261735,46.2418269990001 12.2618840000001,46.241520999 12.261892,46.241503999 12.261901,46.2414619990001 12.2619320000001,46.2413159990001 12.262005,46.241228999 12.2620210000001,46.241122999 12.262032,46.241048999 12.2620450000001,46.2409689990001 12.2620700000001,46.240821999 12.2620680000001,46.2408159990001 12.262058,46.240784999 12.2620620000001,46.2407229990001 12.2620630000001,46.2407049990001 12.2621120000001,46.240420999 12.26219,46.240061999 12.262319,46.239606999 12.262464,46.2392369990001 12.262504,46.2390989990001 12.262524,46.239028999 12.2624430000001,46.2387929990001 12.262394,46.2386259990001 12.262319,46.238373999 12.262186,46.238007999 12.2621520000001,46.237811999 12.2621360000001,46.237717999 12.2621600000001,46.237561999 12.262192,46.237354999 12.2622440000001,46.237114999 12.2624660000001,46.2369399990001 12.2627140000001,46.2368339990001 12.2628340000001,46.2367829990001 12.262861,46.2367639990001 12.2629400000001,46.2367109990001 12.2626040000001,46.2367369990001 12.2628330000001,46.236590999 12.2627190000001,46.2365329990001 12.262729,46.2363329990001 12.262771,46.2362859990001 12.262823,46.236229999 12.2628790000001,46.236187999 12.2629400000001,46.236141999 12.2629880000001,46.235986999 12.262906,46.2359979990001 12.2628300000001,46.236007999 12.26271,46.236003999 12.2626950000001,46.236003999 12.2626930000001,46.236002999 12.2626460000001,46.235987999 12.2624730000001,46.2359939990001 12.2623390000001,46.2359979990001 12.262026,46.236056999 12.2614530000001,46.236099999 12.2613640000001,46.2361069990001 12.2612500000001,46.2361149990001 12.261038,46.236123999 12.2608770000001,46.2361299990001 12.26055,46.2361569990001 12.260274,46.236186999 12.2600650000001,46.236095999 12.259963,46.236003999 12.2598170000001,46.2358559990001 12.2598150000001,46.235850999 12.259754,46.235734999 12.2597230000001,46.235537999 12.259645,46.235215999 12.259558,46.2349109990001 12.259357,46.2346669990001 12.2591800000001,46.2344869990001 12.2591650000001,46.234450999 12.2591430000001,46.2342809990001 12.25926,46.2341339990001 12.2594120000001,46.234028999 12.2595250000001,46.2339499990001 12.2595900000001,46.2338809990001 12.25974,46.2337219990001 12.259821,46.2335709990001 12.259913,46.233400999 12.260162,46.233143999 12.260347,46.232947999 12.2604460000001,46.232678999 12.2604630000001,46.2325729990001 12.2605110000001,46.232265999 12.2606030000001,46.2319029990001 12.2605820000001,46.2317369990001 12.260566,46.2316119990001 12.2605290000001,46.2314769990001 12.2604940000001,46.231348999 12.2603550000001,46.2311769990001 12.260094,46.2310929990001 12.25985,46.2310029990001 12.2597240000001,46.2309319990001 12.2597030000001,46.2309059990001 12.2596,46.230779999 12.259574,46.230695999 12.259535,46.2305689990001 12.2596770000001,46.2302339990001 12.259823,46.2298539990001 12.259873,46.229774999 12.2599680000001,46.2296229990001 12.2600620000001,46.2293999990001 12.260072,46.2293759990001 12.260045,46.229073999 12.2600150000001,46.2288869990001 12.2601070000001,46.228760999 12.260229,46.2286099990001 12.2602410000001,46.2285699990001 12.2602890000001,46.228400999 12.26028,46.2282309990001 12.26027,46.2281169990001 12.260253,46.227928999 12.260276,46.2276449990001 12.2603070000001,46.227566999 12.2604040000001,46.2273269990001 12.260522,46.226892999 12.2605370000001,46.2268359990001 12.260656,46.2263769990001 12.260661,46.226327999 12.2606640000001,46.2262989990001 12.2606660000001,46.2262729990001 12.2606700000001,46.2262269990001 12.260676,46.2261639990001 12.260611,46.2259599990001 12.260503,46.225781999 12.2602690000001,46.225268999 12.259977,46.2249139990001 12.259977,46.224912999 12.259806,46.2245869990001 12.259639,46.2242669990001 12.2596340000001,46.2242609990001 12.2595890000001,46.224214999 12.259398,46.2240179990001 12.259375,46.2239939990001 12.259332,46.2238789990001 12.259267,46.223876999 12.2590880000001,46.223761999 12.2587570000001,46.2235499990001 12.258743,46.2235409990001 12.258656,46.2234799990001 12.258404,46.2231139990001 12.258318,46.2230049990001 12.258311,46.2227629990001 12.2583240000001,46.222632999 12.258318,46.222524999 12.2583090000001,46.2225079990001 12.2583030000001,46.222495999 12.258295,46.222480999 12.258199,46.222385999 12.2581510000001,46.222338999 12.258023,46.2222439990001 12.25802,46.2221989990001 12.2580530000001,46.222117999 12.2580800000001,46.2220579990001 12.258115,46.2220169990001 12.2581730000001,46.221977999 12.2583040000001,46.2219009990001 12.258357,46.221866999 12.258381,46.221825999 12.2583960000001,46.2217899990001 12.258426,46.221714999 12.258412,46.221490999 12.258412,46.221484999 12.258403,46.2213809990001 12.2583460000001,46.221280999 12.258272,46.2211819990001 12.258228,46.221124999 12.258227,46.2210519990001 12.258225,46.220966999 12.258246,46.220859999 12.258271,46.2207559990001 12.2583950000001,46.220604999 12.25841,46.220586999 12.2584160000001,46.2205769990001 12.258537,46.2203929990001 12.2587120000001,46.220225999 12.258791,46.2201509990001 12.258902,46.220024999 12.2589580000001,46.219956999 12.259032,46.219866999 12.259035,46.219862999 12.259033,46.2198259990001 12.259031,46.219794999 12.2590490000001,46.2197149990001 12.2590500000001,46.219709999 12.2590490000001,46.219705999 12.259036,46.2196469990001 12.258742,46.2193799990001 12.2586850000001,46.219278999 12.258671,46.219163999 12.2586480000001,46.218989999 12.258651,46.2189789990001 12.2586660000001,46.2189309990001 12.258679,46.2188909990001 12.25872,46.2187739990001 12.258749,46.2186999990001 12.258746,46.218650999 12.258742,46.2186329990001 12.258719,46.218534999 12.258586,46.2182349990001 12.2585090000001,46.218106999 12.2584880000001,46.2180729990001 12.258407,46.217903999 12.258406,46.2179009990001 12.2583940000001,46.2178549990001 12.258381,46.2178079990001 12.258366,46.2176689990001 12.25838,46.2176209990001 12.258388,46.217590999 12.258537,46.217407999 12.2587600000001,46.2172229990001 12.258883,46.217117999 12.258907,46.2170639990001 12.258924,46.217026999 12.258973,46.2169229990001 12.2590500000001,46.216852999 12.2591640000001,46.216780999 12.25935,46.2166589990001 12.2593620000001,46.2166509990001 12.259482,46.2165689990001 12.259785,46.2163249990001 12.259896,46.216057999 12.260033,46.2155099990001 12.260165,46.215226999 12.2603040000001,46.215069999 12.2601710000001,46.2142649990001 12.260047,46.2135929990001 12.2596790000001,46.2131039990001 12.259217,46.212820999 12.259221,46.2127369990001 12.259198,46.212663999 12.2591630000001,46.2125539990001 12.2591590000001,46.212455999 12.2591570000001,46.212388999 12.2591420000001,46.212367999 12.2590450000001,46.212233999 12.2590450000001,46.2120379990001 12.2590430000001,46.2116799990001 12.2590910000001,46.2113459990001 12.259087,46.2109849990001 12.259102,46.210767999 12.259109,46.2106709990001 12.259107,46.210659999 12.2590750000001,46.2104919990001 12.2590030000001,46.2100879990001 12.259056,46.2099749990001 12.2591820000001,46.2098549990001 12.259213,46.2098329990001 12.259234,46.2098099990001 12.25928,46.2097629990001 12.2592920000001,46.2096959990001 12.2592930000001,46.2095689990001 12.259242,46.2094549990001 12.259194,46.209347999 12.2591570000001,46.209263999 12.259154,46.209210999 12.2591820000001,46.2091319990001 12.259198,46.209053999 12.2592080000001,46.208992999 12.259215,46.208946999 12.25929,46.2088259990001 12.2592950000001,46.2088159990001 12.2592990000001,46.208810999 12.2594130000001,46.2086409990001 12.259422,46.2084379990001 12.2594270000001,46.2083459990001 12.2594060000001,46.208287999 12.2593880000001,46.2082369990001 12.2593650000001,46.208161999 12.2593460000001,46.208094999 12.259357,46.2080369990001 12.2593600000001,46.208017999 12.2594050000001,46.2078969990001 12.2594110000001,46.2078819990001 12.259466,46.207747999 12.259464,46.207613999 12.259463,46.2075369990001 12.2595230000001,46.2072889990001 12.2594950000001,46.2071949990001 12.2594030000001,46.2070469990001 12.259398,46.2070389990001 12.259324,46.206984999 12.259307,46.2069719990001 12.2592780000001,46.206961999 12.259194,46.2069319990001 12.259099,46.2069279990001 12.259036,46.2069249990001 12.258942,46.2069259990001 12.2587730000001,46.206918999 12.258626,46.206893999 12.2585090000001,46.2068379990001 12.2582850000001,46.2067219990001 12.258186,46.2066209990001 12.258177,46.2066109990001 12.2581210000001,46.2065459990001 12.2580170000001,46.2063929990001 12.2579890000001,46.206357999 12.2580580000001,46.2059649990001 12.2581010000001,46.2057559990001 12.25845,46.205390999 12.2585730000001,46.2052599990001 12.2588270000001,46.2050179990001 12.259218,46.2046619990001 12.2594490000001,46.204463999 12.259599,46.204354999 12.2597190000001,46.2042469990001 12.2598850000001,46.204080999 12.260097,46.203835999 12.2603960000001,46.2035489990001 12.2606890000001,46.2033119990001 12.2607190000001,46.203200999 12.260768,46.2030539990001 12.2608040000001,46.202958999 12.26066,46.2022439990001 12.2605800000001,46.2018679990001 12.2604940000001,46.2016559990001 12.260407,46.2015299990001 12.260322,46.2014879990001 12.2602160000001,46.2014569990001 12.2601510000001,46.201402999 12.26012,46.201309999 12.260114,46.2012069990001 12.2600810000001,46.2010579990001 12.260118,46.200841999 12.2601460000001,46.2006999990001 12.260123,46.2006239990001 12.2599020000001,46.2005409990001 12.2595220000001,46.2004409990001 12.259418,46.200413999 12.25908,46.200347999 12.258479,46.2002259990001 12.2580560000001,46.200295999 12.2576960000001,46.200414999 12.2574710000001,46.200593999 12.257253,46.2006539990001 12.2570190000001,46.200678999 12.256587,46.200660999 12.256133,46.200501999 12.2562130000001,46.200433999 12.256308,46.200387999 12.2564840000001,46.200299999 12.2565700000001,46.200229999 12.25667,46.2001549990001 12.2567750000001,46.200050999 12.2568180000001,46.199957999 12.2568450000001,46.1998219990001 12.2568690000001,46.1996419990001 12.256917,46.1995059990001 12.257058,46.1993039990001 12.2572210000001,46.1991199990001 12.257346,46.1988899990001 12.2574710000001,46.198653999 12.25746,46.198586999 12.2573790000001,46.198501999 12.257374,46.1984199990001 12.257366,46.1982849990001 12.257306,46.1982139990001 12.257328,46.198111999 12.2572890000001,46.1980359990001 12.257256,46.197954999 12.2572940000001,46.197886999 12.2573790000001,46.1977929990001 12.2574490000001,46.1976939990001 12.257709,46.1973879990001 12.257351,46.197079999 12.257368,46.196941999 12.257368,46.196830999 12.2573830000001,46.1967499990001 12.2573780000001,46.196673999 12.2573560000001,46.1965759990001 12.257352,46.196558999 12.2572740000001,46.196431999 12.2571840000001,46.1963759990001 12.2569940000001,46.1962579990001 12.256971,46.196243999 12.256965,46.196228999 12.25696,46.196203999 12.256947,46.1961419990001 12.256924,46.1960309990001 12.25699,46.1958819990001 12.257083,46.1957849990001 12.2572960000001,46.195597999 12.2574260000001,46.1954989990001 12.2576570000001,46.1954059990001 12.2579230000001,46.1952949990001 12.2580110000001,46.195102999 12.2581740000001,46.1949259990001 12.2583920000001,46.194824999 12.2584220000001,46.1947039990001 12.258364,46.194558999 12.258316,46.194378999 12.258272,46.1942769990001 12.2582650000001,46.1941479990001 12.258317,46.1939829990001 12.2583990000001,46.193902999 12.258592,46.193810999 12.2587820000001,46.1936679990001 12.2589610000001,46.1935329990001 12.259016,46.1934199990001 12.258994,46.1932649990001 12.258788,46.1931329990001 12.2587590000001,46.1930559990001 12.258851,46.192932999 12.259016,46.192781999 12.25928,46.1926369990001 12.2595460000001,46.1925169990001 12.2595830000001,46.192506999 12.259559,46.192328999 12.2595230000001,46.1920709990001 12.2594040000001,46.1917529990001 12.2593160000001,46.191519999 12.2594340000001,46.1906039990001 12.2594360000001,46.1905869990001 12.259414,46.1902079990001 12.259244,46.190060999 12.2592270000001,46.190057999 12.259057,46.190029999 12.2589,46.1900039990001 12.2587140000001,46.1899799990001 12.258539,46.1899529990001 12.258449,46.1899369990001 12.258316,46.189899999 12.258252,46.189874999 12.2581280000001,46.1897979990001 12.2580370000001,46.1897299990001 12.258018,46.189714999 12.257979,46.189672999 12.2579270000001,46.1896169990001 12.257865,46.1895049990001 12.2578290000001,46.189423999 12.257817,46.1893969990001 12.2578050000001,46.189249999 12.2578080000001,46.1891209990001 12.2578330000001,46.1890709990001 12.2578340000001,46.1890289990001 12.257817,46.1889889990001 12.257771,46.188953999 12.2577000000001,46.1889439990001 12.257642,46.1889639990001 12.257639,46.1889659990001 12.257549,46.189068999 12.2574740000001,46.1891639990001 12.257413,46.1892629990001 12.257375,46.1893199990001 12.257191,46.1893209990001 12.256993,46.1893409990001 12.256808,46.1893689990001 12.256631,46.1893919990001 12.2566130000001,46.1893959990001 12.256453,46.189429999 12.256266,46.189423999 12.2561930000001,46.189403999 12.2561180000001,46.189382999 12.2559390000001,46.1893229990001 12.255797,46.1892799990001 12.2556460000001,46.1892399990001 12.2554420000001,46.189201999 12.255257,46.1891679990001 12.2550650000001,46.189129999 12.2548800000001,46.189111999 12.2546590000001,46.189110999 12.254465,46.189105999 12.2542510000001,46.1891019990001 12.2540290000001,46.189105999 12.2540100000001,46.189106999 12.2538870000001,46.189109999 12.2538870000001,46.189108999 12.253884,46.189063999 12.2538950000001,46.1889159990001 12.2539130000001,46.1888349990001 12.2539640000001,46.1887219990001 12.2540020000001,46.1885839990001 12.25397,46.1884249990001 12.253995,46.1882709990001 12.254124,46.188098999 12.2542300000001,46.187935999 12.2542780000001,46.187781999 12.2542540000001,46.187575999 12.2542540000001,46.1875719990001 12.2542280000001,46.187553999 12.254224,46.187554999 12.254218,46.187538999 12.254149,46.1875039990001 12.2540470000001,46.187487999 12.2539390000001,46.187462999 12.2538470000001,46.187400999 12.2537090000001,46.1872779990001 12.253569,46.187195999 12.2534630000001,46.187103999 12.2533250000001,46.1869829990001 12.25332,46.1869839990001 12.2532410000001,46.186899999 12.253133,46.1868189990001 12.2529700000001,46.1867839990001 12.2528590000001,46.186750999 12.252778,46.1867409990001 12.2524940000001,46.186697999 12.252286,46.1866719990001 12.252128,46.186631999 12.2518860000001,46.1865159990001 12.251669,46.1864379990001 12.2516380000001,46.1864199990001 12.2515080000001,46.1863469990001 12.25141,46.1862379990001 12.251338,46.1860879990001 12.251289,46.1860119990001 12.2512550000001,46.185958999 12.251151,46.185845999 12.2509880000001,46.185710999 12.2508090000001,46.185596999 12.2506760000001,46.185484999 12.2505830000001,46.185375999 12.250434,46.1851799990001 12.2503400000001,46.1850509990001 12.2502720000001,46.1849609990001 12.250138,46.1849289990001 12.2500410000001,46.184855999 12.250008,46.184769999 12.249981,46.1847059990001 12.2498360000001,46.1846829990001 12.249742,46.1846409990001 12.2496610000001,46.184539999 12.2495480000001,46.1843879990001 12.249451,46.184290999 12.2493860000001,46.1841729990001 12.249356,46.184045999 12.2492580000001,46.183976999 12.249193,46.1839859990001 12.2488040000001,46.184221999 12.2485830000001,46.184355999 12.2485770000001,46.184359999 12.2485760000001,46.184359999 12.248225,46.1844639990001 12.248122,46.184493999 12.247753,46.1845919990001 12.247578,46.1845969990001 12.24751,46.184558999 12.2474950000001,46.184539999 12.2474770000001,46.184498999 12.247401,46.184333999 12.2473400000001,46.184221999 12.2472300000001,46.1841009990001 12.247101,46.184042999 12.247083,46.1840339990001 12.246986,46.1840129990001 12.2465740000001,46.183977999 12.2464000000001,46.1839259990001 12.2462170000001,46.1839449990001 12.246021,46.1839839990001 12.245864,46.184000999 12.2458370000001,46.184002999 12.2456730000001,46.183998999 12.2455370000001,46.184001999 12.245462,46.1840049990001 12.245411,46.183953999 12.2454060000001,46.183868999 12.2453990000001,46.183754999 12.245392,46.183728999 12.2453810000001,46.183683999 12.245262,46.183634999 12.2450270000001,46.183594999 12.244835,46.183575999 12.2446580000001,46.1835809990001 12.2444410000001,46.183615999 12.24427,46.183620999 12.2440290000001,46.1835849990001 12.2438720000001,46.1835889990001 12.2437860000001,46.183634999 12.2437150000001,46.1837119990001 12.24355,46.1838119990001 12.2432030000001,46.1839449990001 12.242941,46.184018999 12.2427440000001,46.184043999 12.2424990000001,46.1840599990001 12.2423170000001,46.184093999 12.2422120000001,46.184177999 12.2421410000001,46.1843649990001 12.242133,46.1844599990001 12.2420760000001,46.184536999 12.2419200000001,46.1845559990001 12.2417970000001,46.1845449990001 12.2416040000001,46.1845269990001 12.241563,46.184513999 12.2413750000001,46.1844209990001 12.2413250000001,46.184382999 12.2412860000001,46.184362999 12.241136,46.184273999 12.2410120000001,46.184197999 12.2408560000001,46.1840749990001 12.2406760000001,46.1838999990001 12.240504,46.1837599990001 12.240348,46.1836539990001 12.2403140000001,46.1836309990001 12.2402290000001,46.183573999 12.2399610000001,46.183415999 12.2398010000001,46.183319999 12.239722,46.183299999 12.239654,46.183305999 12.239469,46.1832409990001 12.239228,46.183033999 12.239225,46.1828429990001 12.239091,46.1827699990001 12.238891,46.1827559990001 12.2387360000001,46.1825949990001 12.2386770000001,46.1825239990001 12.238569,46.182425999 12.2384200000001,46.1823869990001 12.2381760000001,46.182494999 12.237939,46.182470999 12.237803,46.1824159990001 12.2376790000001,46.1823959990001 12.237532,46.1823219990001 12.2373690000001,46.1823269990001 12.2370790000001,46.1823459990001 12.2368480000001,46.182444999 12.2364400000001,46.1825749990001 12.2361,46.182600999 12.235775,46.1825759990001 12.2355640000001,46.1825189990001 12.235264,46.182510999 12.2350250000001,46.1825059990001 12.2347580000001,46.182585999 12.2345050000001,46.1826319990001 12.234225,46.182694999 12.233973,46.1827239990001 12.2337420000001,46.1828229990001 12.233506,46.1830179990001 12.233323,46.183170999 12.2332700000001,46.1832619990001 12.2332640000001,46.183305999 12.2332930000001,46.183369999 12.2333640000001,46.183501999 12.23337,46.183594999 12.2333620000001,46.1837139990001 12.233371,46.1838039990001 12.233417,46.1838309990001 12.233547,46.1838299990001 12.2336790000001,46.1838569990001 12.2338070000001,46.183884999 12.233935,46.183906999 12.233939,46.183906999 12.2340590000001,46.183933999 12.2341660000001,46.183974999 12.234161,46.1840139990001 12.234115,46.184113999 12.233995,46.1842389990001 12.23389,46.1843319990001 12.2338720000001,46.1843479990001 12.2337690000001,46.1844159990001 12.2336520000001,46.1844609990001 12.233533,46.184515999 12.233412,46.1846149990001 12.2332740000001,46.1847319990001 12.2331980000001,46.184829999 12.2331390000001,46.1849119990001 12.2331140000001,46.1849819990001 12.233104,46.1850679990001 12.233096,46.1851869990001 12.2330900000001,46.1853419990001 12.2330710000001,46.1854559990001 12.233012,46.185534999 12.2329940000001,46.1856049990001 12.232944,46.185709999 12.232918,46.185824999 12.2328900000001,46.185917999 12.2328420000001,46.1860539990001 12.2328160000001,46.1861269990001 12.232873,46.1861509990001 12.233008,46.186162999 12.2331360000001,46.1861899990001 12.2332710000001,46.186209999 12.233372,46.186271999 12.2333840000001,46.186361999 12.233375,46.186454999 12.2333350000001,46.186540999 12.2332900000001,46.186588999 12.233214,46.1866919990001 12.23306,46.186791999 12.2330030000001,46.186837999 12.232983,46.186882999 12.2328430000001,46.1869139990001 12.2327290000001,46.1869579990001 12.2326410000001,46.186996999 12.2325720000001,46.1870309990001 12.2325020000001,46.1870459990001 12.2323910000001,46.187035999 12.2323020000001,46.187056999 12.2322310000001,46.1870679990001 12.23218,46.1870789990001 12.232135,46.1870899990001 12.2321260000001,46.187080999 12.2321010000001,46.1870549990001 12.2320530000001,46.187015999 12.231978,46.186968999 12.2318980000001,46.186925999 12.231865,46.186922999 12.2317180000001,46.186832999 12.231505,46.1867409990001 12.2312640000001,46.186655999 12.2310370000001,46.1866489990001 12.2309080000001,46.1866919990001 12.230737,46.1868279990001 12.23062,46.1869359990001 12.2302990000001,46.187081999 12.2300540000001,46.1872469990001 12.2298240000001,46.1873449990001 12.229403,46.1875659990001 12.2290340000001,46.1877009990001 12.228692,46.187808999 12.2282530000001,46.1878799990001 12.2278460000001,46.1878659990001 12.2273260000001,46.1878349990001 12.2266060000001,46.187782999 12.2261720000001,46.1877689990001 12.2256150000001,46.187757999 12.225201,46.1877699990001 12.2245280000001,46.1878809990001 12.2242150000001,46.188007999 12.224119,46.188116999 12.2240850000001,46.188166999 12.2240810000001,46.188340999 12.224047,46.1885329990001 12.2240370000001,46.1887859990001 12.2239680000001,46.189024999 12.2238800000001,46.1892549990001 12.2236730000001,46.189402999 12.2235450000001,46.189422999 12.223461,46.189399999 12.2233400000001,46.189338999 12.223221,46.189308999 12.2230940000001,46.189353999 12.222988,46.189356999 12.222927,46.189317999 12.222898,46.189219999 12.2228220000001,46.1891249990001 12.2227270000001,46.1891029990001 12.222614,46.1891879990001 12.2225100000001,46.1892149990001 12.222473,46.1891829990001 12.222431,46.189069999 12.2223070000001,46.189155999 12.2221920000001,46.1892079990001 12.2221210000001,46.189201999 12.222118,46.1891449990001 12.2220100000001,46.189114999 12.2218800000001,46.188889999 12.2217380000001,46.188885999 12.221667,46.188862999 12.2215570000001,46.1888009990001 12.221391,46.1887809990001 12.221213,46.188745999 12.22123,46.188611999 12.2211780000001,46.1885189990001 12.2211150000001,46.1883969990001 12.2210490000001,46.188212999 12.2209940000001,46.188071999 12.2209140000001,46.1879329990001 12.2208000000001,46.187805999 12.2207520000001,46.187763999 12.2207010000001,46.1877199990001 12.2206180000001,46.1876749990001 12.220488,46.187642999 12.2204160000001,46.187650999 12.2203440000001,46.1876619990001 12.220264,46.1876809990001 12.22034,46.1878169990001 12.2203410000001,46.1878189990001 12.22045,46.1880159990001 12.220473,46.188186999 12.2205070000001,46.1884289990001 12.2205980000001,46.1885769990001 12.2206340000001,46.1886889990001 12.220655,46.188752999 12.220651,46.188754999 12.2206380000001,46.1887599990001 12.220629,46.1888549990001 12.220633,46.1888939990001 12.22065,46.188950999 12.2206620000001,46.188992999 12.220669,46.189016999 12.2207,46.1890819990001 12.220717,46.189130999 12.2207270000001,46.1891609990001 12.220744,46.1892139990001 12.220784,46.1893049990001 12.220805,46.189355999 12.2208160000001,46.189383999 12.2208610000001,46.1894579990001 12.2208870000001,46.189493999 12.2209040000001,46.189517999 12.2209550000001,46.1895779990001 12.2209960000001,46.1895999990001 12.221008,46.189606999 12.2210420000001,46.189646999 12.221058,46.1896669990001 12.2210700000001,46.1896789990001 12.221101,46.189713999 12.2211310000001,46.1897749990001 12.2211510000001,46.189809999 12.22117,46.1898439990001 12.2212000000001,46.1899049990001 12.221231,46.189960999 12.221261,46.190009999 12.221276,46.190034999 12.2212910000001,46.1900649990001 12.221306,46.1900959990001 12.22132,46.1901139990001 12.221343,46.190142999 12.2213850000001,46.1901859990001 12.22139,46.1901979990001 12.2214010000001,46.1902209990001 12.221412,46.1902419990001 12.2214240000001,46.1902639990001 12.2214720000001,46.190301999 12.2215190000001,46.190330999 12.221531,46.1903359990001 12.2215850000001,46.1903589990001 12.2216250000001,46.1904049990001 12.221642,46.190439999 12.221663,46.190482999 12.2216760000001,46.190529999 12.2216770000001,46.1905339990001 12.221886,46.1907029990001 12.2220780000001,46.190825999 12.222245,46.1909859990001 12.222361,46.1911649990001 12.22245,46.1913459990001 12.2226660000001,46.1915579990001 12.22286,46.191874999 12.2230240000001,46.1922099990001 12.2231430000001,46.1924779990001 12.223166,46.1927069990001 12.2231880000001,46.1928999990001 12.2231860000001,46.1930429990001 12.2231830000001,46.193164999 12.2232040000001,46.193342999 12.2232330000001,46.1934859990001 12.223177,46.193766999 12.222989,46.193900999 12.222726,46.193993999 12.222411,46.1940749990001 12.222205,46.1940809990001 12.22204,46.194084999 12.221863,46.194061999 12.221623,46.1940039990001 12.221373,46.1940019990001 12.221306,46.1940259990001 12.2212040000001,46.194060999 12.2211740000001,46.1940779990001 12.221079,46.194129999 12.220969,46.194179999 12.2209360000001,46.194193999 12.2207690000001,46.194270999 12.2205930000001,46.194353999 12.2203900000001,46.194424999 12.220287,46.1944849990001 12.2202070000001,46.194531999 12.220152,46.194556999 12.220064,46.1945959990001 12.2198980000001,46.1947019990001 12.2198050000001,46.194757999 12.219731,46.194802999 12.2196230000001,46.194871999 12.21955,46.194945999 12.219542,46.1949959990001 12.2195370000001,46.1950239990001 12.219569,46.1951299990001 12.219636,46.195235999 12.2196480000001,46.1952869990001 12.2196700000001,46.195372999 12.219658,46.195440999 12.2196510000001,46.1954869990001 12.2196250000001,46.1955569990001 12.219591,46.1956499990001 12.2195380000001,46.1957219990001 12.2194950000001,46.196159999 12.2195090000001,46.1963899990001 12.219498,46.1966689990001 12.2193970000001,46.1968489990001 12.219302,46.1969959990001 12.219138,46.197144999 12.2190190000001,46.197234999 12.2188770000001,46.197302999 12.218801,46.197325999 12.218671,46.1973899990001 12.2185720000001,46.1974349990001 12.218506,46.1974769990001 12.218439,46.1975159990001 12.218352,46.197549999 12.218264,46.1975629990001 12.2181640000001,46.1975889990001 12.2180900000001,46.197618999 12.2180080000001,46.197639999 12.2179190000001,46.197643999 12.217857,46.1976599990001 12.217794,46.1976799990001 12.2177370000001,46.197706999 12.217656,46.1976989990001 12.2175580000001,46.1976819990001 12.217447,46.1976549990001 12.2173490000001,46.1976279990001 12.2172440000001,46.197600999 12.217159,46.1975829990001 12.217068,46.1975639990001 12.2169700000001,46.1975419990001 12.216892,46.1975189990001 12.216795,46.197504999 12.21662,46.197480999 12.2165420000001,46.1974709990001 12.2165170000001,46.197462999 12.216525,46.197483999 12.2165590000001,46.197576999 12.21667,46.1978299990001 12.216845,46.198231999 12.216827,46.1984639990001 12.2167840000001,46.198995999 12.216554,46.199311999 12.216457,46.199445999 12.2162060000001,46.199673999 12.2159540000001,46.1999039990001 12.215544,46.200160999 12.214993,46.2004449990001 12.214547,46.200655999 12.214161,46.2007399990001 12.213868,46.200863999 12.2135410000001,46.201002999 12.213215,46.201135999 12.2130740000001,46.2011259990001 12.2125370000001,46.2010959990001 12.2120800000001,46.201039999 12.211761,46.2009459990001 12.211422,46.200909999 12.2108930000001,46.200889999 12.2105550000001,46.200887999 12.2101890000001,46.2008299990001 12.2098560000001,46.2007649990001 12.2095630000001,46.200686999 12.209252,46.2005819990001 12.2089500000001,46.200343999 12.2085710000001,46.2000629990001 12.2084090000001,46.199826999 12.20822,46.1995639990001 12.207903,46.199217999 12.207611,46.1990029990001 12.2072860000001,46.1988939990001 12.2071040000001,46.1988699990001 12.206956,46.198815999 12.206874,46.198765999 12.2066760000001,46.1986849990001 12.206559,46.1986669990001 12.206379,46.198494999 12.2063670000001,46.1984199990001 12.206266,46.1982889990001 12.2060450000001,46.1981989990001 12.205948,46.1981259990001 12.2058500000001,46.1980379990001 12.2057390000001,46.1979869990001 12.205538,46.1978589990001 12.2053700000001,46.197755999 12.2053060000001,46.1975909990001 12.2051960000001,46.1974279990001 12.2050830000001,46.1972219990001 12.2048560000001,46.197120999 12.204643,46.1969849990001 12.204553,46.1968839990001 12.204323,46.1965329990001 12.2039560000001,46.1960289990001 12.203718,46.1955219990001 12.203655,46.1949989990001 12.203424,46.194600999 12.2032090000001,46.1943909990001 12.202553,46.1937999990001 12.2022850000001,46.1936039990001 12.2019960000001,46.193542999 12.201981,46.193542999 12.201894,46.193544999 12.2018160000001,46.193545999 12.201803,46.193545999 12.2017980000001,46.193545999 12.2017510000001,46.1935519990001 12.201694,46.1935629990001 12.2016160000001,46.193565999 12.2015640000001,46.1935629990001 12.201518,46.1935559990001 12.2014530000001,46.193544999 12.201449,46.193543999 12.2013870000001,46.1935379990001 12.201335,46.1935399990001 12.201284,46.193545999 12.201247,46.1935519990001 12.201246,46.1935519990001 12.201059,46.193567999 12.2010280000001,46.1935739990001 12.2009180000001,46.193594999 12.2007770000001,46.1936049990001 12.200407,46.193661999 12.2002370000001,46.193725999 12.2000120000001,46.1937779990001 12.199439,46.1939799990001 12.198835,46.1941229990001 12.1984840000001,46.1941859990001 12.198116,46.1942829990001 12.197613,46.194516999 12.197117,46.194716999 12.1967910000001,46.194878999 12.196631,46.195095999 12.1964380000001,46.195234999 12.1961660000001,46.1953349990001 12.196014,46.1953529990001 12.195835,46.195410999 12.195636,46.1954499990001 12.195475,46.1954739990001 12.195344,46.195524999 12.1951340000001,46.1956019990001 12.1951260000001,46.1956089990001 12.195011,46.1956449990001 12.194869,46.1956719990001 12.1946140000001,46.1956789990001 12.194493,46.1956969990001 12.1943900000001,46.1957219990001 12.194221,46.1957639990001 12.194088,46.1957579990001 12.193789,46.1959669990001 12.193451,46.196287999 12.1933,46.1964179990001 12.1931530000001,46.196543999 12.192755,46.196647999 12.192263,46.1965999990001 12.1916400000001,46.196647999 12.1909230000001,46.1966369990001 12.190258,46.196716999 12.1898180000001,46.196854999 12.1895640000001,46.1971099990001 12.18936,46.197395999 12.1892960000001,46.1975659990001 12.189242,46.197707999 12.188972,46.1978859990001 12.1888980000001,46.197934999 12.18886,46.1979479990001 12.1885050000001,46.198070999 12.1879710000001,46.198116999 12.187532,46.1982849990001 12.187039,46.1982679990001 12.187013,46.1982609990001 12.186587,46.1981549990001 12.186178,46.1980109990001 12.185302,46.197827999 12.1852660000001,46.1978149990001 12.185186,46.1977859990001 12.1851120000001,46.197753999 12.18501,46.197709999 12.184991,46.1977159990001 12.184966,46.1977249990001 12.1849040000001,46.1977489990001 12.1848670000001,46.197758999 12.184853,46.1977629990001 12.1848160000001,46.1977729990001 12.1847910000001,46.197775999 12.1847710000001,46.197778999 12.184714,46.1977849990001 12.1846570000001,46.1977859990001 12.184627,46.1977889990001 12.184587,46.1977919990001 12.1845480000001,46.197795999 12.184517,46.197797999 12.1845080000001,46.197804999 12.1844990000001,46.1978119990001 12.1844610000001,46.197821999 12.1844170000001,46.197827999 12.1843920000001,46.1978369990001 12.1843730000001,46.197846999 12.1843050000001,46.197847999 12.1842970000001,46.197848999 12.184201,46.197850999 12.1841610000001,46.1978549990001 12.184062,46.1978629990001 12.1840120000001,46.197867999 12.183992,46.197869999 12.18391,46.197889999 12.183861,46.1979259990001 12.183817,46.197954999 12.1838060000001,46.197962999 12.1837630000001,46.1979949990001 12.1837390000001,46.1980099990001 12.1837130000001,46.198026999 12.183703,46.1980339990001 12.183676,46.198049999 12.183653,46.198067999 12.1836460000001,46.198073999 12.18364,46.1980769990001 12.183608,46.198091999 12.183564,46.1981039990001 12.1835520000001,46.1981069990001 12.183482,46.198117999 12.1834190000001,46.1981279990001 12.1833550000001,46.1981329990001 12.183343,46.198133999 12.1832920000001,46.198135999 12.183259,46.198138999 12.183235,46.198141999 12.183203,46.198141999 12.1831980000001,46.198142999 12.1831710000001,46.198142999 12.183114,46.1981449990001 12.1831030000001,46.1981459990001 12.1830630000001,46.1981509990001 12.183054,46.1981539990001 12.1830380000001,46.198159999 12.183,46.198164999 12.182962,46.198165999 12.182918,46.1981719990001 12.182867,46.1981729990001 12.182822,46.1981739990001 12.182778,46.1981759990001 12.18274,46.1981769990001 12.1827260000001,46.1981759990001 12.182696,46.1981739990001 12.182691,46.1981739990001 12.182688,46.1981729990001 12.182599,46.1981759990001 12.1825680000001,46.1981899990001 12.18255,46.198202999 12.1825180000001,46.198208999 12.182486,46.1982139990001 12.182442,46.1982149990001 12.1824350000001,46.1982149990001 12.1824110000001,46.198228999 12.182393,46.198251999 12.1823680000001,46.198269999 12.18235,46.1982879990001 12.1823410000001,46.198299999 12.182332,46.1983109990001 12.182302,46.1983519990001 12.182289,46.1983739990001 12.1822730000001,46.1984009990001 12.182261,46.198433999 12.1822510000001,46.1984589990001 12.182237,46.198475999 12.182221,46.198494999 12.1822050000001,46.198519999 12.182192,46.198539999 12.1821840000001,46.1985579990001 12.182174,46.1985809990001 12.1821390000001,46.198629999 12.1821160000001,46.198674999 12.182104,46.1986949990001 12.1820950000001,46.1987099990001 12.1820920000001,46.1987159990001 12.1820900000001,46.198721999 12.182081,46.198746999 12.1820700000001,46.1987829990001 12.1820290000001,46.198840999 12.1820240000001,46.1988449990001 12.1819820000001,46.1988759990001 12.1819760000001,46.198880999 12.181974,46.198882999 12.1819580000001,46.1988919990001 12.181945,46.1988989990001 12.1819180000001,46.1989149990001 12.181878,46.1989429990001 12.181833,46.198974999 12.1818290000001,46.1989789990001 12.1818240000001,46.1989819990001 12.181743,46.1989999990001 12.181593,46.1990329990001 12.181588,46.1990339990001 12.1815500000001,46.199042999 12.181478,46.199060999 12.1813470000001,46.1990939990001 12.1812850000001,46.199108999 12.181271,46.1991129990001 12.180434,46.1996549990001 12.1803850000001,46.1997209990001 12.180366,46.199806999 12.1804250000001,46.2001979990001 12.1805190000001,46.200570999 12.1805350000001,46.2008539990001 12.18073,46.201106999 12.1806720000001,46.2013469990001 12.1806490000001,46.201444999 12.1802740000001,46.2016219990001 12.1797940000001,46.201835999 12.179497,46.201902999 12.1790750000001,46.201872999 12.178772,46.2018389990001 12.1785850000001,46.201919999 12.1785570000001,46.2020619990001 12.1784230000001,46.202240999 12.178238,46.2023629990001 12.1781500000001,46.202392999 12.1778600000001,46.2024909990001 12.177742,46.202526999 12.1777030000001,46.2026789990001 12.177581,46.203065999 12.177554,46.2031019990001 12.1774570000001,46.203298999 12.177314,46.2035109990001 12.1772030000001,46.2037289990001 12.176947,46.2037799990001 12.176477,46.2038719990001 12.1758820000001,46.2039379990001 12.175287,46.2040269990001 12.1749080000001,46.204086999 12.174788,46.204082999 12.174587,46.2040749990001 12.174472,46.204033999 12.174359,46.203993999 12.174249,46.2039549990001 12.17418,46.2039529990001 12.173846,46.203944999 12.173576,46.204109999 12.173463,46.2042999990001 12.1732950000001,46.2044269990001 12.173284,46.2044259990001 12.17317,46.204422999 12.1729330000001,46.2044289990001 12.172738,46.2044559990001 12.172535,46.2045189990001 12.1724160000001,46.204601999 12.172338,46.2046839990001 12.1723180000001,46.2047049990001 12.1722530000001,46.204732999 12.172016,46.2048349990001 12.171771,46.2049549990001 12.1717340000001,46.2049719990001 12.171543,46.2050569990001 12.171297,46.205098999 12.171068,46.2050629990001 12.1708390000001,46.2050399990001 12.170786,46.2050349990001 12.1706100000001,46.2050179990001 12.170219,46.205049999 12.1699820000001,46.2050639990001 12.169749,46.205069999 12.169745,46.205070999 12.1695580000001,46.205053999 12.169364,46.2049489990001 12.169345,46.204937999 12.169184,46.2048419990001 12.168915,46.2048349990001 12.1686580000001,46.2048639990001 12.16833,46.204915999 12.1682460000001,46.204942999 12.168083,46.2049949990001 12.1678880000001,46.205028999 12.167722,46.2050189990001 12.1674800000001,46.204939999 12.1672310000001,46.204917999 12.1668980000001,46.2048839990001 12.166619,46.204891999 12.166475,46.2049499990001 12.1664680000001,46.2049529990001 12.166275,46.2050229990001 12.166118,46.205163999 12.165988,46.2052389990001 12.1658850000001,46.205248999 12.1658820000001,46.205248999 12.1657490000001,46.205209999 12.165607,46.205091999 12.1655260000001,46.204935999 12.1654580000001,46.2048619990001 12.165449,46.204851999 12.1652290000001,46.204800999 12.1650940000001,46.204797999 12.164945,46.204715999 12.164726,46.204685999 12.164427,46.204693999 12.164233,46.204734999 12.1641030000001,46.2048109990001 12.163958,46.2048149990001 12.163687,46.2047649990001 12.1633660000001,46.2047669990001 12.16312,46.2047949990001 12.162965,46.204805999 12.1628930000001,46.2048079990001 12.1626210000001,46.2047509990001 12.1624560000001,46.2047489990001 12.162316,46.2048319990001 12.162226,46.204891999 12.162154,46.204915999 12.162116,46.2048369990001 12.1620380000001,46.204604999 12.1617420000001,46.204304999 12.1615340000001,46.204103999 12.161527,46.204103999 12.161457,46.2040659990001 12.161365,46.2039999990001 12.161172,46.2037829990001 12.161149,46.2037389990001 12.161126,46.203694999 12.1611090000001,46.2036399990001 12.1610930000001,46.203591999 12.161011,46.203454999 12.16096,46.2032399990001 12.16096,46.203221999</coordinates></LinearRing></outerBoundaryIs></Polygon>
  </Placemark>
</Folder>
</Document></kml>
