<?xml version="1.0" encoding="utf-8" ?>
<kml xmlns="http://www.opengis.net/kml/2.2">
<Document id="root_doc">
<Schema name="WDPA_WDOECM_Aug2025_Public_718_shp_polygons" id="WDPA_WDOECM_Aug2025_Public_718_shp_polygons">
	<SimpleField name="Description" type="string"></SimpleField>
	<SimpleField name="WDPAID" type="float"></SimpleField>
	<SimpleField name="WDPA_PID" type="string"></SimpleField>
	<SimpleField name="PA_DEF" type="string"></SimpleField>
	<SimpleField name="ORIG_NAME" type="string"></SimpleField>
	<SimpleField name="DESIG" type="string"></SimpleField>
	<SimpleField name="DESIG_TYPE" type="string"></SimpleField>
	<SimpleField name="IUCN_CAT" type="string"></SimpleField>
	<SimpleField name="INT_CRIT" type="string"></SimpleField>
	<SimpleField name="MARINE" type="string"></SimpleField>
	<SimpleField name="REP_M_AREA" type="float"></SimpleField>
	<SimpleField name="GIS_M_AREA" type="float"></SimpleField>
	<SimpleField name="REP_AREA" type="float"></SimpleField>
	<SimpleField name="GIS_AREA" type="float"></SimpleField>
	<SimpleField name="NO_TAKE" type="string"></SimpleField>
	<SimpleField name="NO_TK_AREA" type="float"></SimpleField>
	<SimpleField name="STATUS" type="string"></SimpleField>
	<SimpleField name="STATUS_YR" type="int"></SimpleField>
	<SimpleField name="GOV_TYPE" type="string"></SimpleField>
	<SimpleField name="OWN_TYPE" type="string"></SimpleField>
	<SimpleField name="MANG_AUTH" type="string"></SimpleField>
	<SimpleField name="MANG_PLAN" type="string"></SimpleField>
	<SimpleField name="VERIF" type="string"></SimpleField>
	<SimpleField name="METADATAID" type="int"></SimpleField>
	<SimpleField name="SUB_LOC" type="string"></SimpleField>
	<SimpleField name="PARENT_ISO" type="string"></SimpleField>
	<SimpleField name="ISO3" type="string"></SimpleField>
	<SimpleField name="SUPP_INFO" type="string"></SimpleField>
	<SimpleField name="CONS_OBJ" type="string"></SimpleField>
</Schema>
<Folder><name>WDPA_WDOECM_Aug2025_Public_718_shp_polygons</name>
  <Placemark>
	<name>Parco nazionale del Gran Paradiso</name>
	<description>National Park</description>
	<Style><LineStyle><color>ff0000ff</color></LineStyle><PolyStyle><fill>0</fill></PolyStyle></Style>
	<ExtendedData><SchemaData schemaUrl="#WDPA_WDOECM_Aug2025_Public_718_shp_polygons">
		<SimpleData name="WDPAID">718.000000000000000</SimpleData>
		<SimpleData name="WDPA_PID">718</SimpleData>
		<SimpleData name="PA_DEF">1</SimpleData>
		<SimpleData name="ORIG_NAME">Parco nazionale del Gran Paradiso</SimpleData>
		<SimpleData name="DESIG">Parco Nazionale</SimpleData>
		<SimpleData name="DESIG_TYPE">National</SimpleData>
		<SimpleData name="IUCN_CAT">II</SimpleData>
		<SimpleData name="INT_CRIT">Not Applicable</SimpleData>
		<SimpleData name="MARINE">0</SimpleData>
		<SimpleData name="REP_M_AREA">0.000000000000000</SimpleData>
		<SimpleData name="GIS_M_AREA">0.000000000000000</SimpleData>
		<SimpleData name="REP_AREA">710.440000000000055</SimpleData>
		<SimpleData name="GIS_AREA">711.084922129271035</SimpleData>
		<SimpleData name="NO_TAKE">Not Applicable</SimpleData>
		<SimpleData name="NO_TK_AREA">0.000000000000000</SimpleData>
		<SimpleData name="STATUS">Designated</SimpleData>
		<SimpleData name="STATUS_YR">1922</SimpleData>
		<SimpleData name="GOV_TYPE">Federal or national ministry or agency</SimpleData>
		<SimpleData name="OWN_TYPE">Not Reported</SimpleData>
		<SimpleData name="MANG_AUTH">Ministero dell'Ambiente e della Tutela del Territorio e del Mare</SimpleData>
		<SimpleData name="MANG_PLAN">Not Reported</SimpleData>
		<SimpleData name="VERIF">State Verified</SimpleData>
		<SimpleData name="METADATAID">2013</SimpleData>
		<SimpleData name="SUB_LOC">Not Reported</SimpleData>
		<SimpleData name="PARENT_ISO">ITA</SimpleData>
		<SimpleData name="ISO3">ITA</SimpleData>
		<SimpleData name="SUPP_INFO">Not Applicable</SimpleData>
		<SimpleData name="CONS_OBJ">Not Applicable</SimpleData>
	</SchemaData></ExtendedData>
      <Polygon><outerBoundaryIs><LinearRing><coordinates>7.18587800000006,45.403241999 7.18553800000007,45.4039119990001 7.18517200000002,45.404975999 7.18486800000005,45.406084999 7.18432300000006,45.4071319990001 7.18380300000007,45.4074479990001 7.18260000000004,45.407877999 7.18119300000006,45.408307999 7.17996500000004,45.408762999 7.17861100000005,45.4091559990001 7.17684000000003,45.4093809990001 7.17482300000006,45.4097009990001 7.17295400000006,45.410219999 7.17076300000002,45.4108029990001 7.16886500000004,45.411395999 7.16713200000004,45.4120329990001 7.16571000000005,45.4125519990001 7.16430100000002,45.4130309990001 7.16240900000003,45.4138629990001 7.16102100000006,45.414887999 7.15956900000003,45.4155309990001 7.15787200000005,45.416232999 7.15716600000007,45.4167149990001 7.15670900000003,45.4170529990001 7.15651100000002,45.417200999 7.15593900000005,45.4175039990001 7.15557300000006,45.4177349990001 7.15466000000004,45.4187519990001 7.15389700000003,45.419765999 7.15310700000003,45.420899999 7.15264000000008,45.4218799990001 7.15228300000007,45.4226389990001 7.15101800000002,45.4230239990001 7.14943400000004,45.4234049990001 7.14776100000006,45.423779999 7.14556900000002,45.424321999 7.14389600000004,45.4246919990001 7.14204800000005,45.4253019990001 7.14031300000005,45.4255959990001 7.13836500000002,45.425762999 7.13621600000005,45.4258349990001 7.13378500000005,45.426300999 7.13149500000003,45.427136999 7.12940600000007,45.428080999 7.12779300000005,45.428936999 7.12614800000006,45.429988999 7.12370000000004,45.430552999 7.12195900000006,45.4310579990001 7.12074900000005,45.431657999 7.11964500000005,45.4321889990001 7.11761100000007,45.4326599990001 7.11583600000006,45.432941999 7.11445200000003,45.4334669990001 7.11353700000006,45.434064999 7.11367800000005,45.434812999 7.11427800000007,45.4363939990001 7.11455500000005,45.4376779990001 7.11460900000003,45.438748999 7.11485100000004,45.4399139990001 7.11474400000003,45.440846999 7.11391100000003,45.441652999 7.11295500000006,45.4427439990001 7.11225800000005,45.443721999 7.11173100000002,45.4453189990001 7.11087200000003,45.446564999 7.10956700000003,45.4473609990001 7.10794700000002,45.447999999 7.10640900000004,45.448882999 7.10552900000005,45.4499739990001 7.10455000000007,45.451337999 7.10327600000005,45.452729999 7.10230500000006,45.4534589990001 7.10134600000004,45.4542519990001 7.10036000000002,45.4561909990001 7.09982800000006,45.457927999 7.09939000000003,45.459188999 7.09890700000005,45.460226999 7.09878100000003,45.4613209990001 7.09919000000002,45.4621099990001 7.09978800000005,45.463335999 7.10029400000008,45.464261999 7.10103100000003,45.4647909990001 7.10166000000004,45.465113999 7.10244100000006,45.4658479990001 7.10354500000005,45.4664959990001 7.10434700000008,45.4669709990001 7.10412700000006,45.4669909990001 7.10332100000005,45.4670879990001 7.10259300000007,45.4674429990001 7.10238000000004,45.468044999 7.10214200000007,45.4686849990001 7.10155800000007,45.468945999 7.10039200000006,45.4693869990001 7.09981000000005,45.469548999 7.09870600000005,45.4692969990001 7.09722700000003,45.469548999 7.09611400000006,45.469935999 7.09505100000007,45.4703429990001 7.09428500000007,45.4706629990001 7.09363500000006,45.4706139990001 7.09222400000004,45.470357999 7.09066100000007,45.4704109990001 7.08947800000004,45.4706169990001 7.08829900000006,45.4710299990001 7.08760400000006,45.4715659990001 7.08712500000007,45.4721089990001 7.08653000000004,45.472674999 7.08582600000005,45.4727069990001 7.08496300000007,45.4724849990001 7.08409400000005,45.4720869990001 7.08316300000007,45.471980999 7.08228700000006,45.472162999 7.08151900000007,45.472563999 7.08052200000003,45.472926999 7.07977800000003,45.473018999 7.07914800000003,45.4730919990001 7.07866000000007,45.473129999 7.07829400000003,45.473041999 7.07688400000006,45.4734379990001 7.07628700000004,45.4740579990001 7.07556500000004,45.474227999 7.07347400000003,45.4736369990001 7.07215000000002,45.4734589990001 7.07110600000004,45.473673999 7.06964900000003,45.4739949990001 7.06919100000005,45.4740129990001 7.07966700000003,45.492762999 7.07783200000006,45.506130999 7.07911700000005,45.506319999 7.07944100000003,45.5061299990001 7.08005200000002,45.506092999 7.08109000000007,45.5060059990001 7.08128200000004,45.5060359990001 7.08136500000006,45.5058969990001 7.08596600000004,45.505905999 7.09019300000006,45.505912999 7.08926000000002,45.5118159990001 7.10160100000007,45.5171819990001 7.10321300000004,45.5250109990001 7.10396300000002,45.5282979990001 7.10627000000005,45.5305719990001 7.11065900000006,45.531828999 7.11170800000002,45.5330959990001 7.11513200000007,45.545155999 7.12025400000005,45.5519599990001 7.12011500000006,45.554388999 7.12051400000007,45.557427999 7.12055700000008,45.5574749990001 7.12081700000005,45.5577079990001 7.12133600000004,45.5581989990001 7.12163300000003,45.558478999 7.12200100000007,45.558816999 7.12210900000002,45.5589229990001 7.12295600000004,45.559814999 7.12305100000003,45.5598879990001 7.12304500000005,45.5599139990001 7.12309900000002,45.559963999 7.12316400000003,45.560054999 7.12329200000005,45.560123999 7.12343000000004,45.5601999990001 7.12356700000004,45.5602669990001 7.12240600000007,45.5663899990001 7.12203200000005,45.569285999 7.12220200000007,45.569696999 7.12218600000006,45.569762999 7.12217700000002,45.5697949990001 7.12219500000003,45.5698659990001 7.12220600000006,45.5699069990001 7.12223200000005,45.5699569990001 7.12229800000006,45.570098999 7.12228700000003,45.570143999 7.12228000000005,45.570146999 7.12223700000004,45.570165999 7.12224300000003,45.570186999 7.12227100000007,45.5702859990001 7.12230600000004,45.570394999 7.12234200000006,45.570527999 7.12234300000006,45.5705359990001 7.12251600000008,45.571178999 7.12252100000006,45.5712159990001 7.12254900000005,45.571364999 7.12256900000006,45.5714889990001 7.12259600000004,45.5716369990001 7.12250300000005,45.5716849990001 7.12257100000005,45.5717789990001 7.12257900000003,45.5717979990001 7.12264700000003,45.5718879990001 7.12273200000004,45.5720059990001 7.12282900000002,45.572144999 7.12290500000006,45.5722519990001 7.12303300000002,45.5724699990001 7.12301100000008,45.5725159990001 7.12311600000004,45.572555999 7.12313000000006,45.572640999 7.12314100000003,45.572713999 7.12315700000005,45.5728159990001 7.12317000000007,45.5728169990001 7.12320300000005,45.572849999 7.12324900000004,45.5728849990001 7.12343000000004,45.5730559990001 7.12346000000002,45.5730869990001 7.12356400000004,45.5732819990001 7.12357300000002,45.5733469990001 7.12365600000004,45.573450999 7.12370000000004,45.5735079990001 7.12373900000006,45.5735579990001 7.12375200000002,45.5735829990001 7.12379400000003,45.5736509990001 7.12382600000007,45.5736419990001 7.12382500000007,45.5736929990001 7.12403300000005,45.5738899990001 7.12399600000003,45.574038999 7.12388300000003,45.574261999 7.12389900000005,45.574377999 7.12390700000003,45.5744599990001 7.12391700000006,45.574510999 7.12393000000003,45.574559999 7.12395400000003,45.5746609990001 7.12397900000008,45.5747509990001 7.12409400000007,45.5748889990001 7.12413600000002,45.5749529990001 7.12419000000006,45.5750129990001 7.12424000000004,45.575070999 7.12427200000008,45.5751109990001 7.12430600000005,45.5751569990001 7.12432800000005,45.5751979990001 7.12436200000008,45.5752409990001 7.12438000000003,45.5752639990001 7.12441400000006,45.575296999 7.12443600000006,45.575319999 7.12444200000004,45.5753339990001 7.12444900000003,45.575365999 7.12445700000006,45.575389999 7.12445700000006,45.5754049990001 7.12446100000005,45.575433999 7.12446000000006,45.5754639990001 7.12446100000005,45.575484999 7.12447500000007,45.575506999 7.12450600000005,45.575545999 7.12454700000006,45.5756049990001 7.12456400000002,45.5756309990001 7.12459000000007,45.5756749990001 7.12459400000006,45.5756769990001 7.12460900000002,45.5757149990001 7.12463100000002,45.5757649990001 7.12464500000004,45.5758069990001 7.12465200000003,45.5758259990001 7.12465700000007,45.5758319990001 7.12468100000007,45.5758549990001 7.12473200000005,45.575909999 7.12476400000003,45.5759459990001 7.12479700000006,45.5760039990001 7.12482600000004,45.576039999 7.12486000000007,45.576088999 7.12489600000004,45.5761399990001 7.12491000000006,45.5761659990001 7.12492100000003,45.576182999 7.12492600000007,45.576199999 7.12496500000003,45.5762349990001 7.12498700000003,45.5762619990001 7.12510300000002,45.576668999 7.12513700000005,45.576719999 7.12521700000002,45.5768449990001 7.12529100000006,45.5769589990001 7.12544300000008,45.577100999 7.12549800000005,45.577191999 7.12557000000004,45.5773159990001 7.12558700000005,45.577346999 7.12561900000003,45.5773609990001 7.12564400000002,45.577374999 7.12571100000002,45.5774549990001 7.12578700000006,45.5775419990001 7.12581500000005,45.577573999 7.12584800000008,45.5776069990001 7.12593400000003,45.577688999 7.12600200000003,45.577752999 7.12601300000006,45.5777699990001 7.12603900000005,45.5778359990001 7.12598900000006,45.5778589990001 7.12596200000007,45.577869999 7.12597300000004,45.5779049990001 7.12601000000006,45.5780099990001 7.12608000000006,45.578068999 7.12610800000004,45.578092999 7.12614100000008,45.578068999 7.12617000000006,45.578090999 7.12624100000005,45.5781479990001 7.12628000000007,45.5781949990001 7.12628900000004,45.578205999 7.12633700000004,45.578317999 7.12638600000002,45.5784199990001 7.12647300000003,45.5783999990001 7.12651500000004,45.5783929990001 7.12660200000005,45.5789399990001 7.12658700000003,45.578992999 7.12653300000005,45.579153999 7.12650600000006,45.5792329990001 7.12657800000005,45.5792299990001 7.12658600000003,45.5793629990001 7.12659200000007,45.5794709990001 7.12659400000007,45.579577999 7.12668700000006,45.579577999 7.12673100000006,45.5795949990001 7.12673300000006,45.579599999 7.12676600000003,45.5796519990001 7.12691900000004,45.5798609990001 7.12695800000006,45.579911999 7.12755400000003,45.5806969990001 7.12768500000004,45.5808519990001 7.12785000000002,45.581041999 7.12787300000002,45.5810709990001 7.12880200000006,45.582574999 7.12914600000005,45.582907999 7.12915400000003,45.582912999 7.12934200000007,45.5830579990001 7.12952600000006,45.5831179990001 7.12949500000008,45.5833509990001 7.12941200000006,45.5833669990001 7.12955100000005,45.5835779990001 7.12958800000007,45.5836219990001 7.12985200000003,45.5837939990001 7.12991700000003,45.5838249990001 7.13006100000007,45.5838919990001 7.13006000000007,45.5840409990001 7.13001400000007,45.5841589990001 7.12998900000002,45.584214999 7.13005500000003,45.5842739990001 7.13019900000006,45.5844079990001 7.13025900000002,45.584467999 7.13029800000004,45.584622999 7.13049900000004,45.585495999 7.13080200000007,45.585884999 7.13100600000007,45.586148999 7.13121500000005,45.5864169990001 7.13131600000003,45.5865679990001 7.13132500000006,45.5865919990001 7.13132500000006,45.5865929990001 7.13153100000005,45.5866799990001 7.13165800000007,45.5867269990001 7.13176000000004,45.5867659990001 7.13190600000007,45.5868189990001 7.13231900000005,45.586939999 7.13249800000006,45.5869919990001 7.13268300000004,45.5870859990001 7.13300100000004,45.5872449990001 7.13320400000003,45.587456999 7.13320900000002,45.587460999 7.13318400000003,45.5874929990001 7.13323600000007,45.587799999 7.13325000000003,45.5879679990001 7.13326500000005,45.5881479990001 7.13327400000003,45.5882539990001 7.13337000000007,45.5883669990001 7.13340500000004,45.5884659990001 7.13341700000007,45.5885039990001 7.13342100000006,45.5885219990001 7.13344000000006,45.588607999 7.13346600000006,45.588714999 7.13368200000002,45.588940999 7.13381400000003,45.5892299990001 7.13401300000004,45.5895669990001 7.13386100000002,45.5897409990001 7.13360100000006,45.5900309990001 7.13352900000007,45.5901259990001 7.13351600000004,45.5901429990001 7.13330800000006,45.590408999 7.13287800000006,45.590948999 7.13289800000007,45.5913599990001 7.13293800000002,45.591420999 7.13319600000005,45.5918189990001 7.13326200000006,45.591915999 7.13333400000005,45.591981999 7.13346500000006,45.592121999 7.13370900000007,45.592392999 7.13376500000004,45.592429999 7.13382100000007,45.5926889990001 7.13403500000004,45.592838999 7.13413300000008,45.5931029990001 7.13418300000006,45.5931409990001 7.13418700000005,45.5931429990001 7.13416000000007,45.593245999 7.13415200000003,45.593380999 7.13412100000005,45.5934189990001 7.13403700000003,45.593512999 7.13399600000002,45.593580999 7.13401700000003,45.5936169990001 7.13405300000005,45.593673999 7.13408900000007,45.593743999 7.13410400000004,45.5938429990001 7.13409600000006,45.5939359990001 7.13407900000004,45.5940379990001 7.13403800000003,45.594126999 7.13398400000005,45.5941989990001 7.13390100000004,45.5942939990001 7.13384200000007,45.5943779990001 7.13395300000008,45.594436999 7.13395300000008,45.594486999 7.13395400000007,45.5945179990001 7.13395600000007,45.594598999 7.13397800000007,45.5946339990001 7.13399800000008,45.5946739990001 7.13401100000004,45.594708999 7.13402100000008,45.5947359990001 7.13402900000006,45.5947699990001 7.13403000000005,45.594773999 7.13404400000007,45.594800999 7.13406800000007,45.594845999 7.13408600000002,45.5948789990001 7.13408600000002,45.594883999 7.13409100000007,45.594913999 7.13410600000003,45.595070999 7.13412800000003,45.5953049990001 7.13414000000006,45.5954559990001 7.13415100000003,45.5955739990001 7.13415200000003,45.595581999 7.13414400000005,45.5955949990001 7.13412700000003,45.5956479990001 7.13412900000003,45.595673999 7.13413300000008,45.595716999 7.13413500000007,45.5957579990001 7.13414200000005,45.595769999 7.13417000000004,45.595828999 7.13417000000004,45.595837999 7.13416500000005,45.595854999 7.13416200000006,45.595877999 7.13417600000002,45.595925999 7.13418800000005,45.5959849990001 7.13424500000002,45.5960209990001 7.13425400000006,45.5960409990001 7.13427800000005,45.596078999 7.13438400000007,45.596259999 7.13441100000006,45.596279999 7.13445500000006,45.5963179990001 7.13445700000005,45.596330999 7.13447300000007,45.596420999 7.13448500000004,45.5964979990001 7.13450400000005,45.5965379990001 7.13461000000007,45.5967509990001 7.13462100000004,45.596774999 7.13462100000004,45.5967939990001 7.13460400000002,45.596824999 7.13459700000004,45.596842999 7.13459300000005,45.5968589990001 7.13459700000004,45.596866999 7.13461000000007,45.596891999 7.13462200000004,45.596936999 7.13460400000002,45.5969669990001 7.13462700000002,45.596983999 7.13466100000005,45.597002999 7.13465200000007,45.597030999 7.13463400000006,45.5970639990001 7.13465400000007,45.5970819990001 7.13470400000006,45.597097999 7.13474400000007,45.5971099990001 7.13476600000007,45.5971259990001 7.13476800000007,45.5971339990001 7.13479600000005,45.5971699990001 7.13487000000003,45.5971969990001 7.13489900000008,45.5972209990001 7.13494000000003,45.5972239990001 7.13497700000005,45.597255999 7.13497600000005,45.5972809990001 7.13497600000005,45.597293999 7.13496300000003,45.597317999 7.13493400000004,45.597365999 7.13501200000007,45.597411999 7.13502600000004,45.5974409990001 7.13504200000006,45.597454999 7.13506100000006,45.597522999 7.13510300000007,45.597564999 7.13511400000004,45.597612999 7.13519300000007,45.5976879990001 7.13520600000004,45.5977519990001 7.13525900000008,45.597764999 7.13528300000007,45.597764999 7.13534000000004,45.597773999 7.13539100000003,45.597768999 7.13558100000006,45.5978019990001 7.13560800000005,45.597841999 7.13563100000005,45.5978649990001 7.13564500000007,45.5978749990001 7.13567900000004,45.5979189990001 7.13571100000007,45.597945999 7.13576300000005,45.5979869990001 7.13681400000007,45.598982999 7.13698000000005,45.599230999 7.13708300000008,45.5994919990001 7.13722900000005,45.599858999 7.13734600000004,45.5999689990001 7.13743400000004,45.6000279990001 7.13747200000006,45.600067999 7.13759900000002,45.600153999 7.13757500000003,45.6002619990001 7.13764100000003,45.6003239990001 7.13758000000007,45.600624999 7.13759600000003,45.600740999 7.13777400000004,45.601098999 7.13800500000002,45.6013609990001 7.13906800000007,45.601391999 7.13909100000006,45.6019019990001 7.13947300000007,45.6018739990001 7.13954600000005,45.601870999 7.13951100000003,45.601953999 7.13918600000005,45.602742999 7.13916100000006,45.6028049990001 7.13898400000005,45.6029619990001 7.13892800000002,45.603015999 7.13894700000003,45.6031129990001 7.13896600000004,45.6032329990001 7.13883300000003,45.603393999 7.13850600000006,45.603780999 7.13841100000008,45.603914999 7.13837100000006,45.604008999 7.13826900000004,45.6041539990001 7.13818400000002,45.604273999 7.13817800000004,45.604345999 7.13815800000003,45.604428999 7.13813800000003,45.6045119990001 7.13806300000005,45.6045969990001 7.13804800000003,45.6046709990001 7.13801300000006,45.604702999 7.13794700000005,45.604790999 7.13788300000004,45.6049119990001 7.13776300000006,45.605088999 7.13773700000007,45.605222999 7.13775800000008,45.6053509990001 7.13776700000005,45.6056129990001 7.13771600000007,45.605849999 7.13774200000006,45.605984999 7.13779500000004,45.6060449990001 7.13794200000007,45.606216999 7.13802300000003,45.6063139990001 7.13822600000003,45.6064659990001 7.13820700000002,45.606530999 7.13818800000007,45.606595999 7.13817500000005,45.6067209990001 7.13813700000003,45.606865999 7.13811000000004,45.607023999 7.13813500000003,45.607160999 7.13817900000004,45.6072629990001 7.13828000000007,45.6075269990001 7.13829400000003,45.607627999 7.13835600000004,45.607783999 7.13835800000004,45.607878999 7.13842200000005,45.608100999 7.13845700000007,45.6083419990001 7.13843900000006,45.6085029990001 7.13848200000007,45.6086049990001 7.13847300000003,45.608752999 7.13848200000007,45.6089949990001 7.13854100000003,45.6093969990001 7.13860000000005,45.609519999 7.13866500000006,45.6096229990001 7.13875500000006,45.6098299990001 7.13888300000002,45.609950999 7.13894800000003,45.610040999 7.13905700000004,45.6102069990001 7.13911600000006,45.610329999 7.13913600000006,45.610493999 7.13911500000006,45.6107549990001 7.13912700000003,45.611034999 7.13915100000003,45.611323999 7.13915900000006,45.611597999 7.13918900000004,45.611726999 7.13924400000008,45.6120999990001 7.13929100000007,45.612359999 7.13935300000003,45.6126579990001 7.13942000000003,45.612941999 7.13948500000004,45.6131639990001 7.13958800000006,45.6134929990001 7.13968300000005,45.6136969990001 7.13970600000005,45.613794999 7.13976300000007,45.6141089990001 7.13981400000006,45.6142439990001 7.13991000000004,45.6145309990001 7.14002900000003,45.6147829990001 7.14019400000006,45.6151849990001 7.14028200000007,45.6152559990001 7.14045500000003,45.615694999 7.14060100000006,45.6159269990001 7.14075900000006,45.6160429990001 7.14083800000003,45.6161479990001 7.14087500000005,45.616257999 7.14093600000007,45.616344999 7.14111800000006,45.6165129990001 7.14132800000004,45.6165969990001 7.14152000000007,45.6167129990001 7.14160600000002,45.6167849990001 7.14179900000005,45.6170259990001 7.14191300000005,45.6173289990001 7.14207300000004,45.6174359990001 7.14224700000005,45.617534999 7.14237600000007,45.6176209990001 7.14242500000006,45.617673999 7.14241800000002,45.617762999 7.14241400000003,45.6178879990001 7.14240300000006,45.6180839990001 7.14239300000003,45.618253999 7.14241200000004,45.618345999 7.14242000000007,45.618482999 7.14239800000007,45.6186319990001 7.14237300000002,45.6187389990001 7.14237400000007,45.6188549990001 7.14235100000008,45.619020999 7.14234200000004,45.619154999 7.14232300000003,45.6193449990001 7.14229700000004,45.6195029990001 7.14230600000008,45.619603999 7.14231800000005,45.6197739990001 7.14234400000004,45.619880999 7.14237400000007,45.619991999 7.14244300000007,45.6200909990001 7.14249600000005,45.6201639990001 7.14261100000004,45.620284999 7.14270400000004,45.6204079990001 7.14278700000006,45.6204809990001 7.14286800000002,45.620574999 7.14287500000006,45.6206339990001 7.14285200000006,45.6206789990001 7.14277600000003,45.6207899990001 7.14271800000006,45.620890999 7.14265300000005,45.620939999 7.14257400000002,45.621000999 7.14250900000008,45.6210629990001 7.14243500000003,45.621114999 7.14232700000002,45.6211669990001 7.14229100000006,45.6212199990001 7.14229800000004,45.621270999 7.14236900000003,45.621298999 7.14243200000004,45.6213359990001 7.14256000000006,45.6214179990001 7.14262700000006,45.6214699990001 7.14264100000003,45.6215379990001 7.14264800000007,45.6215949990001 7.14258700000005,45.621772999 7.14255800000007,45.6218649990001 7.14252400000004,45.6220009990001 7.14249000000007,45.622127999 7.14248300000003,45.6222349990001 7.14244800000006,45.622374999 7.14242500000006,45.622558999 7.14244200000007,45.622823999 7.14248500000002,45.6230449990001 7.14249300000006,45.623190999 7.14252900000002,45.6232719990001 7.14252600000003,45.623348999 7.14254400000004,45.6234659990001 7.14258400000006,45.623522999 7.14262000000002,45.623591999 7.14267800000005,45.623637999 7.14276500000005,45.623707999 7.14277600000003,45.6237609990001 7.14278900000005,45.623862999 7.14279100000005,45.6239429990001 7.14281800000003,45.624020999 7.14285500000005,45.624062999 7.14293600000002,45.6241659990001 7.14298800000006,45.6242739990001 7.14303300000006,45.6243279990001 7.14308500000004,45.6244119990001 7.14313800000002,45.6244849990001 7.14322000000004,45.624565999 7.14325100000002,45.624646999 7.14329900000007,45.624745999 7.14330900000004,45.624764999 7.14355800000004,45.6252269990001 7.14346600000005,45.6252959990001 7.14338800000007,45.6253369990001 7.14330400000006,45.625398999 7.14324300000004,45.625439999 7.14301500000005,45.6255359990001 7.14288900000003,45.6256259990001 7.14272700000004,45.6257169990001 7.14240100000006,45.625841999 7.14245000000005,45.625916999 7.14259700000002,45.6260799990001 7.14281500000004,45.626297999 7.14299600000004,45.6264829990001 7.14331400000003,45.626743999 7.14351300000004,45.626880999 7.14372500000007,45.627015999 7.14388700000006,45.6270959990001 7.14410800000007,45.627214999 7.14436100000006,45.627397999 7.14452600000004,45.627531999 7.14462800000007,45.627672999 7.14472200000006,45.6277879990001 7.14476300000007,45.6279459990001 7.14481300000006,45.6281019990001 7.14482700000002,45.6282029990001 7.14486200000005,45.6284209990001 7.14487000000003,45.628549999 7.14485500000006,45.6286479990001 7.14481700000005,45.628747999 7.14480400000002,45.628905999 7.14476100000007,45.6290299990001 7.14472900000004,45.6292319990001 7.14472400000005,45.629374999 7.14467400000007,45.629492999 7.14464000000004,45.6296199990001 7.14458100000007,45.629738999 7.14454500000005,45.6299139990001 7.14453900000007,45.6301099990001 7.14457600000003,45.630279999 7.14465100000007,45.6304449990001 7.14470500000004,45.630615999 7.14474600000005,45.6307829990001 7.14480100000003,45.6308969990001 7.14484500000003,45.6309869990001 7.14494200000007,45.6311289990001 7.14503600000006,45.6312339990001 7.14511000000005,45.631312999 7.14526300000006,45.631428999 7.14550700000007,45.6316199990001 7.14574800000003,45.631784999 7.14595800000006,45.6319849990001 7.14622900000006,45.632256999 7.14642200000003,45.6324479990001 7.14650800000004,45.6325379990001 7.14659900000004,45.6326139990001 7.14668100000006,45.6327019990001 7.14672000000007,45.6328189990001 7.14677800000004,45.6329709990001 7.14679900000004,45.6331119990001 7.14685500000007,45.633225999 7.14691600000003,45.6333039990001 7.14706300000006,45.6334609990001 7.14726400000006,45.6336879990001 7.14745100000005,45.6339199990001 7.14768800000007,45.634218999 7.14789500000006,45.6345049990001 7.14797000000004,45.6346639990001 7.14797000000004,45.6347769990001 7.14797400000003,45.6349259990001 7.14797900000002,45.6351489990001 7.14798000000008,45.635389999 7.14800500000007,45.6356469990001 7.14801400000005,45.635890999 7.14801300000005,45.636069999 7.14802400000002,45.6362539990001 7.14806200000004,45.6363919990001 7.14809600000007,45.6365089990001 7.14811300000002,45.6366219990001 7.14809300000007,45.6367049990001 7.14808400000004,45.636742999 7.14804600000002,45.636855999 7.14803900000004,45.6369539990001 7.14808300000004,45.637037999 7.14815800000002,45.637190999 7.14823900000005,45.637302999 7.14834600000006,45.6374289990001 7.14845600000007,45.6375409990001 7.14857200000006,45.6376499990001 7.14865700000007,45.637758999 7.14873900000003,45.6378559990001 7.14885000000004,45.6379649990001 7.14898100000005,45.6381099990001 7.14905000000005,45.6381999990001 7.14902700000005,45.638249999 7.14895300000006,45.6383119990001 7.14884900000004,45.6383779990001 7.14875000000006,45.638429999 7.14882700000004,45.6384609990001 7.14885100000004,45.6385059990001 7.14893900000004,45.6385549990001 7.14899200000002,45.638636999 7.14900900000004,45.6386469990001 7.14917900000006,45.6387599990001 7.14916700000003,45.638792999 7.14919500000002,45.6388649990001 7.14923400000004,45.638947999 7.14926200000002,45.6390479990001 7.14927900000004,45.639084999 7.14931300000006,45.6391429990001 7.14935900000006,45.6391839990001 7.14936200000005,45.639213999 7.14937800000007,45.6392809990001 7.14941300000004,45.6392989990001 7.14940800000005,45.6393829990001 7.14941200000004,45.6394289990001 7.14952500000004,45.639490999 7.14953500000007,45.6396169990001 7.14954400000005,45.6397229990001 7.14960400000007,45.6397529990001 7.14959100000004,45.639824999 7.14966000000004,45.639896999 7.14972900000004,45.6399289990001 7.14975000000004,45.640002999 7.14981100000006,45.640053999 7.14983000000007,45.6401289990001 7.14992000000007,45.6401499990001 7.14998200000002,45.640184999 7.15000800000007,45.640253999 7.15001700000005,45.640325999 7.15002400000003,45.6403839990001 7.15001100000006,45.6404479990001 7.15003900000005,45.6405189990001 7.15004800000003,45.6405819990001 7.15014500000007,45.6406239990001 7.15028800000005,45.640676999 7.15034400000008,45.640723999 7.15045800000007,45.6407999990001 7.15052600000007,45.6408249990001 7.15071400000005,45.6408509990001 7.15077000000002,45.6408899990001 7.15087600000004,45.6409419990001 7.15085500000004,45.6409919990001 7.15085700000003,45.6410349990001 7.15085700000003,45.6411149990001 7.15087900000003,45.6411239990001 7.15091700000005,45.6411239990001 7.15099700000007,45.6410999990001 7.15105200000005,45.6411209990001 7.15106200000002,45.6411439990001 7.15103800000003,45.6412139990001 7.15105200000005,45.641223999 7.15104700000006,45.6412599990001 7.15111300000007,45.6413059990001 7.15111800000005,45.641335999 7.15116600000005,45.641357999 7.15128500000003,45.6413879990001 7.15132900000003,45.641419999 7.15134200000006,45.6414599990001 7.15136200000006,45.6415049990001 7.15140400000007,45.641540999 7.15143000000006,45.641604999 7.15145900000005,45.641676999 7.15145700000005,45.641721999 7.15141100000005,45.641760999 7.15134400000005,45.641806999 7.15127700000005,45.641849999 7.15125600000005,45.641878999 7.15122500000007,45.6419359990001 7.15122600000007,45.6420039990001 7.15122600000007,45.6421289990001 7.15126100000003,45.6422499990001 7.15125500000005,45.642303999 7.15127200000006,45.642374999 7.15128700000002,45.642440999 7.15131500000007,45.6425339990001 7.15135600000002,45.642591999 7.15143400000005,45.6427229990001 7.15148200000004,45.6427639990001 7.15150900000003,45.642817999 7.15154700000005,45.6428729990001 7.15159700000004,45.6429409990001 7.15158900000006,45.643002999 7.15157600000003,45.643087999 7.15160800000007,45.6431189990001 7.15167500000007,45.643158999 7.15171300000003,45.6431919990001 7.15164100000004,45.643268999 7.15163700000005,45.643274999 7.15174000000007,45.643315999 7.15174100000007,45.6433489990001 7.15173300000004,45.643360999 7.15173000000004,45.6433729990001 7.15173800000002,45.6434139990001 7.15171500000002,45.643449999 7.15168000000006,45.6434859990001 7.15154300000006,45.6435319990001 7.15159700000004,45.643559999 7.15163200000006,45.643633999 7.15164000000004,45.6436849990001 7.15166300000004,45.6437069990001 7.15167000000002,45.643739999 7.15169500000007,45.643765999 7.15170300000005,45.643787999 7.15174300000007,45.6438479990001 7.15180100000003,45.643926999 7.15184500000004,45.643968999 7.15186500000004,45.6439999990001 7.15192100000007,45.644033999 7.15194800000006,45.6440739990001 7.15203000000002,45.6441319990001 7.15205900000007,45.6441779990001 7.15206100000006,45.644189999 7.15210600000006,45.644218999 7.15214700000007,45.644279999 7.15221800000006,45.6443799990001 7.15223800000007,45.6444069990001 7.15225900000007,45.644438999 7.15230100000002,45.644488999 7.15233800000004,45.644549999 7.15245300000004,45.6446529990001 7.15247900000003,45.6447039990001 7.15248200000002,45.644709999 7.15250300000002,45.6447419990001 7.15256200000005,45.6447859990001 7.15259200000003,45.6448539990001 7.15263100000004,45.644914999 7.15264700000006,45.644934999 7.15270400000003,45.644982999 7.15275700000007,45.6450119990001 7.15282700000006,45.6450599990001 7.15292000000005,45.6451319990001 7.15302900000006,45.645278999 7.15314000000006,45.645345999 7.15321100000006,45.6454039990001 7.15334100000007,45.6455129990001 7.15339900000004,45.6455129990001 7.15343400000006,45.6455569990001 7.15348000000006,45.645571999 7.15355100000005,45.645614999 7.15359700000005,45.6456419990001 7.15362000000005,45.6456639990001 7.15363900000006,45.645684999 7.15366400000005,45.6457089990001 7.15368600000005,45.645729999 7.15369700000002,45.645749999 7.15369900000007,45.645767999 7.15370800000005,45.6457989990001 7.15371600000003,45.6458289990001 7.15375500000005,45.6459149990001 7.15377700000005,45.645971999 7.15382100000005,45.646080999 7.15383400000007,45.646111999 7.15386300000006,45.6461469990001 7.15389900000002,45.646195999 7.15390300000007,45.6462099990001 7.15391400000004,45.6462579990001 7.15394000000003,45.6463039990001 7.15399700000006,45.646381999 7.15402400000005,45.646421999 7.15407700000003,45.646448999 7.15409700000004,45.6464609990001 7.15414400000003,45.6465079990001 7.15418600000004,45.6465499990001 7.15421100000003,45.6465859990001 7.15425600000003,45.646621999 7.15433900000005,45.646690999 7.15444800000006,45.6467759990001 7.15451900000005,45.6467889990001 7.15457600000008,45.646807999 7.15460300000007,45.6468149990001 7.15471100000002,45.646824999 7.15473100000003,45.6468359990001 7.15474600000005,45.6468439990001 7.15476400000006,45.646847999 7.15481700000004,45.6468579990001 7.15483300000005,45.646868999 7.15484200000003,45.6468819990001 7.15485200000006,45.6469069990001 7.15484200000003,45.6469789990001 7.15484200000003,45.647035999 7.15485300000006,45.647124999 7.15486500000003,45.647209999 7.15484000000004,45.647276999 7.15480900000006,45.6473289990001 7.15479400000004,45.6473579990001 7.15475700000007,45.647412999 7.15474800000004,45.6474429990001 7.15474200000006,45.647498999 7.15473300000002,45.6475779990001 7.15471400000007,45.6476559990001 7.15470000000005,45.6477219990001 7.15469600000006,45.647770999 7.15469700000006,45.647823999 7.15470300000004,45.6478719990001 7.15472700000004,45.6479149990001 7.15476200000006,45.6479369990001 7.15480500000007,45.647958999 7.15485700000005,45.6479929990001 7.15495200000004,45.6480329990001 7.15512500000006,45.6481469990001 7.15518500000007,45.648183999 7.15521400000006,45.6482179990001 7.15521900000005,45.6482299990001 7.15522300000003,45.648242999 7.15533200000004,45.6483309990001 7.15544300000005,45.648384999 7.15551100000005,45.648448999 7.15558600000003,45.6484999990001 7.15570200000008,45.648585999 7.15586400000007,45.648675999 7.15597700000006,45.6487939990001 7.15601800000007,45.648855999 7.15607000000006,45.6489309990001 7.15608100000003,45.6490219990001 7.15609800000004,45.649052999 7.15615800000006,45.649165999 7.15606100000002,45.6492529990001 7.15604700000006,45.649280999 7.15601200000003,45.649347999 7.15587200000004,45.649487999 7.15580400000005,45.6495419990001 7.15565100000003,45.6496479990001 7.15559100000007,45.649691999 7.15546700000004,45.649755999 7.15536700000007,45.649818999 7.15530400000006,45.6498339990001 7.15520100000003,45.649887999 7.15508400000004,45.649930999 7.15514200000007,45.6500139990001 7.15523300000007,45.6501269990001 7.15530800000005,45.6502139990001 7.15538000000004,45.650277999 7.15550800000005,45.6503519990001 7.15563300000002,45.650361999 7.15566100000007,45.650380999 7.15573600000005,45.6504189990001 7.15578800000003,45.650455999 7.15585700000003,45.6504819990001 7.15590400000002,45.6505319990001 7.15595100000007,45.6506219990001 7.15599400000002,45.650697999 7.15601000000004,45.650744999 7.15601500000002,45.650791999 7.15601700000008,45.650880999 7.15604300000007,45.6510279990001 7.15605300000004,45.651126999 7.15603500000003,45.6511579990001 7.15604200000007,45.6512319990001 7.15600200000006,45.651285999 7.15598000000006,45.6514339990001 7.15598600000004,45.6514519990001 7.15600600000005,45.6515239990001 7.15605700000003,45.651605999 7.15608800000007,45.651669999 7.15612000000004,45.6516979990001 7.15613900000005,45.6517239990001 7.15623600000004,45.651801999 7.15627900000004,45.6519109990001 7.15627900000004,45.651940999 7.15625900000003,45.6519969990001 7.15626000000003,45.652138999 7.15636300000006,45.6522709990001 7.15642800000006,45.6523359990001 7.15655200000003,45.6524209990001 7.15658900000005,45.652503999 7.15658900000005,45.652543999 7.15659000000005,45.652573999 7.15662200000003,45.652609999 7.15666500000003,45.652724999 7.15666500000003,45.6527839990001 7.15665700000005,45.6528719990001 7.15666800000002,45.652904999 7.15670000000006,45.6529609990001 7.15674500000006,45.6530759990001 7.15674100000007,45.653223999 7.15675000000005,45.6532509990001 7.15677700000003,45.653361999 7.15679200000005,45.653445999 7.15682900000007,45.6535739990001 7.15694200000007,45.653651999 7.15697800000004,45.6536849990001 7.15704300000004,45.653743999 7.15714700000007,45.6538449990001 7.15719700000005,45.6539269990001 7.15722600000004,45.6540399990001 7.15717900000004,45.6541319990001 7.15712900000005,45.654215999 7.15712300000007,45.654258999 7.15711900000002,45.654301999 7.15714200000002,45.6543649990001 7.15717200000006,45.6544469990001 7.15722100000005,45.6544919990001 7.15734000000003,45.6545219990001 7.15740300000004,45.6545429990001 7.15745500000003,45.654570999 7.15751800000004,45.6546049990001 7.15756600000003,45.6546499990001 7.15761400000002,45.6547429990001 7.15762400000006,45.6547669990001 7.15765300000004,45.6548539990001 7.15764500000006,45.6548999990001 7.15763200000004,45.6549409990001 7.15763000000004,45.6549889990001 7.15762200000006,45.655026999 7.15755300000006,45.6551489990001 7.15747000000005,45.6552359990001 7.15738700000003,45.655363999 7.15738200000004,45.6554659990001 7.15743900000007,45.655561999 7.15749200000005,45.655650999 7.15753500000005,45.6557079990001 7.15754200000003,45.6557349990001 7.15759700000007,45.6558059990001 7.15767300000005,45.655922999 7.15770800000007,45.655969999 7.15774700000003,45.656034999 7.15776600000004,45.6560539990001 7.15780300000006,45.6560949990001 7.15783500000003,45.6561369990001 7.15786600000007,45.656166999 7.15790000000004,45.656197999 7.15794200000005,45.6562489990001 7.15800000000007,45.6563009990001 7.15812900000003,45.656421999 7.15828900000002,45.6565209990001 7.15833300000003,45.6566319990001 7.15845300000007,45.6566999990001 7.15856500000007,45.656801999 7.15872400000006,45.656932999 7.15884400000004,45.6570109990001 7.15890200000007,45.6570889990001 7.15899500000006,45.657180999 7.15906600000005,45.657271999 7.15907600000003,45.657367999 7.15912100000003,45.657388999 7.15918100000005,45.657478999 7.15921300000002,45.657519999 7.15931200000006,45.6576519990001 7.15936300000004,45.6577379990001 7.15946600000007,45.657833999 7.15957800000007,45.6579579990001 7.15964500000007,45.658041999 7.15969300000006,45.658105999 7.15976500000005,45.658176999 7.15983800000004,45.6582359990001 7.15990200000005,45.6582819990001 7.15996800000005,45.6583179990001 7.16003300000006,45.6583489990001 7.16010600000004,45.658377999 7.16020400000002,45.658403999 7.16028900000003,45.6584159990001 7.16036600000007,45.658422999 7.16043600000006,45.658418999 7.16052100000007,45.6584139990001 7.16059500000006,45.6584069990001 7.16066200000006,45.6583919990001 7.16071800000003,45.658374999 7.16078500000003,45.6583489990001 7.16095000000007,45.6584609990001 7.16095400000006,45.6584619990001 7.16098200000005,45.658488999 7.16087200000004,45.658558999 7.16084100000006,45.658648999 7.16078500000003,45.6587239990001 7.16057000000006,45.6588439990001 7.16041100000007,45.6589279990001 7.16036800000006,45.659007999 7.16033700000003,45.6591119990001 7.16029900000007,45.659234999 7.16020100000003,45.659319999 7.16000100000002,45.6594069990001 7.15981200000004,45.6595799990001 7.15962400000006,45.659724999 7.15950700000008,45.6597849990001 7.15945200000004,45.6598059990001 7.15947100000005,45.6598519990001 7.15947300000005,45.6599409990001 7.15948900000006,45.659976999 7.15950400000003,45.6600159990001 7.15952400000003,45.6600589990001 7.15956100000005,45.6601249990001 7.15959700000008,45.6601699990001 7.15964100000002,45.6602609990001 7.15968600000002,45.660314999 7.15973500000007,45.660381999 7.15978800000005,45.6604629990001 7.15983700000004,45.6605449990001 7.15992700000004,45.660650999 7.15999300000004,45.6607089990001 7.16006400000003,45.6607549990001 7.16015500000003,45.6608399990001 7.16020900000007,45.6608919990001 7.16025000000008,45.660942999 7.16030300000006,45.6610009990001 7.16036900000006,45.6610729990001 7.16041800000005,45.6611309990001 7.16045900000006,45.661187999 7.16049200000003,45.661233999 7.16053300000004,45.661278999 7.16057000000006,45.6613159990001 7.16059900000005,45.661351999 7.16061800000006,45.661414999 7.16063300000008,45.661462999 7.16064900000003,45.661504999 7.16067300000003,45.661550999 7.16070500000006,45.661616999 7.16078900000002,45.661796999 7.16083600000007,45.6619059990001 7.16090200000002,45.661984999 7.16097600000006,45.6620599990001 7.16105000000005,45.662156999 7.16111800000004,45.662268999 7.16116600000004,45.6623709990001 7.16120200000006,45.662449999 7.16127000000006,45.662569999 7.16131500000006,45.662657999 7.16135100000002,45.662726999 7.16139500000003,45.662813999 7.16148000000004,45.662925999 7.16158300000006,45.663058999 7.16168600000003,45.663168999 7.16175600000003,45.663238999 7.16183500000005,45.6633029990001 7.16189200000002,45.6633689990001 7.16194600000006,45.6634329990001 7.16202000000004,45.663493999 7.16209400000002,45.663581999 7.16216800000007,45.6636549990001 7.16223500000007,45.6637039990001 7.16237200000006,45.663803999 7.16246400000006,45.6638599990001 7.16261500000007,45.6639519990001 7.16276500000004,45.664052999 7.16288600000007,45.664122999 7.16305300000005,45.664236999 7.16313700000006,45.6642859990001 7.16323600000004,45.6643619990001 7.16333200000003,45.6644259990001 7.16341900000003,45.664523999 7.16355900000002,45.6646719990001 7.16363700000005,45.664747999 7.16376100000002,45.6648759990001 7.16388500000005,45.664993999 7.16399200000006,45.6651039990001 7.16411100000005,45.6652579990001 7.16414700000007,45.665311999 7.16417100000007,45.6653629990001 7.16427500000003,45.6655019990001 7.16441800000007,45.665693999 7.16446900000005,45.6657909990001 7.16451300000006,45.665873999 7.16454900000002,45.665942999 7.16459700000007,45.666033999 7.16461600000002,45.666099999 7.16467200000005,45.666216999 7.16469400000005,45.6663189990001 7.16471200000007,45.6664269990001 7.16472300000004,45.6664749990001 7.16476000000006,45.6665149990001 7.16477700000007,45.6665429990001 7.16484400000007,45.666553999 7.16487800000004,45.6665599990001 7.16493900000006,45.666527999 7.16506000000004,45.6665189990001 7.16550900000004,45.666528999 7.16563400000007,45.6665339990001 7.16565200000002,45.6665429990001 7.16569800000002,45.666548999 7.16575800000004,45.6665639990001 7.16580100000004,45.666576999 7.16585200000003,45.666597999 7.16589300000004,45.666618999 7.16593500000005,45.666644999 7.16602800000004,45.666703999 7.16604100000006,45.666711999 7.16606400000006,45.6667229990001 7.16607900000002,45.666730999 7.16609700000004,45.6667369990001 7.16612700000007,45.6667469990001 7.16632000000004,45.666799999 7.16636500000004,45.666816999 7.16640200000006,45.6668319990001 7.16644200000007,45.6668499990001 7.16648100000003,45.666868999 7.16654100000005,45.6669049990001 7.16660000000007,45.6669479990001 7.16675900000007,45.667068999 7.16686400000003,45.6671479990001 7.16686500000003,45.6671479990001 7.16686800000002,45.6671499990001 7.16688900000003,45.667155999 7.16695300000003,45.6671749990001 7.16699600000004,45.6671939990001 7.16703200000006,45.6672109990001 7.16706800000003,45.667229999 7.16711300000003,45.6672549990001 7.16716700000006,45.6672879990001 7.16722400000003,45.6673279990001 7.16725900000006,45.667359999 7.16730000000007,45.6673959990001 7.16733300000004,45.667426999 7.16740300000004,45.667494999 7.16743800000006,45.6675279990001 7.16744700000004,45.6675359990001 7.16747300000003,45.667542999 7.16758900000002,45.6675759990001 7.16767800000002,45.667605999 7.16775100000007,45.667632999 7.16787700000003,45.6676829990001 7.16800300000006,45.6677379990001 7.16808100000003,45.667769999 7.16811200000006,45.6677819990001 7.16811300000006,45.6677829990001 7.16813000000008,45.6677839990001 7.16816700000004,45.667785999 7.16823200000005,45.667789999 7.16828200000003,45.667790999 7.16832800000003,45.667789999 7.16849500000006,45.6677829990001 7.16871600000007,45.6677769990001 7.16879600000004,45.6677719990001 7.16886100000005,45.667767999 7.16896600000007,45.6677559990001 7.16904400000004,45.6677509990001 7.16911900000002,45.667748999 7.16918400000003,45.6677509990001 7.16929200000004,45.6677569990001 7.16938100000004,45.6677769990001 7.16943500000002,45.6677829990001 7.16956500000003,45.667787999 7.16968900000006,45.667793999 7.16976400000004,45.6678019990001 7.16984100000008,45.6678179990001 7.16991900000005,45.6678429990001 7.16999000000004,45.6678719990001 7.17007900000004,45.6679139990001 7.17017800000002,45.667968999 7.17025000000007,45.6680209990001 7.17031900000006,45.6680899990001 7.17033700000007,45.668104999 7.17036200000007,45.668121999 7.17037900000003,45.6681329990001 7.17038500000007,45.6681359990001 7.17039200000005,45.6681379990001 7.17045500000006,45.668152999 7.17051400000003,45.6681639990001 7.17058200000002,45.668189999 7.17062900000008,45.668212999 7.17069900000007,45.6682559990001 7.17076700000007,45.668303999 7.17079700000005,45.668324999 7.17083300000007,45.668349999 7.17087300000003,45.6683899990001 7.17090600000006,45.6684329990001 7.17093400000005,45.6684769990001 7.17100200000004,45.6684959990001 7.17107500000003,45.6685169990001 7.17114600000002,45.6685429990001 7.17121600000007,45.668573999 7.17128900000006,45.6686109990001 7.17135500000006,45.668644999 7.17140600000005,45.6686769990001 7.17144200000007,45.6687009990001 7.17148400000002,45.6687279990001 7.17153400000007,45.6687659990001 7.17157200000003,45.6687899990001 7.17160600000005,45.6688099990001 7.17165800000004,45.6688389990001 7.17179000000004,45.6689049990001 7.17184600000007,45.668932999 7.17188000000004,45.6689469990001 7.17193600000007,45.668964999 7.17204100000004,45.669002999 7.17219900000003,45.669072999 7.17236000000003,45.669159999 7.17247000000003,45.6692229990001 7.17251700000003,45.669252999 7.17266300000006,45.6693539990001 7.17281500000007,45.669473999 7.17289200000005,45.6695389990001 7.17296500000003,45.6695999990001 7.17299700000007,45.6696219990001 7.17302400000005,45.669639999 7.17307800000003,45.6696709990001 7.17310600000008,45.6696879990001 7.17313000000007,45.669698999 7.17318200000005,45.6697169990001 7.17322800000005,45.669729999 7.17328500000002,45.6697329990001 7.17340900000005,45.669744999 7.17349200000007,45.669752999 7.17356600000005,45.6697649990001 7.17363500000005,45.6697829990001 7.17370300000005,45.6698089990001 7.17376700000005,45.669840999 7.17394200000007,45.669946999 7.17405100000008,45.669999999 7.17419000000007,45.6700719990001 7.17428100000006,45.670125999 7.17439300000007,45.670194999 7.17462200000006,45.6703639990001 7.17473100000007,45.6704319990001 7.17474200000004,45.6704389990001 7.17475300000007,45.670442999 7.17479300000002,45.6704529990001 7.17484900000005,45.670466999 7.17497200000003,45.670488999 7.17516200000006,45.6705229990001 7.17523300000005,45.670539999 7.17532600000004,45.6705679990001 7.17545900000005,45.6706099990001 7.17563000000007,45.6706609990001 7.17577200000005,45.6707109990001 7.17584800000003,45.670738999 7.17591300000004,45.6707739990001 7.17600000000004,45.6708199990001 7.17609300000004,45.670871999 7.17611700000003,45.6708899990001 7.17615200000006,45.6709089990001 7.17625200000003,45.6709719990001 7.17632600000007,45.671027999 7.17640200000005,45.6710919990001 7.17644400000006,45.6711269990001 7.17648000000003,45.6711569990001 7.17652500000003,45.6712019990001 7.17655800000006,45.671257999 7.17657700000007,45.6712899990001 7.17658000000006,45.6712959990001 7.17659100000003,45.6713099990001 7.17663300000004,45.6713579990001 7.17666000000003,45.671386999 7.17668700000007,45.6714209990001 7.17671500000006,45.6714649990001 7.17674000000005,45.671527999 7.17675800000006,45.671590999 7.17675800000006,45.671591999 7.17677900000007,45.671613999 7.17681000000005,45.671643999 7.17691000000002,45.6717209990001 7.17703700000004,45.6718099990001 7.17719100000005,45.6719159990001 7.17733000000004,45.6720059990001 7.17744700000003,45.672090999 7.17757300000005,45.6722099990001 7.17764700000004,45.6722829990001 7.17770400000006,45.672341999 7.17772900000006,45.6723719990001 7.17776400000002,45.6724129990001 7.17780600000003,45.672467999 7.17788600000006,45.672566999 7.17793100000006,45.672624999 7.17797600000006,45.6726209990001 7.17803600000008,45.672611999 7.17808800000006,45.672604999 7.17814500000003,45.6726019990001 7.17821500000002,45.672602999 7.17829100000006,45.6726129990001 7.17835400000007,45.672626999 7.17840500000005,45.6726419990001 7.17847500000005,45.6726679990001 7.17852300000004,45.6726919990001 7.17856900000004,45.672715999 7.17861200000004,45.672744999 7.17864600000007,45.6727709990001 7.17867700000005,45.6727979990001 7.17870100000005,45.6728249990001 7.17872100000005,45.6728499990001 7.17877000000004,45.6729129990001 7.17879300000004,45.672947999 7.17881900000003,45.672988999 7.17885700000005,45.6730639990001 7.17891600000007,45.6730709990001 7.17920300000003,45.673102999 7.17934700000006,45.673120999 7.17942500000004,45.6731329990001 7.17953000000006,45.6731549990001 7.17965800000007,45.6731869990001 7.17980700000004,45.6732309990001 7.17991400000005,45.6732739990001 7.17996800000003,45.6732949990001 7.18001600000002,45.6733169990001 7.18005100000005,45.6733389990001 7.18009000000006,45.6733669990001 7.18012700000003,45.6734079990001 7.18015400000007,45.6734509990001 7.18016800000004,45.6734909990001 7.18018000000006,45.6735449990001 7.18018200000006,45.673552999 7.18021900000002,45.673597999 7.18023100000005,45.6736129990001 7.18024500000007,45.6736309990001 7.18026900000007,45.673661999 7.18029600000006,45.673706999 7.18031200000007,45.673731999 7.18032900000003,45.6737649990001 7.18035900000007,45.6738369990001 7.18037900000007,45.6738809990001 7.18038000000007,45.6738819990001 7.18044300000003,45.6739529990001 7.18048900000002,45.674004999 7.18054800000004,45.674074999 7.18066500000003,45.6741439990001 7.18098200000003,45.674365999 7.18116900000007,45.6745049990001 7.18140500000004,45.6747109990001 7.18144800000005,45.674748999 7.18148600000006,45.674788999 7.18152200000003,45.6748289990001 7.18157600000006,45.6748889990001 7.18174400000004,45.675132999 7.18215100000003,45.6758189990001 7.18216800000005,45.6758639990001 7.18218000000007,45.6759109990001 7.18218200000007,45.6759779990001 7.18217600000003,45.6760359990001 7.18216600000005,45.6761719990001 7.18216600000005,45.676228999 7.18216800000005,45.6762379990001 7.18223300000005,45.6763989990001 7.18225300000006,45.676476999 7.18227000000007,45.676527999 7.18231400000008,45.6766269990001 7.18240100000003,45.676866999 7.18244200000004,45.6769859990001 7.18246800000003,45.6770819990001 7.18249600000007,45.6771849990001 7.18252500000006,45.6772959990001 7.18255200000004,45.677398999 7.18256700000006,45.6774599990001 7.18259500000005,45.6775309990001 7.18261600000005,45.6775679990001 7.18263400000006,45.6775949990001 7.18264700000003,45.6776109990001 7.18265000000002,45.6776139990001 7.18268300000005,45.6776439990001 7.18275600000004,45.6777089990001 7.18279500000006,45.6777489990001 7.18282500000004,45.677787999 7.18285000000003,45.677830999 7.18286800000004,45.6778689990001 7.18288800000005,45.677918999 7.18289900000002,45.6779749990001 7.18290300000007,45.6780199990001 7.18311700000004,45.6779829990001 7.18375400000002,45.6778159990001 7.18385800000004,45.6777489990001 7.18397100000004,45.6778819990001 7.18398700000006,45.6778859990001 7.18417500000004,45.677941999 7.18415000000005,45.6779599990001 7.18430500000005,45.6780439990001 7.18433900000002,45.678007999 7.18448700000005,45.6780929990001 7.18455100000006,45.678148999 7.18581900000004,45.6789619990001 7.18670600000007,45.6799789990001 7.18672900000007,45.679972999 7.18675100000007,45.679965999 7.18677400000007,45.6799599990001 7.18679700000007,45.6799539990001 7.18682000000007,45.679947999 7.18684300000007,45.6799419990001 7.18686700000006,45.6799369990001 7.18689000000006,45.6799319990001 7.18691300000006,45.679926999 7.18693700000006,45.679921999 7.18696100000005,45.6799169990001 7.18698400000005,45.6799129990001 7.18700800000005,45.6799089990001 7.18703200000004,45.679904999 7.18705600000004,45.679900999 7.18708000000004,45.679897999 7.18710400000003,45.6798949990001 7.18712800000003,45.6798919990001 7.18715200000003,45.6798889990001 7.18717700000008,45.6798859990001 7.18720100000007,45.679883999 7.18722500000007,45.679881999 7.18725000000006,45.679879999 7.18727400000006,45.679877999 7.18729900000005,45.679876999 7.18732300000005,45.679875999 7.18734800000004,45.679874999 7.18737200000004,45.6798739990001 7.18739700000003,45.6798739990001 7.18742100000003,45.6798729990001 7.18744600000002,45.6798729990001 7.18747000000008,45.6798739990001 7.18749500000007,45.6798739990001 7.18751900000007,45.679874999 7.18754400000006,45.679874999 7.18756800000006,45.679876999 7.18759200000005,45.679877999 7.18761700000005,45.679878999 7.18764100000004,45.679880999 7.18766600000004,45.679882999 7.18769000000003,45.6798859990001 7.18771400000003,45.6798879990001 7.18773800000002,45.6798909990001 7.18776300000007,45.6798939990001 7.18778700000007,45.6798969990001 7.18781100000007,45.679899999 7.18783500000006,45.679903999 7.18785900000006,45.6799079990001 7.18788200000006,45.6799119990001 7.18790600000005,45.6799159990001 7.18793000000005,45.679919999 7.18795300000005,45.679924999 7.18797700000005,45.6799299990001 7.18800000000005,45.6799349990001 7.18802400000004,45.6799399990001 7.18804700000004,45.679945999 7.18807000000004,45.679951999 7.18809300000004,45.6799579990001 7.18811600000004,45.6799639990001 7.18813800000004,45.679969999 7.18816100000004,45.6799769990001 7.18818400000004,45.6799839990001 7.18820600000004,45.679990999 7.18822800000004,45.6799979990001 7.18825000000004,45.6800059990001 7.18827200000004,45.680012999 7.18829400000004,45.6800209990001 7.18847100000005,45.6800889990001 7.18863200000004,45.6801329990001 7.18875800000006,45.6801599990001 7.18892600000004,45.680174999 7.18906100000004,45.680217999 7.18921500000005,45.6802509990001 7.18931600000008,45.6802509990001 7.18941800000005,45.6802529990001 7.18951900000008,45.6802529990001 7.18967100000003,45.6802939990001 7.18981300000007,45.6803189990001 7.18996400000003,45.6803449990001 7.19011900000004,45.680376999 7.19025600000003,45.6804059990001 7.19040700000005,45.680437999 7.19057300000003,45.6804359990001 7.19081400000005,45.6804709990001 7.19107600000007,45.680507999 7.19119900000004,45.6805239990001 7.19134300000007,45.680714999 7.19138700000002,45.680775999 7.19148300000006,45.6809039990001 7.19151300000004,45.6809889990001 7.19145000000003,45.6812369990001 7.19136500000008,45.6815739990001 7.19119400000005,45.681684999 7.19146900000004,45.681721999 7.19172400000002,45.681747999 7.19198000000006,45.681765999 7.19227900000004,45.6817649990001 7.19243200000005,45.681720999 7.19258200000007,45.6816919990001 7.19271400000002,45.681675999 7.19287400000007,45.6816939990001 7.19304000000005,45.6817169990001 7.19317200000006,45.6817169990001 7.19332400000008,45.6817189990001 7.19343500000002,45.681681999 7.19353400000006,45.6815339990001 7.19379100000003,45.6812409990001 7.19401800000003,45.681112999 7.19415100000003,45.6810209990001 7.19412600000004,45.6808869990001 7.19422300000002,45.6807869990001 7.19438400000007,45.680707999 7.19448800000004,45.6806299990001 7.19451300000003,45.680600999 7.19452000000007,45.680580999 7.19456800000006,45.680485999 7.19467400000002,45.6803809990001 7.19477100000006,45.680333999 7.19492600000007,45.680284999 7.19495700000004,45.680259999 7.19499700000006,45.6801779990001 7.19512900000007,45.6800239990001 7.19522300000006,45.680016999 7.19524300000006,45.6799369990001 7.19529000000006,45.679859999 7.19530100000003,45.6797979990001 7.19530000000003,45.6796689990001 7.19535200000007,45.679605999 7.19541300000003,45.6795559990001 7.19550400000003,45.6794649990001 7.19549300000006,45.679339999 7.19548900000007,45.6792829990001 7.19553300000007,45.679182999 7.19553600000006,45.6791089990001 7.19559700000002,45.6790159990001 7.19560700000005,45.6789729990001 7.19566600000007,45.678909999 7.19570200000004,45.6788799990001 7.19574200000005,45.6788539990001 7.19587500000006,45.6787849990001 7.19593900000007,45.678729999 7.19601800000004,45.678618999 7.19616500000006,45.6785209990001 7.19624200000004,45.6784889990001 7.19631700000002,45.6784739990001 7.19632700000005,45.6784679990001 7.19633600000003,45.678368999 7.19636600000007,45.6782029990001 7.19637500000005,45.678145999 7.19637100000006,45.6780729990001 7.19638600000008,45.677985999 7.19641700000005,45.6778879990001 7.19648800000004,45.677782999 7.19654400000007,45.6777279990001 7.19659600000006,45.677649999 7.19659900000005,45.677579999 7.19662900000003,45.677534999 7.19663900000006,45.6775029990001 7.19667700000002,45.6773909990001 7.19672900000006,45.6772769990001 7.19674600000008,45.6772559990001 7.19677300000006,45.6771499990001 7.19677100000007,45.6770929990001 7.19678400000004,45.677064999 7.19678100000004,45.676996999 7.19681900000006,45.676926999 7.19688100000008,45.6768709990001 7.19690600000007,45.6768319990001 7.19694700000002,45.676774999 7.19696200000004,45.676725999 7.19696400000004,45.676685999 7.19702300000006,45.6765539990001 7.19703100000004,45.6765169990001 7.19705700000003,45.676457999 7.19712400000003,45.6763799990001 7.19716700000004,45.676343999 7.19719500000002,45.6763289990001 7.19722000000007,45.676303999 7.19742500000007,45.6761999990001 7.19743700000004,45.676190999 7.19750500000004,45.6761259990001 7.19753200000002,45.6760899990001 7.19757300000003,45.675965999 7.19759800000003,45.6759279990001 7.19763600000005,45.675822999 7.19769000000002,45.6757069990001 7.19771000000003,45.6756799990001 7.19771800000007,45.6756559990001 7.19775200000004,45.6755939990001 7.19776600000006,45.6755619990001 7.19782000000004,45.675443999 7.19783500000005,45.6754139990001 7.19785000000007,45.675326999 7.19785900000005,45.6751229990001 7.19788200000005,45.675063999 7.19789900000006,45.674975999 7.19793600000003,45.674860999 7.19796400000007,45.6747759990001 7.19802100000004,45.674682999 7.19809700000008,45.6745779990001 7.19811700000002,45.6744009990001 7.19811300000003,45.6743459990001 7.19806900000003,45.6740179990001 7.19809500000002,45.6739239990001 7.19809900000007,45.673847999 7.19818400000003,45.673615999 7.19824300000005,45.6735169990001 7.19824700000004,45.6734929990001 7.19836300000003,45.6732889990001 7.19840100000005,45.6731819990001 7.19843500000007,45.6731129990001 7.19845400000003,45.673060999 7.19849000000005,45.673007999 7.19854100000003,45.6729139990001 7.19854900000007,45.672804999 7.19857600000006,45.6727249990001 7.19857000000007,45.6726909990001 7.19859000000002,45.672583999 7.19859800000006,45.6725739990001 7.19858800000003,45.6725539990001 7.19862900000004,45.672498999 7.19867600000003,45.6723749990001 7.19867700000003,45.6723429990001 7.19869500000004,45.672266999 7.19869600000004,45.672223999 7.19875600000006,45.6720739990001 7.19878800000004,45.672016999 7.19883300000004,45.6719609990001 7.19885800000003,45.6718969990001 7.19888300000002,45.6717909990001 7.19891700000005,45.671730999 7.19892700000003,45.6716769990001 7.19896500000004,45.671598999 7.19901800000002,45.671507999 7.19903100000005,45.671462999 7.19906400000002,45.6714069990001 7.19912700000003,45.6712739990001 7.19918800000005,45.6711939990001 7.19927400000006,45.671080999 7.19937700000003,45.6709489990001 7.19963100000007,45.6706869990001 7.19972700000005,45.670644999 7.19975700000003,45.670623999 7.19980800000008,45.6705879990001 7.19987300000003,45.6704859990001 7.19995300000005,45.670399999 7.19995500000005,45.670396999 7.19998800000008,45.6702979990001 7.20006900000004,45.6701699990001 7.20012600000007,45.6701209990001 7.20013800000004,45.670110999 7.20016100000004,45.670058999 7.20019800000006,45.6700009990001 7.20028700000006,45.6698689990001 7.20030900000006,45.669837999 7.20031300000005,45.6698229990001 7.20030700000007,45.669795999 7.20030100000002,45.6697819990001 7.20024400000005,45.669661999 7.20023700000007,45.6695739990001 7.20026000000007,45.669479999 7.20029400000004,45.6693969990001 7.20030700000007,45.669345999 7.20031000000006,45.669324999 7.20031300000005,45.6692869990001 7.20028100000007,45.6691459990001 7.20031200000005,45.669046999 7.20035600000006,45.668962999 7.20040700000004,45.6688589990001 7.20051600000005,45.6687469990001 7.20057200000002,45.668691999 7.20059100000003,45.6686369990001 7.20067600000004,45.6684359990001 7.20074600000004,45.6682719990001 7.20077100000003,45.6682309990001 7.20078600000005,45.6681669990001 7.20080800000005,45.668102999 7.20085000000006,45.668032999 7.20089400000006,45.6679639990001 7.20097300000003,45.667837999 7.20099900000002,45.6678039990001 7.20105900000004,45.667674999 7.20113700000007,45.667582999 7.20119900000003,45.667478999 7.20126000000005,45.667404999 7.20127800000006,45.6673699990001 7.20132900000004,45.6672859990001 7.20134300000007,45.6672319990001 7.20148500000005,45.667004999 7.20154800000006,45.6668569990001 7.20156500000007,45.6668099990001 7.20158700000007,45.6667879990001 7.20160200000004,45.666748999 7.20160000000004,45.666687999 7.20162200000004,45.666504999 7.20163900000006,45.666458999 7.20165200000002,45.6664279990001 7.20163600000006,45.6662979990001 7.20167200000003,45.666237999 7.20170400000006,45.6661829990001 7.20168900000004,45.666168999 7.20165100000003,45.665852999 7.20165400000008,45.6656359990001 7.20179400000006,45.665654999 7.20181100000002,45.6656179990001 7.20185700000008,45.6655309990001 7.20182800000003,45.665469999 7.20181300000007,45.6654089990001 7.20189600000003,45.6653519990001 7.20195000000007,45.6651889990001 7.20203700000008,45.6651669990001 7.20198100000005,45.665108999 7.20196300000003,45.6650329990001 7.20198200000004,45.664950999 7.20201800000007,45.6648789990001 7.20204000000007,45.664835999 7.20204100000007,45.664708999 7.20205100000004,45.664456999 7.20206000000007,45.664365999 7.20204400000006,45.6642849990001 7.20205800000002,45.6642419990001 7.20208300000007,45.664165999 7.20207600000003,45.6641099990001 7.20205700000002,45.6640649990001 7.20202200000006,45.6639939990001 7.20201800000007,45.663912999 7.20203600000002,45.6638659990001 7.20203200000003,45.663822999 7.20200300000005,45.663782999 7.20201900000006,45.6637289990001 7.20203200000003,45.6636839990001 7.20203300000003,45.663667999 7.20202500000005,45.663626999 7.20200800000003,45.6635739990001 7.20197700000006,45.6635269990001 7.20197600000006,45.663513999 7.20197500000006,45.663490999 7.20197900000005,45.663349999 7.20198400000004,45.663261999 7.20199100000002,45.6631339990001 7.20200300000005,45.663040999 7.20205800000002,45.662832999 7.20207500000004,45.662808999 7.20211300000005,45.662747999 7.20212300000003,45.6627129990001 7.20215100000007,45.6626729990001 7.20215500000006,45.6626169990001 7.20218800000004,45.6625779990001 7.20222400000006,45.662502999 7.20224100000007,45.662451999 7.20224900000005,45.6623759990001 7.20225100000005,45.662232999 7.20223100000004,45.6621269990001 7.20225500000004,45.6619449990001 7.20227900000003,45.661892999 7.20234200000004,45.661802999 7.20240200000006,45.6617189990001 7.20240000000007,45.661623999 7.20239800000007,45.661505999 7.20237600000007,45.661459999 7.20234400000004,45.6613589990001 7.20234400000004,45.661331999 7.20234900000003,45.6611099990001 7.20235300000007,45.6610709990001 7.20238600000005,45.6610209990001 7.20240900000005,45.660945999 7.20242400000006,45.6609159990001 7.20242100000007,45.6608879990001 7.20242500000006,45.660828999 7.20242000000007,45.6608009990001 7.20239100000003,45.660744999 7.20237100000003,45.660677999 7.20234300000004,45.6605479990001 7.20230800000007,45.6603949990001 7.20230600000002,45.6603439990001 7.20230600000002,45.6602859990001 7.20229900000004,45.6602579990001 7.20227600000004,45.660084999 7.20227200000005,45.6600749990001 7.20222400000006,45.6599469990001 7.20223700000003,45.659795999 7.20224500000006,45.659749999 7.20227200000005,45.659595999 7.20229400000005,45.6595409990001 7.20236200000005,45.659433999 7.20238200000006,45.659386999 7.20242900000005,45.659207999 7.20240600000005,45.6591739990001 7.20245900000003,45.6590429990001 7.20243100000005,45.658982999 7.20239000000004,45.658919999 7.20229600000005,45.6588819990001 7.20228600000007,45.6586989990001 7.20228600000007,45.658601999 7.20230900000007,45.658539999 7.20231500000006,45.6585029990001 7.20231000000007,45.658471999 7.20229500000005,45.6584369990001 7.20224800000005,45.6583189990001 7.20217700000006,45.6582319990001 7.20213300000006,45.658134999 7.20214300000004,45.6580689990001 7.20215100000007,45.6580059990001 7.20216100000005,45.657909999 7.20217200000008,45.657793999 7.20222000000007,45.6577529990001 7.20215100000007,45.657607999 7.20230100000003,45.657571999 7.20257900000007,45.6575149990001 7.20288800000003,45.6574669990001 7.20310500000005,45.657435999 7.20325700000006,45.657391999 7.20362600000004,45.657319999 7.20427800000004,45.6571919990001 7.20447100000007,45.6574399990001 7.20465500000006,45.6576449990001 7.20491400000003,45.658737999 7.20491800000002,45.658806999 7.20522000000005,45.658779999 7.20531100000005,45.6587709990001 7.20555900000005,45.658735999 7.20575500000007,45.6588789990001 7.20660200000003,45.658869999 7.20790100000005,45.658876999 7.20936100000006,45.658899999 7.21749200000005,45.6590909990001 7.22353900000007,45.6591829990001 7.23049000000003,45.6580569990001 7.23737000000006,45.6567009990001 7.23746300000005,45.656645999 7.23751500000003,45.656603999 7.23764000000006,45.656529999 7.23779200000007,45.656443999 7.23791300000005,45.656371999 7.23806300000007,45.6562289990001 7.23817900000006,45.656103999 7.23830200000003,45.655972999 7.23846800000007,45.655786999 7.23870000000005,45.6556239990001 7.23896600000006,45.6555019990001 7.23904800000003,45.6554649990001 7.23917100000006,45.655335999 7.23926600000004,45.6552419990001 7.23934700000007,45.6551509990001 7.23953300000005,45.6549629990001 7.23966700000005,45.654888999 7.23978500000004,45.6548309990001 7.23985700000003,45.6548059990001 7.24004000000002,45.6546949990001 7.24020300000007,45.654591999 7.24040400000007,45.654464999 7.24052900000004,45.6543809990001 7.24069200000002,45.6542689990001 7.24081000000007,45.6541989990001 7.24089700000007,45.6541149990001 7.24103300000007,45.6540219990001 7.24113100000005,45.6539279990001 7.24119700000006,45.6538649990001 7.24131400000005,45.653720999 7.24144400000006,45.653586999 7.24158400000005,45.653451999 7.24177400000002,45.653330999 7.24182600000006,45.653290999 7.24189600000005,45.653241999 7.24194600000004,45.6531619990001 7.24198300000006,45.6530739990001 7.24205800000004,45.6529439990001 7.24214300000006,45.652842999 7.24225400000006,45.6527429990001 7.24231300000002,45.652700999 7.24247900000006,45.652616999 7.24265800000006,45.652550999 7.24295300000006,45.652437999 7.24303000000003,45.6524039990001 7.24316400000004,45.6523589990001 7.24352000000005,45.6522399990001 7.24388500000003,45.6521089990001 7.24399000000005,45.652069999 7.24411900000007,45.652027999 7.24421100000006,45.6520179990001 7.24433700000003,45.651958999 7.24443800000006,45.651913999 7.24459000000007,45.6518349990001 7.24473700000004,45.651758999 7.24479200000007,45.6517069990001 7.24479300000007,45.6516749990001 7.24479000000002,45.651648999 7.24479100000002,45.6516109990001 7.24476000000004,45.6515409990001 7.24473300000005,45.651487999 7.24469500000004,45.6513859990001 7.24468400000006,45.6513399990001 7.24468100000007,45.651309999 7.24467300000003,45.6512729990001 7.24468700000006,45.6512319990001 7.24470100000002,45.651196999 7.24474300000003,45.651151999 7.24479200000007,45.651150999 7.24481900000006,45.6511429990001 7.24489200000005,45.6511569990001 7.24499100000003,45.651195999 7.24507200000005,45.6512349990001 7.24521500000003,45.6512949990001 7.24533900000006,45.6513259990001 7.24538400000006,45.651335999 7.24550600000003,45.651281999 7.24558900000005,45.6512119990001 7.24566700000003,45.651150999 7.24577500000004,45.6510269990001 7.24595100000005,45.6509999990001 7.24613300000004,45.6509359990001 7.24633200000005,45.6508419990001 7.24666800000006,45.6506429990001 7.24687300000005,45.650515999 7.24711100000007,45.650381999 7.24731000000003,45.6502879990001 7.24742300000003,45.6502449990001 7.24769000000003,45.6501929990001 7.24799400000006,45.6501459990001 7.24828100000008,45.650116999 7.24859000000004,45.650068999 7.24881900000003,45.650050999 7.24911600000007,45.6500359990001 7.24936200000008,45.650002999 7.24972400000007,45.649937999 7.25006600000006,45.6498609990001 7.25029600000005,45.6498129990001 7.25046800000007,45.649755999 7.25066600000002,45.6496809990001 7.25083800000004,45.649600999 7.25101600000005,45.649532999 7.25119700000005,45.649502999 7.25138800000008,45.649486999 7.25154700000007,45.6494929990001 7.25171300000005,45.6494749990001 7.25194000000005,45.6494749990001 7.25211500000006,45.6494759990001 7.25267900000006,45.6494779990001 7.25270100000006,45.6494679990001 7.25282000000004,45.6494479990001 7.25281800000005,45.6494069990001 7.25315400000005,45.6492959990001 7.25327000000004,45.649299999 7.25326800000005,45.649283999 7.25346200000007,45.6492879990001 7.25350100000003,45.649277999 7.25510700000007,45.6490649990001 7.25544600000006,45.6490179990001 7.25544500000007,45.648854999 7.25545900000003,45.648723999 7.25545700000004,45.6486849990001 7.25551000000007,45.648453999 7.25551900000005,45.6484209990001 7.25555400000007,45.6483299990001 7.25561200000004,45.648245999 7.25565100000006,45.6481939990001 7.25568300000003,45.6481659990001 7.25572300000005,45.6481499990001 7.25576900000004,45.6481259990001 7.25580600000006,45.6481179990001 7.25590400000004,45.648111999 7.25598700000006,45.648106999 7.25604100000004,45.648110999 7.25611300000003,45.6481169990001 7.25614500000006,45.6481429990001 7.25618900000006,45.6481639990001 7.25623600000006,45.6481949990001 7.25628100000006,45.648264999 7.25633300000004,45.6483729990001 7.25638900000007,45.6485059990001 7.25642600000003,45.648586999 7.25650000000007,45.6486899990001 7.25654800000007,45.648742999 7.25660800000003,45.648807999 7.25671100000005,45.648833999 7.25681100000003,45.648835999 7.25748200000004,45.6487929990001 7.25767300000007,45.6487779990001 7.25791800000007,45.648763999 7.25804300000004,45.6487549990001 7.25814300000008,45.648743999 7.25825000000003,45.6487519990001 7.25837800000005,45.6487539990001 7.25847800000003,45.6487529990001 7.25860200000005,45.648745999 7.25870600000007,45.648743999 7.25886400000007,45.648714999 7.25896500000005,45.648692999 7.25906400000002,45.648676999 7.25918100000007,45.648675999 7.25942100000003,45.6486869990001 7.25956700000006,45.648676999 7.25973600000003,45.648669999 7.25995800000004,45.648656999 7.26013800000004,45.648647999 7.26032900000007,45.648652999 7.26076800000004,45.6486389990001 7.26098800000005,45.6486369990001 7.26124300000004,45.6486239990001 7.26139200000006,45.6486169990001 7.26150400000006,45.6486209990001 7.26166800000004,45.6486139990001 7.26185100000004,45.648606999 7.26202400000005,45.6485999990001 7.26212300000003,45.6485969990001 7.26212000000004,45.6485539990001 7.26211700000005,45.6484319990001 7.26211200000006,45.6483289990001 7.26210000000003,45.648197999 7.26210200000003,45.648178999 7.26209000000006,45.647995999 7.26188900000005,45.6471739990001 7.26194500000003,45.6470709990001 7.26202600000005,45.6469969990001 7.26207800000003,45.646913999 7.26208200000002,45.6469079990001 7.26208600000007,45.646896999 7.26209400000005,45.646874999 7.26209000000006,45.6466629990001 7.26207400000004,45.646449999 7.26216500000004,45.646399999 7.26226300000008,45.6463719990001 7.26241600000003,45.646359999 7.26250900000002,45.646378999 7.26263300000005,45.6463659990001 7.26267600000006,45.6463249990001 7.26280000000003,45.6462939990001 7.26288600000004,45.6462779990001 7.26300400000002,45.646287999 7.26310900000004,45.6463199990001 7.26328300000006,45.6463279990001 7.26349900000002,45.6463429990001 7.26371500000005,45.646352999 7.26385200000004,45.6463399990001 7.26392900000008,45.646313999 7.26407900000004,45.6462719990001 7.26414700000004,45.646260999 7.26426100000003,45.646268999 7.26431100000002,45.646292999 7.26439000000005,45.6463479990001 7.26445700000005,45.6463699990001 7.26455900000008,45.6463709990001 7.26465700000006,45.646354999 7.26478100000003,45.6463239990001 7.26486300000005,45.646310999 7.26497300000005,45.6463029990001 7.26505300000002,45.6463189990001 7.26505200000003,45.6463639990001 7.26498300000003,45.6463869990001 7.26486800000004,45.646423999 7.26478100000003,45.646472999 7.26466100000005,45.6465219990001 7.26453100000003,45.646584999 7.26443300000005,45.6466169990001 7.26432600000004,45.646629999 7.26427100000006,45.6466409990001 7.26433400000008,45.6466569990001 7.26455900000008,45.646665999 7.26464000000004,45.646646999 7.26480200000003,45.646606999 7.26502100000005,45.6465509990001 7.26523500000008,45.646494999 7.26537200000007,45.6464519990001 7.26549100000005,45.646426999 7.26558000000006,45.6464379990001 7.26560900000004,45.6464769990001 7.26558600000004,45.6465239990001 7.26554200000004,45.646558999 7.26544400000006,45.6465899990001 7.26528900000005,45.646649999 7.26518600000003,45.6467049990001 7.26511200000004,45.6467489990001 7.26510200000007,45.646801999 7.26516100000003,45.6468149990001 7.26522500000004,45.6467919990001 7.26533300000006,45.6467519990001 7.26543200000003,45.6467059990001 7.26551800000004,45.646671999 7.26565500000004,45.6466379990001 7.26573100000007,45.646647999 7.26585300000005,45.646673999 7.26593300000008,45.6466779990001 7.26603100000005,45.6466799990001 7.26619800000003,45.6466399990001 7.26643000000007,45.6465429990001 7.26660600000002,45.646491999 7.26673400000004,45.6464519990001 7.26681200000007,45.6463939990001 7.26695000000007,45.6463209990001 7.26711400000005,45.6462579990001 7.26718600000004,45.646261999 7.26725300000004,45.646286999 7.26724700000005,45.646337999 7.26722000000007,45.6463699990001 7.26714300000003,45.6464109990001 7.26703500000002,45.6464749990001 7.26693100000006,45.6465469990001 7.26682300000004,45.646607999 7.26679600000006,45.646646999 7.26679900000005,45.6466789990001 7.26682000000005,45.6466859990001 7.26686800000004,45.6466649990001 7.26696300000003,45.646600999 7.26707100000004,45.6465519990001 7.26722100000006,45.646491999 7.26731900000004,45.6464819990001 7.26742200000007,45.646447999 7.26747800000004,45.6464069990001 7.26752900000002,45.646288999 7.26758200000006,45.6461909990001 7.26759800000002,45.646086999 7.26757200000003,45.6459829990001 7.26760800000005,45.6459149990001 7.26764200000002,45.6458659990001 7.26766100000003,45.645837999 7.26780000000002,45.6457419990001 7.26798300000007,45.6455839990001 7.26823100000007,45.6453819990001 7.26847400000003,45.6452129990001 7.26863300000002,45.6451469990001 7.26887900000003,45.645028999 7.26905100000005,45.6449449990001 7.26930900000002,45.644850999 7.26954400000005,45.644782999 7.26972400000005,45.6447499990001 7.26987700000006,45.6447259990001 7.27010400000006,45.6446499990001 7.27019800000005,45.644621999 7.27034900000007,45.644486999 7.27075400000007,45.644373999 7.27107400000006,45.644553999 7.27127500000006,45.6447419990001 7.27139300000005,45.644850999 7.27139600000004,45.644849999 7.27146400000004,45.6449079990001 7.27165800000006,45.6448089990001 7.27179600000005,45.6447069990001 7.27208700000006,45.6446159990001 7.27242500000006,45.6445209990001 7.27260900000005,45.644468999 7.27309500000007,45.644438999 7.27329400000002,45.644437999 7.27348100000006,45.644419999 7.27379600000006,45.644397999 7.27393200000006,45.644378999 7.27405700000003,45.6443889990001 7.27431800000005,45.6443849990001 7.27466300000003,45.644348999 7.27536500000002,45.644173999 7.27617600000002,45.644016999 7.27662500000002,45.6440479990001 7.27685700000006,45.644077999 7.27724600000005,45.644124999 7.27742900000004,45.644124999 7.27771200000007,45.6440989990001 7.27799500000003,45.6440499990001 7.27835000000005,45.6439629990001 7.27853000000005,45.6439129990001 7.27875600000004,45.6438679990001 7.27900700000004,45.6438479990001 7.27932900000008,45.643876999 7.27955700000007,45.6439109990001 7.28016800000006,45.643986999 7.28071600000004,45.6440469990001 7.28102100000007,45.644056999 7.28114900000003,45.644038999 7.28143400000005,45.644018999 7.28169600000007,45.6439789990001 7.28197400000005,45.643987999 7.28228000000007,45.643992999 7.28256900000002,45.643964999 7.28284700000006,45.643905999 7.28323000000006,45.643812999 7.28360700000007,45.643738999 7.28385000000003,45.6436919990001 7.28412900000006,45.6436899990001 7.28437800000006,45.6436829990001 7.28468200000003,45.6436929990001 7.28499700000003,45.643679999 7.28526200000005,45.6436899990001 7.28556100000003,45.6436819990001 7.28576900000007,45.6436879990001 7.28614100000004,45.643725999 7.28639600000002,45.643762999 7.28654900000004,45.643784999 7.28668600000003,45.6438029990001 7.28685200000007,45.643942999 7.28706900000003,45.6442109990001 7.28720300000003,45.6443879990001 7.28731300000004,45.6445389990001 7.28739000000007,45.6446529990001 7.28746500000005,45.6447199990001 7.28771500000005,45.644734999 7.28799700000008,45.644716999 7.28839900000003,45.644688999 7.28866600000003,45.6447259990001 7.28901200000007,45.6447639990001 7.28939800000006,45.6447959990001 7.28964700000006,45.6448109990001 7.28982800000006,45.644801999 7.29015100000004,45.6447179990001 7.29046000000005,45.6446069990001 7.29076400000002,45.6444979990001 7.29101200000002,45.6444329990001 7.29126400000007,45.644397999 7.29153300000007,45.644333999 7.29179300000004,45.6442229990001 7.29236300000002,45.6439629990001 7.29297300000007,45.643807999 7.29338400000006,45.643649999 7.29374600000006,45.6434679990001 7.29407300000003,45.643317999 7.29433100000006,45.6431939990001 7.29456500000003,45.6430339990001 7.29436100000004,45.6428489990001 7.29409700000002,45.642572999 7.29398100000003,45.642435999 7.29393000000005,45.642297999 7.29393100000004,45.6421339990001 7.29392300000006,45.6419709990001 7.29389800000007,45.641808999 7.29385600000006,45.641647999 7.29381500000005,45.641173999 7.29392900000005,45.641062999 7.29411300000004,45.6410119990001 7.29431100000005,45.640930999 7.29453000000007,45.6408509990001 7.29474000000005,45.6407859990001 7.29496200000006,45.640726999 7.29517500000003,45.6406489990001 7.29527900000005,45.6406209990001 7.29550800000004,45.6404849990001 7.29569900000007,45.640368999 7.29594700000007,45.640029999 7.29620300000005,45.639688999 7.29616500000003,45.6391189990001 7.29615400000006,45.6386429990001 7.29613800000004,45.6384669990001 7.29614100000003,45.638383999 7.29617800000005,45.6383799990001 7.29624100000007,45.6383749990001 7.29630500000007,45.6383699990001 7.29636800000003,45.638363999 7.29643100000004,45.638357999 7.29649400000005,45.6383499990001 7.29655700000006,45.638340999 7.29661900000002,45.6383319990001 7.29668200000003,45.638320999 7.29674300000005,45.6383099990001 7.29680500000006,45.638297999 7.29686600000002,45.6382849990001 7.29692700000004,45.638270999 7.29698700000006,45.6382559990001 7.29704700000002,45.6382409990001 7.29710700000004,45.638223999 7.29716600000006,45.638206999 7.29722400000003,45.6381889990001 7.29728200000005,45.6381699990001 7.29733900000002,45.6381499990001 7.29739600000005,45.6381299990001 7.29745200000002,45.6381089990001 7.29750800000005,45.6380859990001 7.29756300000003,45.6380639990001 7.29761700000006,45.6380399990001 7.29767100000004,45.6380149990001 7.29772400000007,45.6379899990001 7.29777600000006,45.6379639990001 7.29782700000004,45.637937999 7.29787800000003,45.637909999 7.29792800000007,45.6378819990001 7.29797700000006,45.6378529990001 7.29802500000005,45.637823999 7.29807200000005,45.6377939990001 7.29811800000004,45.6377629990001 7.29816400000004,45.637730999 7.29820800000005,45.6376989990001 7.29825200000005,45.637665999 7.29829500000005,45.6376329990001 7.29833600000006,45.637598999 7.29837700000007,45.6375639990001 7.29841700000003,45.637528999 7.29845600000004,45.6374939990001 7.29849300000006,45.6374569990001 7.29853000000003,45.637420999 7.29856600000005,45.6373829990001 7.29860000000002,45.637345999 7.29863300000005,45.637306999 7.29864300000003,45.6372919990001 7.29865400000006,45.6372759990001 7.29866600000003,45.637260999 7.29867900000005,45.6372459990001 7.29869300000007,45.6372319990001 7.29870800000003,45.637218999 7.29872400000005,45.6372059990001 7.29874100000006,45.637192999 7.29875900000008,45.6371809990001 7.29877800000003,45.637169999 7.29879700000004,45.6371599990001 7.29881800000004,45.637149999 7.29883900000004,45.6371409990001 7.29886000000005,45.6371329990001 7.29888200000005,45.637125999 7.29890500000005,45.6371189990001 7.29892800000005,45.6371129990001 7.29895200000004,45.6371079990001 7.29897600000004,45.637103999 7.29900000000004,45.637100999 7.29902400000003,45.637098999 7.29904900000002,45.637097999 7.29907300000002,45.6370969990001 7.29909800000007,45.637097999 7.29912200000007,45.637098999 7.29914700000006,45.637100999 7.29917100000006,45.637103999 7.29919500000005,45.6371079990001 7.29921800000005,45.6371129990001 7.29924100000005,45.6371179990001 7.29926400000005,45.637124999 7.29928700000005,45.6371319990001 7.29930800000005,45.6371399990001 7.29932900000006,45.637148999 7.29936600000002,45.637167999 7.29940400000004,45.6371859990001 7.29944200000006,45.6372039990001 7.29948100000007,45.6372209990001 7.29952100000003,45.637236999 7.29956100000004,45.6372519990001 7.29960200000005,45.6372659990001 7.29964300000006,45.637279999 7.29968500000007,45.6372929990001 7.29972700000008,45.637304999 7.29977000000002,45.6373159990001 7.29981400000003,45.637325999 7.29985700000003,45.6373359990001 7.29990100000003,45.6373439990001 7.29994600000003,45.637351999 7.29999000000004,45.6373589990001 7.30003500000004,45.6373649990001 7.30008000000004,45.637369999 7.30012600000003,45.637374999 7.30017100000003,45.6373779990001 7.30021700000003,45.6373799990001 7.30026200000003,45.6373819990001 7.30030800000003,45.6373829990001 7.30035400000003,45.6373829990001 7.30040000000002,45.6373819990001 7.30044500000002,45.6373799990001 7.30049100000002,45.637376999 7.30053600000002,45.637372999 7.30058100000002,45.637367999 7.30062700000008,45.6373629990001 7.30067100000002,45.6373569990001 7.30071600000002,45.637348999 7.30076000000003,45.6373409990001 7.30080400000003,45.637331999 7.30083700000006,45.6373219990001 7.30087100000003,45.6373129990001 7.30090500000006,45.637303999 7.30093900000003,45.6372959990001 7.30097400000005,45.6372889990001 7.30100900000002,45.637282999 7.30104500000004,45.637277999 7.30108000000007,45.6372729990001 7.30111600000004,45.6372699990001 7.30115200000006,45.6372669990001 7.30118900000002,45.6372659990001 7.30122500000004,45.6372649990001 7.30126100000007,45.6372649990001 7.30129700000003,45.6372659990001 7.30133300000006,45.6372679990001 7.30136900000002,45.6372709990001 7.30140500000005,45.6372739990001 7.30144100000007,45.637278999 7.30147600000004,45.637283999 7.30151100000006,45.6372909990001 7.30154600000003,45.6372979990001 7.30158000000006,45.637305999 7.30161400000003,45.6373149990001 7.30164800000006,45.637323999 7.30168100000003,45.6373349990001 7.30171300000006,45.637345999 7.30174500000004,45.6373579990001 7.30177600000007,45.637370999 7.30180700000005,45.6373849990001 7.30183700000003,45.637398999 7.30186600000008,45.637413999 7.30189400000006,45.6374299990001 7.30192200000005,45.6374469990001 7.30194900000004,45.637463999 7.30197400000003,45.637481999 7.30199900000002,45.6374999990001 7.30202300000008,45.6375189990001 7.30204600000008,45.6375389990001 7.30206800000008,45.6375589990001 7.30357700000008,45.638495999 7.30361400000004,45.638521999 7.30367000000007,45.6384429990001 7.30379600000003,45.638403999 7.30402800000007,45.638250999 7.30408200000005,45.638254999 7.30418400000002,45.638183999 7.30431200000004,45.638159999 7.30440200000004,45.6381499990001 7.30443600000007,45.6381229990001 7.30450100000007,45.6381029990001 7.30454700000007,45.6380979990001 7.30461200000008,45.638068999 7.30469300000004,45.638070999 7.30470900000006,45.638091999 7.30477300000007,45.638065999 7.30476600000003,45.6380389990001 7.30483000000004,45.6380129990001 7.30489000000006,45.637998999 7.30493200000006,45.6380119990001 7.30497100000002,45.6379699990001 7.30506100000002,45.637953999 7.30510000000004,45.6379189990001 7.30517200000003,45.6379199990001 7.30524900000006,45.6378999990001 7.30529700000005,45.637870999 7.30546000000004,45.637819999 7.30556600000006,45.637800999 7.30576100000008,45.6376819990001 7.30594200000007,45.6375829990001 7.30610200000007,45.6374989990001 7.30622700000004,45.637420999 7.30640300000005,45.637348999 7.30666600000006,45.637233999 7.30693600000006,45.6371179990001 7.30718100000007,45.6370239990001 7.30740000000003,45.636943999 7.30761400000006,45.636895999 7.30778800000007,45.636871999 7.30792000000002,45.6368649990001 7.30808100000007,45.6368679990001 7.30823000000004,45.6368429990001 7.30848100000003,45.636828999 7.30867700000005,45.636810999 7.30883000000006,45.6367949990001 7.30900500000007,45.636761999 7.30910800000004,45.6367249990001 7.30919200000005,45.636633999 7.30942700000003,45.6365539990001 7.30959800000005,45.6365089990001 7.30976200000003,45.6364339990001 7.30986100000007,45.6363879990001 7.31003700000002,45.636312999 7.31019600000008,45.636249999 7.31030800000002,45.636197999 7.31043700000004,45.6361429990001 7.31060100000008,45.6360559990001 7.31067800000005,45.6360279990001 7.31083400000006,45.6359169990001 7.31098600000007,45.6358059990001 7.31112000000007,45.635706999 7.31123400000007,45.6356009990001 7.31137900000004,45.6354519990001 7.31144000000006,45.635371999 7.31153600000005,45.635295999 7.31167600000003,45.635163999 7.31181000000004,45.635076999 7.31195600000007,45.635010999 7.31215800000007,45.6349299990001 7.31234700000005,45.6348649990001 7.31247100000007,45.634824999 7.31254800000005,45.6347929990001 7.31258700000006,45.6347669990001 7.31274600000006,45.634715999 7.31284000000005,45.6346779990001 7.31312600000007,45.6346169990001 7.31329700000003,45.634583999 7.31345100000004,45.6345479990001 7.31354900000002,45.6345249990001 7.31371500000006,45.634530999 7.31388900000007,45.6345059990001 7.31410300000005,45.6344559990001 7.31430400000005,45.6344079990001 7.31443600000006,45.6343719990001 7.31449200000003,45.6343609990001 7.31465800000007,45.634353999 7.31480400000004,45.6342999990001 7.31495400000006,45.6342269990001 7.31514300000003,45.6341589990001 7.31528500000007,45.6340949990001 7.31540100000007,45.6340289990001 7.31551900000005,45.633925999 7.31565800000004,45.6338089990001 7.31575100000003,45.6337089990001 7.31583800000004,45.6336239990001 7.31596300000007,45.6335549990001 7.31609000000003,45.633434999 7.31621100000007,45.6333529990001 7.31632800000006,45.6332859990001 7.31641800000006,45.633230999 7.31651300000004,45.6331759990001 7.31655800000004,45.6331049990001 7.31663100000003,45.633075999 7.31667400000003,45.633046999 7.31674400000003,45.6329979990001 7.31677900000005,45.632932999 7.31681500000008,45.632870999 7.31689400000005,45.632796999 7.31701100000004,45.632715999 7.31715700000007,45.632640999 7.31723100000005,45.632578999 7.31736800000004,45.6325449990001 7.31745800000004,45.632504999 7.31754800000004,45.632485999 7.31764200000003,45.6324509990001 7.31767800000006,45.632391999 7.31778100000002,45.6323459990001 7.31788000000006,45.6323119990001 7.31797900000004,45.632256999 7.31812600000006,45.6321789990001 7.31823300000002,45.632128999 7.31836900000008,45.6320029990001 7.31847300000004,45.6319099990001 7.31851800000004,45.631829999 7.31855400000006,45.6317829990001 7.31864500000006,45.6317099990001 7.31870100000003,45.6316899990001 7.31880100000006,45.631586999 7.31887200000006,45.6315019990001 7.31892800000003,45.6314569990001 7.31912500000004,45.631409999 7.31928700000003,45.6312189990001 7.31937000000005,45.631139999 7.31948500000004,45.6310139990001 7.31959400000005,45.630889999 7.31973000000005,45.630754999 7.31984000000006,45.630613999 7.31994900000007,45.630522999 7.32004600000005,45.630411999 7.32011100000005,45.6302249990001 7.32013400000005,45.6300229990001 7.32011900000003,45.629674999 7.32010900000006,45.629554999 7.32016600000003,45.6293719990001 7.32016500000003,45.6292579990001 7.32016100000004,45.6291209990001 7.32019200000008,45.6289189990001 7.32025000000004,45.6288099990001 7.32026200000007,45.6286939990001 7.32030300000002,45.6286059990001 7.32035300000007,45.6285109990001 7.32053700000006,45.6283049990001 7.32075500000008,45.628120999 7.32082500000007,45.628050999 7.32117900000003,45.627849999 7.32123600000006,45.6277709990001 7.32137400000005,45.6276979990001 7.32149100000004,45.6276169990001 7.32158600000002,45.6275709990001 7.32173300000005,45.6274789990001 7.32186200000007,45.6274319990001 7.32211400000006,45.6273639990001 7.32230600000003,45.627312999 7.32249900000005,45.627264999 7.32260100000008,45.6272549990001 7.32279700000004,45.6272039990001 7.32306400000004,45.627103999 7.32316300000002,45.6270489990001 7.32330100000007,45.6269619990001 7.32337600000005,45.626884999 7.32345900000007,45.626790999 7.32353600000005,45.6267599990001 7.32360100000005,45.626721999 7.32367200000004,45.626633999 7.32379700000007,45.626545999 7.32395800000006,45.6264239990001 7.32405700000004,45.626382999 7.32422400000007,45.6263019990001 7.32441300000005,45.6262339990001 7.32464500000003,45.6261539990001 7.32482000000005,45.6260999990001 7.32506900000004,45.626022999 7.32530400000007,45.625957999 7.32543700000002,45.625908999 7.32563300000004,45.625867999 7.32572400000004,45.625826999 7.32587300000006,45.6257939990001 7.32596800000005,45.625750999 7.32615600000003,45.6256939990001 7.32629800000007,45.6256359990001 7.32637400000004,45.6256289990001 7.32651500000003,45.625594999 7.32661300000007,45.6255809990001 7.32677200000006,45.6255239990001 7.32688000000007,45.6254509990001 7.32696200000004,45.625419999 7.32703500000002,45.625375999 7.32713600000005,45.625284999 7.32719200000003,45.6252529990001 7.32725700000003,45.625194999 7.32731900000005,45.6251089990001 7.32743800000003,45.624947999 7.32739400000003,45.624851999 7.32733800000005,45.6247579990001 7.32734900000003,45.624674999 7.32738900000004,45.6245979990001 7.32748100000003,45.6245109990001 7.32754700000004,45.624430999 7.32758600000005,45.6242769990001 7.32765700000004,45.6241469990001 7.32772400000005,45.6240529990001 7.32781100000005,45.6239819990001 7.32798400000007,45.6238569990001 7.32814500000006,45.6237139990001 7.32839300000006,45.623529999 7.32857100000007,45.623394999 7.32876200000004,45.6232399990001 7.32896700000003,45.623052999 7.32911700000005,45.622988999 7.32945200000006,45.622850999 7.32966300000004,45.6227469990001 7.32981900000004,45.622627999 7.32995800000003,45.6225279990001 7.33007700000007,45.6223899990001 7.33016900000007,45.622283999 7.33018900000008,45.622197999 7.33017400000006,45.622126999 7.33020600000003,45.622040999 7.33023700000007,45.6218539990001 7.33027400000003,45.6216009990001 7.33035400000006,45.6214859990001 7.33045900000008,45.6213929990001 7.33052900000007,45.6212919990001 7.33066500000007,45.621162999 7.33078200000006,45.6210549990001 7.33086000000003,45.621005999 7.33101600000003,45.620909999 7.33119700000003,45.620825999 7.33148700000004,45.6207469990001 7.33169700000008,45.6206719990001 7.33186000000006,45.6206149990001 7.33202700000004,45.620578999 7.33216300000004,45.620574999 7.33224800000005,45.620549999 7.33233500000006,45.6204999990001 7.33239000000003,45.6204919990001 7.33253900000005,45.620487999 7.33266900000007,45.620487999 7.33281900000003,45.6204519990001 7.33298300000007,45.620420999 7.33313500000003,45.620349999 7.33324100000004,45.6203129990001 7.33338600000008,45.6202289990001 7.33344100000005,45.6201869990001 7.33352800000006,45.6201389990001 7.33360100000004,45.620079999 7.33366000000007,45.6200429990001 7.33369200000004,45.619992999 7.33375800000005,45.619924999 7.33381800000006,45.619832999 7.33388500000007,45.6197579990001 7.33390400000008,45.6196869990001 7.33392700000007,45.6196179990001 7.33395600000006,45.619544999 7.33394000000004,45.6195089990001 7.33398300000005,45.6194429990001 7.33398200000005,45.6193689990001 7.33400100000006,45.6193019990001 7.33399100000003,45.619268999 7.33402400000006,45.619180999 7.33401900000007,45.619130999 7.33407600000004,45.619041999 7.33412700000002,45.6189399990001 7.33414500000003,45.6188809990001 7.33419600000008,45.618773999 7.33424900000006,45.6186959990001 7.33427100000006,45.618641999 7.33434900000003,45.6185429990001 7.33438100000006,45.6184769990001 7.33443000000005,45.6184279990001 7.33449100000007,45.6183359990001 7.33453300000002,45.6182929990001 7.33460200000007,45.6182419990001 7.33460700000006,45.6181819990001 7.33467000000007,45.6181289990001 7.33475700000002,45.6180419990001 7.33478400000007,45.6179539990001 7.33480600000007,45.617894999 7.33484700000002,45.6178619990001 7.33489000000003,45.617785999 7.33495300000004,45.6177279990001 7.33500900000007,45.617670999 7.33513700000003,45.617601999 7.33518200000003,45.617580999 7.33530000000007,45.617579999 7.33544000000006,45.6175679990001 7.33561200000003,45.6174749990001 7.33571200000006,45.617443999 7.33581200000003,45.617380999 7.33596100000005,45.6172779990001 7.33608000000004,45.617153999 7.33620900000005,45.6170289990001 7.33628200000004,45.6169659990001 7.33641400000005,45.616886999 7.33647600000006,45.616842999 7.33655900000002,45.6167839990001 7.33660800000007,45.616729999 7.33664800000003,45.6166519990001 7.33668400000005,45.616568999 7.33672000000007,45.6165179990001 7.33679200000006,45.6164709990001 7.33686600000004,45.6164029990001 7.33690100000007,45.6163509990001 7.33695300000005,45.6163089990001 7.33700200000004,45.6162689990001 7.33701800000006,45.6161959990001 7.33703000000003,45.616114999 7.33708700000005,45.6160389990001 7.33719200000007,45.6159289990001 7.33727800000003,45.6158779990001 7.33734400000003,45.6158339990001 7.33739300000008,45.6157869990001 7.33744500000006,45.6157469990001 7.33751700000005,45.615730999 7.33765800000003,45.615663999 7.33775400000007,45.615624999 7.33781600000003,45.6155899990001 7.33794300000005,45.6155469990001 7.33802900000006,45.6155169990001 7.33815900000008,45.615468999 7.33825200000007,45.615415999 7.33839100000006,45.615329999 7.33848000000006,45.615282999 7.33851800000002,45.615264999 7.33861600000006,45.615175999 7.33869900000008,45.6151219990001 7.33876800000007,45.615079999 7.33881700000006,45.6150259990001 7.33888100000007,45.614943999 7.33898800000003,45.6148739990001 7.33910500000007,45.614815999 7.33929600000005,45.614763999 7.33948800000007,45.614721999 7.33961700000003,45.6146949990001 7.33975800000007,45.6146609990001 7.33991800000007,45.614629999 7.34003000000007,45.614612999 7.34013900000002,45.6145999990001 7.34023200000007,45.6145559990001 7.34033500000004,45.6145289990001 7.34037900000004,45.614517999 7.34059000000002,45.614520999 7.34070900000006,45.614500999 7.34087900000003,45.6144919990001 7.34100800000004,45.614476999 7.34114100000005,45.614471999 7.34123000000005,45.614453999 7.34130600000003,45.614411999 7.34141600000004,45.614363999 7.34147400000006,45.614321999 7.34153100000003,45.6142629990001 7.34156300000006,45.6142139990001 7.34160200000002,45.6141309990001 7.34164200000004,45.614049999 7.34168500000004,45.6139629990001 7.34174200000007,45.6138799990001 7.34176800000006,45.613801999 7.34185200000007,45.6137009990001 7.34193700000003,45.6135809990001 7.34198000000004,45.6135239990001 7.34203900000006,45.6134919990001 7.34207700000007,45.6134539990001 7.34209500000003,45.6134049990001 7.34214800000007,45.6133549990001 7.34223600000007,45.6132519990001 7.34232000000003,45.613166999 7.34243800000007,45.613077999 7.34256500000004,45.6130039990001 7.34270400000003,45.612917999 7.34278700000004,45.612852999 7.34283600000003,45.612788999 7.34288300000003,45.6127089990001 7.34293900000006,45.612627999 7.34296300000005,45.6125069990001 7.34296000000006,45.612399999 7.34298300000006,45.6123079990001 7.34300200000007,45.6122169990001 7.34306300000003,45.6121279990001 7.34313200000003,45.6120759990001 7.34317800000002,45.6120289990001 7.34327000000008,45.6119899990001 7.34336300000007,45.6119649990001 7.34348700000004,45.611911999 7.34356300000007,45.6118519990001 7.34368700000005,45.611771999 7.34375700000004,45.611703999 7.34385600000007,45.611571999 7.34392300000007,45.6114969990001 7.34400900000003,45.611438999 7.34407500000003,45.611389999 7.34419000000003,45.6113059990001 7.34431400000005,45.611233999 7.34439400000002,45.6111799990001 7.34452500000003,45.611093999 7.34461600000003,45.6110209990001 7.34468900000007,45.6109459990001 7.34480400000007,45.610854999 7.34494100000006,45.6107879990001 7.34507800000006,45.6107469990001 7.34524600000003,45.610710999 7.34542300000004,45.6106759990001 7.34559000000007,45.6106399990001 7.34570000000002,45.6106129990001 7.34580500000004,45.610600999 7.34588000000002,45.6105919990001 7.34600700000004,45.610552999 7.34609600000005,45.6105209990001 7.34618800000004,45.6105039990001 7.34632200000004,45.6104579990001 7.34642200000008,45.6104089990001 7.34652200000005,45.6103439990001 7.34659800000003,45.610285999 7.34661700000004,45.610237999 7.34664000000004,45.6101389990001 7.34664600000002,45.6100459990001 7.34666500000003,45.609878999 7.34668500000004,45.609769999 7.34673900000007,45.609660999 7.34679300000005,45.609566999 7.34685300000007,45.6094919990001 7.34685100000007,45.6094419990001 7.34687500000007,45.609300999 7.34687900000006,45.6091679990001 7.34689000000003,45.6090209990001 7.34691700000008,45.6089209990001 7.34702400000003,45.6088559990001 7.34722700000003,45.608760999 7.34732400000007,45.6086959990001 7.34756800000002,45.608577999 7.34767200000005,45.6085029990001 7.34775900000005,45.6084309990001 7.34790800000007,45.6083209990001 7.34800600000005,45.608236999 7.34809000000007,45.608144999 7.34811500000006,45.607992999 7.34814200000005,45.6078649990001 7.34821000000005,45.6077509990001 7.34827600000006,45.6075949990001 7.34835100000004,45.6074679990001 7.34840700000007,45.6073069990001 7.34817900000007,45.606823999 7.34822500000007,45.6065859990001 7.34825200000006,45.6064969990001 7.34827100000007,45.6060899990001 7.34829300000007,45.6059289990001 7.34830800000003,45.6058209990001 7.34830900000003,45.6057029990001 7.34839100000005,45.605695999 7.34846100000004,45.6055969990001 7.34849900000006,45.6055419990001 7.34850900000004,45.6054999990001 7.34857700000003,45.605263999 7.34840800000006,45.6052309990001 7.34851900000007,45.604949999 7.34873200000004,45.604518999 7.34882400000004,45.6043119990001 7.34859400000005,45.6042409990001 7.34857400000004,45.6042149990001 7.34856500000006,45.6042019990001 7.34861900000004,45.6038109990001 7.34857300000004,45.603715999 7.34858700000007,45.6034109990001 7.34876500000007,45.603130999 7.34887200000003,45.603041999 7.34888600000005,45.6028259990001 7.34891400000004,45.6028269990001 7.34892200000007,45.6027619990001 7.34891300000004,45.6026179990001 7.34887400000002,45.602564999 7.34892800000006,45.602478999 7.34894000000003,45.602450999 7.34896300000003,45.6024009990001 7.34899500000006,45.602334999 7.34913700000004,45.6022779990001 7.34912200000002,45.602206999 7.34925100000004,45.6021909990001 7.34928800000006,45.6021459990001 7.34941900000007,45.602162999 7.34943900000007,45.6021319990001 7.34946300000007,45.601935999 7.34943900000007,45.601886999 7.34944400000006,45.6018309990001 7.34947300000005,45.6018279990001 7.34952800000002,45.6018539990001 7.34957700000007,45.6016759990001 7.34945300000004,45.601573999 7.34961300000003,45.6013429990001 7.34977800000007,45.6013659990001 7.34984900000006,45.601277999 7.34984900000006,45.6011349990001 7.34994100000006,45.601149999 7.35000500000007,45.6014899990001 7.35000700000006,45.6014899990001 7.35008600000003,45.601164999 7.35010300000005,45.601036999 7.35012500000005,45.6008919990001 7.35014500000005,45.600767999 7.35020300000002,45.600651999 7.35027800000006,45.600517999 7.35033500000003,45.600425999 7.35037400000004,45.6003669990001 7.35047400000008,45.600312999 7.35056400000008,45.6002569990001 7.35066100000006,45.6001869990001 7.35076800000007,45.6001389990001 7.35085400000003,45.600089999 7.35093700000004,45.6000269990001 7.35102800000004,45.599927999 7.35109500000004,45.5998459990001 7.35113400000006,45.599772999 7.35118400000005,45.5997109990001 7.35124300000007,45.5996529990001 7.35124700000006,45.5995389990001 7.35142900000005,45.5995379990001 7.35143200000005,45.5995389990001 7.35143300000004,45.5995379990001 7.35153400000007,45.5995639990001 7.35158700000005,45.5995769990001 7.35172900000003,45.599612999 7.35178600000006,45.5996279990001 7.35187000000008,45.5996439990001 7.35194100000007,45.599700999 7.35213700000003,45.5996779990001 7.35228000000006,45.5996549990001 7.35238000000004,45.599639999 7.35247700000002,45.599684999 7.35259100000007,45.5997209990001 7.35272000000003,45.599754999 7.35287200000005,45.599799999 7.35300000000007,45.5998469990001 7.35313800000006,45.5998989990001 7.35318500000005,45.599909999 7.35325800000004,45.5999599990001 7.35337500000003,45.6000729990001 7.35346400000003,45.6001479990001 7.35354200000006,45.6001959990001 7.35361600000005,45.6002409990001 7.35371600000008,45.6003199990001 7.35381000000007,45.6003869990001 7.35391200000004,45.6004419990001 7.35402900000003,45.600493999 7.35413500000004,45.6005439990001 7.35420300000004,45.6005769990001 7.35429100000005,45.600671999 7.35433200000006,45.6007299990001 7.35440700000004,45.6008199990001 7.35449900000003,45.6009609990001 7.35457200000008,45.6010659990001 7.35465700000003,45.601173999 7.35479900000007,45.6013359990001 7.35489800000005,45.601435999 7.35502100000002,45.6015439990001 7.35508700000003,45.6016019990001 7.35517600000003,45.601666999 7.35527600000006,45.6017409990001 7.35534200000006,45.6018089990001 7.35539300000005,45.6018559990001 7.35544500000003,45.6018989990001 7.35551400000003,45.6019439990001 7.35555800000003,45.601981999 7.35557400000005,45.6020099990001 7.35558000000003,45.602096999 7.35557000000006,45.6021489990001 7.35558100000003,45.6022139990001 7.35559900000004,45.6022789990001 7.35565800000006,45.6023549990001 7.35571200000004,45.6024179990001 7.35574200000002,45.6024619990001 7.35580900000002,45.602521999 7.35589000000004,45.6025819990001 7.35595200000006,45.6026169990001 7.35604600000005,45.6026839990001 7.35611700000004,45.602742999 7.35615700000005,45.6027809990001 7.35618100000005,45.602839999 7.35621000000003,45.6029159990001 7.35627500000004,45.603040999 7.35633900000005,45.603131999 7.35641400000003,45.603214999 7.35649900000004,45.6032979990001 7.35659600000002,45.6033859990001 7.35666100000003,45.603441999 7.35673300000008,45.603507999 7.35679800000003,45.6035659990001 7.35685400000006,45.6036359990001 7.35691100000003,45.603691999 7.35698000000002,45.6037439990001 7.35705700000005,45.6037889990001 7.35714400000006,45.603846999 7.35723100000007,45.6039099990001 7.35731600000003,45.603964999 7.35739100000006,45.6039979990001 7.35748100000006,45.604030999 7.35755900000004,45.604070999 7.35760100000005,45.6041079990001 7.35765100000003,45.6041519990001 7.35772400000008,45.6041969990001 7.35781200000002,45.604231999 7.35788400000007,45.604257999 7.35801100000003,45.6042659990001 7.35831800000005,45.6043499990001 7.35860200000008,45.6044489990001 7.35865400000006,45.6045099990001 7.35867500000006,45.6045549990001 7.35868400000004,45.604613999 7.35868900000003,45.6046459990001 7.35874200000006,45.604704999 7.35873400000003,45.604746999 7.35877700000003,45.6048279990001 7.35903800000006,45.6050279990001 7.35921500000006,45.6050779990001 7.35936600000002,45.6051839990001 7.35946700000005,45.6052839990001 7.35953200000006,45.605351999 7.35983400000003,45.605397999 7.36008800000008,45.6054329990001 7.36022500000007,45.6054759990001 7.36029600000006,45.6054579990001 7.36038800000006,45.6057099990001 7.36049300000008,45.605824999 7.36047600000006,45.605871999 7.36131300000005,45.6067599990001 7.36164200000007,45.606775999 7.36191300000007,45.6067899990001 7.36276400000003,45.6068069990001 7.36287200000004,45.606801999 7.36293300000006,45.606794999 7.36299200000008,45.6068139990001 7.36306500000006,45.6068119990001 7.36318300000005,45.6067679990001 7.36332900000002,45.6067139990001 7.36343900000003,45.606637999 7.36378900000005,45.6064679990001 7.36436400000002,45.6063629990001 7.36460100000005,45.606319999 7.36465600000002,45.606297999 7.36475700000005,45.6062469990001 7.36478100000005,45.6062419990001 7.36487900000003,45.6062279990001 7.36493400000006,45.6062459990001 7.36499000000003,45.606234999 7.36502500000006,45.6062189990001 7.36511700000005,45.606214999 7.36520300000007,45.6061769990001 7.36531500000007,45.606146999 7.36535800000007,45.6062509990001 7.36543500000005,45.606235999 7.36552400000005,45.6062459990001 7.36562100000003,45.606252999 7.36572000000007,45.6062669990001 7.36578600000007,45.6062629990001 7.36581100000006,45.606261999 7.36593300000004,45.606297999 7.36601200000007,45.606348999 7.36606700000004,45.6063359990001 7.36613800000003,45.606346999 7.36623700000007,45.6063769990001 7.36649100000005,45.606413999 7.36666000000002,45.6064519990001 7.36673300000007,45.606484999 7.36682000000008,45.6064769990001 7.36690600000003,45.606486999 7.36704900000007,45.606484999 7.36716300000006,45.6065379990001 7.36732300000006,45.606570999 7.36739000000006,45.606598999 7.36746600000004,45.6065829990001 7.36753000000004,45.606528999 7.36758800000007,45.6064999990001 7.36763800000006,45.606500999 7.36778600000002,45.6065389990001 7.36784400000005,45.6065429990001 7.36797200000007,45.6065629990001 7.36807800000003,45.606549999 7.36815100000007,45.6065179990001 7.36822300000006,45.606486999 7.36841500000003,45.606485999 7.36849700000005,45.606456999 7.36861500000003,45.6063839990001 7.36872600000004,45.606325999 7.36883800000004,45.606237999 7.36892100000006,45.6061779990001 7.36894200000006,45.6060659990001 7.36915400000004,45.6059819990001 7.36928700000004,45.6057999990001 7.36937400000005,45.605716999 7.36942900000003,45.605674999 7.36963900000006,45.605621999 7.36969000000005,45.6055919990001 7.37026200000003,45.6054349990001 7.37029100000007,45.6054319990001 7.37058800000005,45.6054799990001 7.37066800000002,45.605427999 7.37075800000002,45.6053719990001 7.37085800000006,45.605313999 7.37104000000005,45.605242999 7.37115300000005,45.6051919990001 7.37124700000004,45.605135999 7.37139200000007,45.6050499990001 7.37148500000006,45.6049849990001 7.37161600000007,45.6049009990001 7.37174500000003,45.604788999 7.37184600000006,45.604701999 7.37196100000006,45.604591999 7.37209600000006,45.6045149990001 7.37224500000002,45.604414999 7.37232700000004,45.604362999 7.37242000000003,45.6043309990001 7.37256000000002,45.6042859990001 7.37268100000006,45.604229999 7.37282800000003,45.604186999 7.37291400000004,45.6041499990001 7.37301800000006,45.604072999 7.37309800000003,45.6040149990001 7.37332400000003,45.603917999 7.37347900000003,45.6038389990001 7.37364100000002,45.6037649990001 7.37387500000006,45.6036349990001 7.37413700000008,45.603488999 7.37433700000003,45.603398999 7.37451900000002,45.6033159990001 7.37463600000007,45.6032479990001 7.37479500000006,45.6031649990001 7.37507000000005,45.6030209990001 7.37516000000005,45.602972999 7.37525300000004,45.602928999 7.37546500000008,45.6028719990001 7.37558100000007,45.6028429990001 7.37572800000004,45.6028039990001 7.37593600000002,45.6027789990001 7.37609600000008,45.6027599990001 7.37627900000007,45.602745999 7.37644200000005,45.602749999 7.37660800000003,45.602749999 7.37675800000005,45.6027289990001 7.37692900000008,45.6026709990001 7.37710800000002,45.6025809990001 7.37732600000004,45.6024629990001 7.37741500000004,45.602403999 7.37754700000005,45.6023279990001 7.37766200000004,45.6022219990001 7.37784600000003,45.602069999 7.37796800000007,45.601952999 7.37804900000003,45.601846999 7.37810200000007,45.6017619990001 7.37813900000003,45.6016529990001 7.37813700000004,45.6015119990001 7.37811500000004,45.6013329990001 7.37808000000007,45.6009949990001 7.37802200000004,45.600536999 7.37799900000005,45.6003979990001 7.37798300000003,45.600249999 7.37800900000008,45.600045999 7.37807100000003,45.5998969990001 7.37813900000003,45.5997899990001 7.37818100000004,45.5997199990001 7.37822100000005,45.5996439990001 7.37832600000007,45.599528999 7.37840900000003,45.5994659990001 7.37852600000002,45.5994029990001 7.37867100000005,45.5993149990001 7.37885100000005,45.5992189990001 7.37893300000007,45.5991709990001 7.37914200000006,45.599096999 7.37930700000004,45.599027999 7.37943400000006,45.598981999 7.37958200000003,45.598917999 7.37958100000003,45.598917999 7.37946200000005,45.5987739990001 7.37936500000006,45.5986639990001 7.37942100000004,45.598645999 7.37934600000006,45.5985029990001 7.37923100000006,45.598260999 7.37897600000002,45.598332999 7.37879500000003,45.598401999 7.37871700000005,45.5983249990001 7.37856000000005,45.5981629990001 7.37853700000005,45.5981369990001 7.37859200000003,45.598132999 7.37865000000005,45.5980919990001 7.37869400000005,45.598020999 7.37871200000006,45.597990999 7.37875300000007,45.5978939990001 7.37881600000003,45.5977979990001 7.37886000000003,45.5977319990001 7.37888900000007,45.5976919990001 7.37903500000004,45.5975979990001 7.37905900000004,45.5975819990001 7.37920400000007,45.5974859990001 7.37913400000002,45.5974489990001 7.37916800000005,45.5974199990001 7.37930100000005,45.5973019990001 7.37935200000004,45.5972159990001 7.37941500000005,45.5971679990001 7.37949200000003,45.5970799990001 7.37950400000005,45.597046999 7.37955400000004,45.5969489990001 7.37959200000006,45.596825999 7.37960200000003,45.596752999 7.37962600000003,45.5966939990001 7.37968100000006,45.596669999 7.37969400000003,45.596625999 7.37973300000004,45.5965839990001 7.37975000000006,45.596557999 7.37984100000006,45.5964479990001 7.37991300000004,45.596350999 7.37995200000006,45.5963159990001 7.38000200000005,45.5962749990001 7.38007300000004,45.596215999 7.38010800000006,45.596174999 7.38014800000008,45.596128999 7.38021800000007,45.596083999 7.38023700000002,45.5960729990001 7.38028400000007,45.5960419990001 7.38036300000005,45.5959829990001 7.38062800000006,45.5956839990001 7.38067500000005,45.5956139990001 7.38075500000002,45.595514999 7.38086200000004,45.5953039990001 7.38090200000005,45.595181999 7.38104900000008,45.595002999 7.38118600000007,45.5949189990001 7.38135800000003,45.594862999 7.38149700000002,45.5948059990001 7.38185600000003,45.5945829990001 7.38205200000004,45.594478999 7.38224200000008,45.594371999 7.38228500000002,45.594349999 7.38235400000002,45.594306999 7.38236800000004,45.5942689990001 7.38241100000005,45.5941339990001 7.38247900000005,45.5940669990001 7.38250500000004,45.5939989990001 7.38253800000007,45.5939359990001 7.38258300000007,45.593830999 7.38260000000002,45.593784999 7.38266500000003,45.5937499990001 7.38277000000005,45.593692999 7.38283100000007,45.593673999 7.38286900000003,45.5936579990001 7.38289100000003,45.593698999 7.38298800000007,45.593804999 7.38306600000004,45.5939279990001 7.38317700000005,45.5939819990001 7.38327600000002,45.5938849990001 7.38348300000007,45.5938659990001 7.38357900000005,45.593870999 7.38359400000007,45.5938459990001 7.38361700000007,45.5937929990001 7.38368300000008,45.5937239990001 7.38376900000003,45.5936629990001 7.38385200000005,45.5936209990001 7.38399700000002,45.593585999 7.38406900000007,45.5935719990001 7.38423100000006,45.5935529990001 7.38460400000002,45.5934999990001 7.38472400000006,45.5934299990001 7.38483100000008,45.593335999 7.38490300000007,45.593285999 7.38497000000007,45.5932539990001 7.38504500000005,45.5932049990001 7.38513100000006,45.593135999 7.38521000000003,45.5930749990001 7.38528100000002,45.593014999 7.38540500000005,45.5929179990001 7.38556900000003,45.592750999 7.38567800000004,45.592610999 7.38579000000004,45.5924199990001 7.38610000000006,45.591919999 7.38625700000006,45.591913999 7.38631900000007,45.5918549990001 7.38642400000003,45.5918379990001 7.38651200000004,45.591799999 7.38664200000005,45.591799999 7.38693900000004,45.5916159990001 7.38698400000004,45.5916119990001 7.38715400000007,45.591573999 7.38729200000006,45.5915009990001 7.38740700000005,45.5914569990001 7.38754100000006,45.5914129990001 7.38779600000004,45.5912739990001 7.38798900000006,45.5912019990001 7.38817000000006,45.591012999 7.38822700000003,45.590946999 7.38835200000005,45.590901999 7.38846600000005,45.5908069990001 7.38851000000005,45.590720999 7.38866300000007,45.590609999 7.38926900000007,45.590405999 7.38949400000007,45.590402999 7.38963700000005,45.5904399990001 7.38972100000007,45.5904369990001 7.38985200000008,45.5903719990001 7.38997800000004,45.5903279990001 7.39023300000002,45.5902579990001 7.39034400000003,45.5902409990001 7.39053300000006,45.590139999 7.39063200000004,45.5900849990001 7.39072300000004,45.590064999 7.39076400000005,45.5901009990001 7.39073400000007,45.5901289990001 7.39083800000003,45.590203999 7.39110200000005,45.5902329990001 7.39112400000005,45.590227999 7.39127100000007,45.5901729990001 7.39134100000007,45.590202999 7.39226200000007,45.590388999 7.39232900000007,45.5903729990001 7.39247300000005,45.590540999 7.39245000000005,45.5905559990001 7.39330200000006,45.5906399990001 7.39333900000003,45.5907999990001 7.39339100000007,45.5908669990001 7.39347900000007,45.590988999 7.39360900000003,45.5910549990001 7.39376200000004,45.591145999 7.39387700000003,45.5912289990001 7.39391200000006,45.5912539990001 7.39406100000002,45.591370999 7.39437700000008,45.591557999 7.39451600000007,45.5917679990001 7.39462100000003,45.5918339990001 7.39474500000006,45.591915999 7.39496800000006,45.5919299990001 7.39505800000006,45.591959999 7.39519300000006,45.592048999 7.39528900000005,45.5921059990001 7.39541800000006,45.5921789990001 7.39562400000005,45.5922819990001 7.39580300000006,45.592453999 7.39581000000004,45.592459999 7.39600300000006,45.592526999 7.39637500000003,45.5925769990001 7.39643600000005,45.592636999 7.39656700000006,45.5927819990001 7.39673500000004,45.592974999 7.39694200000002,45.5933439990001 7.39726300000007,45.593604999 7.39729200000005,45.593628999 7.39744100000007,45.5937289990001 7.39755200000008,45.593959999 7.39755400000007,45.594011999 7.39782300000007,45.594033999 7.39798600000006,45.5940439990001 7.39852700000006,45.594167999 7.39896300000004,45.594274999 7.39915400000007,45.594346999 7.39946000000003,45.594438999 7.39967600000006,45.5944019990001 7.39985200000007,45.5943989990001 7.40037300000006,45.594393999 7.40096100000005,45.594432999 7.40148300000004,45.5944699990001 7.41014300000006,45.5965369990001 7.41071800000003,45.5964279990001 7.41111000000006,45.5963379990001 7.41139800000008,45.596173999 7.41153900000006,45.5961089990001 7.41173300000003,45.5960249990001 7.41183900000004,45.5959789990001 7.41217600000004,45.5959119990001 7.41236000000004,45.5958879990001 7.41249300000004,45.5958709990001 7.41271300000005,45.5958479990001 7.41281200000003,45.5958189990001 7.41302300000007,45.595832999 7.41307800000004,45.595858999 7.41316100000006,45.5959099990001 7.41330900000003,45.5959579990001 7.41333300000002,45.5959579990001 7.41359300000005,45.5959529990001 7.41404000000006,45.596053999 7.41446200000007,45.596129999 7.41471100000007,45.5959969990001 7.41468100000003,45.595852999 7.41505400000005,45.5959609990001 7.41501900000003,45.5958409990001 7.41503200000005,45.595831999 7.41556100000003,45.5959979990001 7.41554900000006,45.595786999 7.41599200000007,45.595920999 7.41599200000007,45.595791999 7.41657100000003,45.5957729990001 7.41658100000006,45.5957589990001 7.41636800000003,45.5956249990001 7.41679500000004,45.5955259990001 7.41726600000004,45.595767999 7.41787100000005,45.5955989990001 7.41832000000005,45.5955089990001 7.41868100000005,45.595518999 7.41890600000005,45.5954639990001 7.41928900000005,45.595448999 7.41989700000005,45.5952079990001 7.41982800000005,45.5951689990001 7.42039800000003,45.5949929990001 7.42044800000002,45.5949919990001 7.42453300000005,45.594525999 7.42540800000006,45.594351999 7.42737000000005,45.5943529990001 7.42727900000006,45.594525999 7.42730000000006,45.594734999 7.42743400000006,45.5949449990001 7.42758800000007,45.5951259990001 7.42769300000003,45.5951179990001 7.42783600000007,45.595092999 7.42803000000004,45.5950749990001 7.42814300000003,45.595049999 7.42821900000007,45.594998999 7.42842900000005,45.595001999 7.42871700000006,45.5950059990001 7.42877800000002,45.5950159990001 7.42889300000007,45.595026999 7.42900500000007,45.5950379990001 7.42911300000003,45.5950279990001 7.42920900000007,45.595018999 7.42936100000003,45.595018999 7.42960500000004,45.5950369990001 7.42979500000007,45.595041999 7.42992300000003,45.5950529990001 7.42996300000004,45.5950799990001 7.43001700000002,45.595115999 7.43007200000005,45.5951879990001 7.43013600000006,45.5952199990001 7.43018900000004,45.595251999 7.43018200000006,45.5952849990001 7.43017100000003,45.5953089990001 7.43016800000004,45.5954179990001 7.43019300000003,45.5954829990001 7.43022500000006,45.595544999 7.43024600000007,45.5956389990001 7.43025900000004,45.5956889990001 7.43025700000004,45.5957319990001 7.43021100000004,45.5958049990001 7.43023400000004,45.5958459990001 7.43027300000006,45.5958869990001 7.43028500000003,45.595943999 7.43024300000008,45.596009999 7.43020700000005,45.5960859990001 7.43016900000003,45.5961109990001 7.43011300000006,45.596169999 7.43005400000004,45.5962069990001 7.43000800000004,45.596282999 7.43000600000005,45.5963349990001 7.43004900000005,45.5963789990001 7.43014000000005,45.596417999 7.43022200000007,45.5964069990001 7.43030300000004,45.5964059990001 7.43043800000004,45.596417999 7.43051900000006,45.596441999 7.43058200000007,45.5964959990001 7.43063200000006,45.5965439990001 7.43067700000006,45.5966139990001 7.43072700000005,45.596668999 7.43074100000007,45.5967459990001 7.43074900000005,45.596823999 7.43076500000006,45.596888999 7.43075000000005,45.5969239990001 7.43069700000007,45.596984999 7.43065200000007,45.597046999 7.43062400000002,45.5970649990001 7.43055900000007,45.5970839990001 7.43050400000004,45.5971109990001 7.43046500000003,45.5971749990001 7.43045900000004,45.597255999 7.43043400000005,45.5974149990001 7.43045200000006,45.5976419990001 7.43045400000005,45.597698999 7.43050400000004,45.5977329990001 7.43055400000003,45.5977549990001 7.43066200000004,45.5977799990001 7.43077300000004,45.5978059990001 7.43085400000007,45.5978279990001 7.43096900000006,45.5978469990001 7.43107000000003,45.5978689990001 7.43124300000005,45.5978689990001 7.43135800000005,45.5978659990001 7.43150100000003,45.5978489990001 7.43162100000006,45.5978219990001 7.43173000000007,45.5978069990001 7.43193400000007,45.5977759990001 7.43209400000006,45.5977519990001 7.43229200000007,45.5977189990001 7.43245200000007,45.597678999 7.43261000000007,45.597637999 7.43285400000002,45.5976409990001 7.43304700000004,45.5976509990001 7.43315500000006,45.597680999 7.43327200000004,45.597722999 7.43337000000002,45.5977559990001 7.43349100000006,45.5977829990001 7.43363300000004,45.5978089990001 7.43372800000003,45.597812999 7.43379800000002,45.597837999 7.43389600000006,45.5978769990001 7.43401900000003,45.5979339990001 7.43407400000007,45.597926999 7.43414800000005,45.5979349990001 7.43419900000004,45.597947999 7.43433800000003,45.597951999 7.43447100000003,45.597929999 7.43461300000007,45.597926999 7.43480000000005,45.5979399990001 7.43492500000002,45.597945999 7.43498200000005,45.5979779990001 7.43507200000005,45.5980079990001 7.43518700000004,45.598034999 7.43524300000007,45.598088999 7.43529400000006,45.598086999 7.43548400000003,45.598084999 7.43562000000003,45.598066999 7.43576700000006,45.5980499990001 7.43595400000004,45.5980289990001 7.43608600000005,45.5980309990001 7.43625500000007,45.5980449990001 7.43638100000004,45.5980559990001 7.43642700000004,45.598080999 7.43645000000004,45.598106999 7.43651500000004,45.5981229990001 7.43662300000005,45.598133999 7.43676900000003,45.598130999 7.43687100000005,45.5981229990001 7.43699000000004,45.598107999 7.43710200000004,45.5980929990001 7.43725200000006,45.5980679990001 7.43735000000004,45.5980719990001 7.43742800000007,45.598084999 7.43752900000004,45.598102999 7.43762300000003,45.5981429990001 7.43768800000004,45.598150999 7.43779200000006,45.5981689990001 7.43789700000002,45.5981839990001 7.43798400000003,45.5982089990001 7.43809300000004,45.598217999 7.43821500000007,45.598223999 7.43831000000006,45.598222999 7.43840200000005,45.5982029990001 7.43846300000007,45.5981849990001 7.43852500000003,45.598175999 7.43860700000005,45.5981629990001 7.43867800000004,45.598173999 7.43874200000005,45.5981889990001 7.43880500000006,45.5982109990001 7.43885600000004,45.5982359990001 7.43890600000003,45.598240999 7.43897800000008,45.5982279990001 7.43903600000004,45.5982139990001 7.43909700000006,45.5982079990001 7.43920600000007,45.598192999 7.43928200000005,45.5981649990001 7.43940100000003,45.598125999 7.43948900000004,45.598043999 7.43959200000006,45.597971999 7.43970800000005,45.5979419990001 7.43991700000004,45.597901999 7.44003900000007,45.597905999 7.44025200000004,45.597923999 7.44042800000005,45.597944999 7.44064700000007,45.597971999 7.44079600000003,45.597992999 7.44090500000004,45.597991999 7.44104400000003,45.597976999 7.44115600000003,45.5979649990001 7.44123500000006,45.597946999 7.44132400000007,45.5979189990001 7.44141200000007,45.5979159990001 7.44146000000006,45.597906999 7.44150100000007,45.597878999 7.44160400000004,45.5978539990001 7.44167600000003,45.597835999 7.44181600000007,45.5978039990001 7.44189100000006,45.5977769990001 7.44193500000006,45.5977769990001 7.44204000000008,45.597787999 7.44210200000003,45.5977629990001 7.44216400000005,45.5977069990001 7.44224000000003,45.597676999 7.44230100000004,45.597655999 7.44238000000007,45.5976239990001 7.44240500000006,45.597588999 7.44244700000007,45.5975389990001 7.44249500000006,45.5975329990001 7.44255700000002,45.597494999 7.44263300000006,45.597455999 7.44271100000003,45.5974429990001 7.44279300000005,45.5974199990001 7.44287900000006,45.597389999 7.44295700000004,45.5973699990001 7.44299500000005,45.597343999 7.44305000000003,45.5973329990001 7.44309200000004,45.597299999 7.44316400000002,45.597269999 7.44322800000003,45.5972619990001 7.44334000000003,45.5972629990001 7.44348000000002,45.597255999 7.44353800000005,45.5972369990001 7.44360300000005,45.5972119990001 7.44367600000004,45.597138999 7.44374300000004,45.5970419990001 7.44379800000007,45.5970149990001 7.44395200000002,45.5969929990001 7.44400000000007,45.596959999 7.44406200000003,45.596915999 7.44415500000002,45.5968739990001 7.44430800000004,45.596847999 7.44445500000006,45.5968349990001 7.44454400000006,45.5968099990001 7.44469700000008,45.5967669990001 7.44482000000005,45.5967429990001 7.44491900000003,45.5967439990001 7.44502000000006,45.5967409990001 7.44506200000006,45.5967169990001 7.44510400000007,45.596665999 7.44518300000004,45.5966099990001 7.44524600000005,45.5965679990001 7.44534800000002,45.596549999 7.44547400000005,45.5965209990001 7.44557900000007,45.5965219990001 7.44568800000008,45.5965239990001 7.44572600000004,45.5964929990001 7.44577400000003,45.5964699990001 7.44584600000007,45.5964469990001 7.44596200000007,45.5964299990001 7.44606400000004,45.596399999 7.44615000000005,45.5963659990001 7.44622800000008,45.5963589990001 7.44631400000003,45.5963439990001 7.44647300000003,45.596331999 7.44656500000002,45.596332999 7.44668400000006,45.5963369990001 7.44673800000004,45.596327999 7.44677300000006,45.596278999 7.44680900000003,45.5962319990001 7.44686100000007,45.5961869990001 7.44696700000003,45.596152999 7.44711600000005,45.596147999 7.44724900000006,45.5961399990001 7.44732400000004,45.596107999 7.44741600000003,45.5960949990001 7.44754200000006,45.596083999 7.44763300000005,45.5960949990001 7.44770700000004,45.5961369990001 7.44781800000004,45.5961569990001 7.44789600000007,45.5961609990001 7.44797100000005,45.596144999 7.44804900000003,45.5961409990001 7.44813000000005,45.5961589990001 7.44821500000006,45.5961629990001 7.44827300000003,45.5961559990001 7.44834000000003,45.596168999 7.44837000000007,45.5962029990001 7.44847100000004,45.596210999 7.44856300000004,45.5962079990001 7.44867600000003,45.596189999 7.44876800000003,45.5961559990001 7.44890200000003,45.596107999 7.44902500000006,45.596058999 7.44917200000003,45.5960279990001 7.44921700000003,45.595994999 7.44927500000006,45.5959959990001 7.44937600000003,45.596008999 7.44951100000003,45.596036999 7.44964900000002,45.5960699990001 7.44976100000002,45.596080999 7.44986500000005,45.5961159990001 7.45002400000004,45.596143999 7.45014200000003,45.5961409990001 7.45042800000004,45.596106999 7.45065700000004,45.5960719990001 7.45081600000003,45.596061999 7.45092100000005,45.596077999 7.45107400000006,45.596079999 7.45124000000004,45.596081999 7.45129500000007,45.596056999 7.45136700000006,45.5960289990001 7.45145500000007,45.596013999 7.45160400000003,45.5960279990001 7.45167500000002,45.5960449990001 7.45178000000004,45.5960679990001 7.45188800000005,45.596083999 7.45204000000007,45.5961119990001 7.45222600000005,45.596125999 7.45230400000003,45.596122999 7.45248500000002,45.596077999 7.45275100000003,45.596016999 7.45301800000004,45.5959559990001 7.45323600000006,45.595920999 7.45338200000003,45.5959109990001 7.45350000000008,45.595924999 7.45365600000002,45.595942999 7.45377400000007,45.595944999 7.45389000000006,45.5959299990001 7.45399500000002,45.5959309990001 7.45404500000006,45.5959819990001 7.45408800000007,45.5960019990001 7.45416300000005,45.5960029990001 7.45419700000002,45.595985999 7.45423200000005,45.5959539990001 7.45425900000004,45.5959609990001 7.45435400000002,45.5959769990001 7.45445500000005,45.595989999 7.45450800000003,45.5960259990001 7.45456200000007,45.596062999 7.45461900000004,45.5960679990001 7.45470800000004,45.596054999 7.45480000000003,45.5960419990001 7.45486500000004,45.5960029990001 7.45492000000007,45.5959959990001 7.45502500000003,45.5959829990001 7.45508600000005,45.5960029990001 7.45516700000007,45.596010999 7.45522200000005,45.5959959990001 7.45526300000006,45.5959599990001 7.45531900000003,45.5959139990001 7.45536800000002,45.5958639990001 7.45543300000003,45.5958219990001 7.45547800000003,45.595812999 7.45551600000005,45.595787999 7.45557400000007,45.595747999 7.45565300000004,45.5957129990001 7.45572800000002,45.595694999 7.45586300000002,45.595720999 7.45591500000006,45.595694999 7.45597300000003,45.5956839990001 7.45616400000006,45.595655999 7.45626600000003,45.5956409990001 7.45637100000005,45.595655999 7.45651300000003,45.595648999 7.45670400000006,45.595626999 7.45679300000006,45.5956019990001 7.45703200000003,45.5955509990001 7.45720200000005,45.5955099990001 7.45729400000005,45.595494999 7.45743400000003,45.595491999 7.45754600000004,45.5954789990001 7.45776400000005,45.595450999 7.45788300000004,45.595430999 7.45800900000006,45.595425999 7.45811700000007,45.595422999 7.45815900000002,45.5953949990001 7.45820800000007,45.595340999 7.45825000000002,45.5953029990001 7.45828500000005,45.5952419990001 7.45832100000007,45.5951729990001 7.45834400000007,45.5950779990001 7.45834900000006,45.594998999 7.45837900000004,45.5949049990001 7.45841900000005,45.5948269990001 7.45846700000004,45.5947889990001 7.45855200000005,45.594773999 7.45864700000004,45.594772999 7.45876600000003,45.5947839990001 7.45885300000003,45.594822999 7.45889900000003,45.5948759990001 7.45892500000002,45.594883999 7.45954400000005,45.595070999 7.45963900000004,45.5951059990001 7.45982900000007,45.5951269990001 7.46022300000004,45.5950729990001 7.46053700000004,45.5950509990001 7.46092300000004,45.595046999 7.46120300000007,45.595107999 7.46138300000007,45.5951029990001 7.46179400000005,45.5950119990001 7.46213000000006,45.5949639990001 7.46239000000003,45.594933999 7.46252100000004,45.594910999 7.46266900000006,45.594912999 7.46307700000006,45.5949949990001 7.46318900000006,45.5950369990001 7.46335500000004,45.595155999 7.46357300000005,45.595199999 7.46376100000003,45.595227999 7.46404200000006,45.5952319990001 7.46439200000003,45.5952399990001 7.46473700000007,45.595225999 7.46507300000007,45.5951489990001 7.46524000000005,45.595046999 7.46530800000005,45.594914999 7.46535200000005,45.594770999 7.46546100000006,45.5947189990001 7.46569100000005,45.5946469990001 7.46605100000005,45.594570999 7.46677300000005,45.594642999 7.46698500000002,45.594619999 7.46716100000003,45.5945819990001 7.46724700000004,45.5945379990001 7.46735100000006,45.594435999 7.46748000000002,45.594388999 7.46768700000007,45.5943759990001 7.46803800000004,45.594328999 7.46834100000007,45.5943139990001 7.46844800000002,45.594274999 7.46872500000006,45.594076999 7.46888700000005,45.594009999 7.46895600000005,45.5940159990001 7.46894300000002,45.5942279990001 7.46896300000003,45.5942689990001 7.46905100000004,45.594323999 7.46917200000007,45.5943329990001 7.46940200000006,45.5942909990001 7.46966900000007,45.5942039990001 7.46980800000006,45.594187999 7.47047200000003,45.5942049990001 7.47096400000004,45.5941599990001 7.47115300000007,45.5941319990001 7.47137400000003,45.5941059990001 7.47168300000004,45.593991999 7.47213800000003,45.5938809990001 7.47231500000004,45.593827999 7.47237900000005,45.593787999 7.47259200000008,45.593764999 7.47284300000007,45.5936319990001 7.47287900000003,45.593647999 7.47285000000005,45.5938459990001 7.47287500000004,45.593875999 7.47298500000005,45.5937509990001 7.47302000000008,45.5938179990001 7.47302200000007,45.5938669990001 7.47310200000004,45.5939309990001 7.47328700000003,45.593963999 7.47356800000006,45.5939349990001 7.47359700000004,45.5939579990001 7.47373100000004,45.5939959990001 7.47412500000007,45.5940219990001 7.47434700000002,45.5940189990001 7.47448900000006,45.5939929990001 7.47469600000005,45.5939959990001 7.47485400000005,45.5940479990001 7.47487300000006,45.5941379990001 7.47479600000003,45.5942069990001 7.47465500000004,45.594327999 7.47441900000007,45.5944439990001 7.47394600000007,45.594686999 7.47392400000007,45.5947449990001 7.47411500000004,45.5949159990001 7.47429800000003,45.594978999 7.47447600000004,45.595004999 7.47469500000005,45.5950129990001 7.47490200000004,45.595089999 7.47501700000004,45.5951449990001 7.47505300000006,45.5951499990001 7.47519900000003,45.595266999 7.47538700000007,45.5953239990001 7.47569400000003,45.5953289990001 7.47587800000002,45.5953679990001 7.47609600000004,45.595377999 7.47626000000002,45.5953689990001 7.47639700000008,45.595381999 7.47655500000008,45.595452999 7.47696800000006,45.595475999 7.47725100000002,45.595607999 7.47728300000006,45.5957809990001 7.47733100000005,45.5958689990001 7.47760300000004,45.5959099990001 7.47780100000006,45.5959539990001 7.47784500000006,45.5960009990001 7.47807700000004,45.596033999 7.47846500000003,45.596016999 7.47868700000004,45.5960199990001 7.47896800000007,45.596017999 7.47928100000007,45.596030999 7.47971100000007,45.596014999 7.48020600000007,45.5959359990001 7.48044500000003,45.595901999 7.48094600000007,45.595829999 7.48137100000002,45.5957949990001 7.48154300000004,45.595747999 7.48177900000007,45.5957059990001 7.48182000000003,45.595699999 7.48196800000005,45.595675999 7.48221300000006,45.5956239990001 7.48241700000005,45.5955999990001 7.48252200000007,45.595631999 7.48261900000006,45.595655999 7.48283000000004,45.5957739990001 7.48287500000004,45.5958629990001 7.48293500000005,45.5959379990001 7.48304600000006,45.596017999 7.48330900000008,45.596099999 7.48351500000007,45.5961359990001 7.48370000000006,45.5961609990001 7.48382200000003,45.596218999 7.48423700000006,45.596416999 7.48437000000007,45.5963859990001 7.48463000000004,45.5963359990001 7.48487300000005,45.596260999 7.48527700000005,45.596075999 7.48542700000007,45.5960039990001 7.48556000000002,45.595969999 7.48603100000003,45.5959399990001 7.48668200000003,45.596016999 7.48691600000006,45.5959999990001 7.48711600000007,45.5959759990001 7.48730000000006,45.595903999 7.48763700000006,45.5958189990001 7.48806300000007,45.595743999 7.48844500000007,45.595702999 7.48873500000008,45.5956839990001 7.48890500000005,45.595650999 7.48910700000005,45.595566999 7.48927800000007,45.5955099990001 7.48948800000005,45.5954799990001 7.49592800000005,45.598194999 7.49803500000007,45.5990829990001 7.49809600000003,45.5988219990001 7.49846000000002,45.5981799990001 7.49896500000006,45.597519999 7.49989200000005,45.596396999 7.50096000000002,45.595765999 7.50195200000007,45.5951289990001 7.50201700000002,45.595087999 7.50313700000004,45.594396999 7.50393800000006,45.593715999 7.50460000000004,45.5929139990001 7.50483300000008,45.592347999 7.50485000000003,45.591691999 7.50507800000003,45.5908749990001 7.50568200000004,45.5903339990001 7.50599200000005,45.589754999 7.50575400000002,45.589055999 7.50562700000006,45.588047999 7.50602800000007,45.5874489990001 7.50621600000005,45.5871099990001 7.50605100000007,45.5865679990001 7.50581000000005,45.5859799990001 7.50554700000004,45.585255999 7.50549600000005,45.5847619990001 7.50546700000007,45.584399999 7.50543400000004,45.584235999 7.50537500000007,45.5840749990001 7.50542800000005,45.583492999 7.50546300000002,45.5831219990001 7.50556200000005,45.5827809990001 7.50580100000008,45.581964999 7.50638200000003,45.581826999 7.50745400000005,45.581492999 7.50893200000007,45.580887999 7.50977400000005,45.5805339990001 7.51111000000003,45.5804239990001 7.51248700000002,45.580253999 7.51377900000006,45.5798389990001 7.51499900000005,45.5792759990001 7.51633200000003,45.578791999 7.51788500000004,45.5782329990001 7.51882900000004,45.577893999 7.52010700000005,45.577073999 7.52090600000002,45.5768879990001 7.52266900000006,45.5766209990001 7.52399100000002,45.5765689990001 7.52650300000005,45.5765719990001 7.52842500000003,45.576607999 7.53033200000004,45.576692999 7.53179000000006,45.5767939990001 7.53269100000006,45.577172999 7.53330100000005,45.5778559990001 7.53437600000007,45.5788899990001 7.53532100000007,45.579555999 7.53639300000003,45.5802019990001 7.53740700000003,45.5806469990001 7.53863300000006,45.5813169990001 7.53913300000005,45.581804999 7.53947800000003,45.582371999 7.53974600000004,45.582906999 7.54004000000003,45.5833989990001 7.54063200000007,45.5842979990001 7.54185500000006,45.585111999 7.54301900000007,45.5856879990001 7.54438700000003,45.5862999990001 7.54590100000007,45.5867769990001 7.54644600000006,45.587033999 7.54681000000005,45.5873369990001 7.54739500000005,45.588018999 7.54794300000003,45.588603999 7.54843900000003,45.588788999 7.54918200000003,45.588806999 7.55043900000004,45.5887499990001 7.55152500000003,45.5888929990001 7.55254500000007,45.5891129990001 7.55334300000004,45.589506999 7.55410900000004,45.5896699990001 7.55499800000007,45.589952999 7.55602100000004,45.590046999 7.55697500000002,45.590365999 7.55830600000007,45.5904359990001 7.55900900000006,45.5905269990001 7.55979100000008,45.5905329990001 7.56088000000005,45.5905589990001 7.56182600000005,45.590652999 7.56286200000005,45.5907519990001 7.56365100000005,45.590987999 7.56449100000003,45.591240999 7.56550800000002,45.5915689990001 7.56649400000003,45.5916289990001 7.56779300000005,45.591443999 7.56861900000007,45.5912049990001 7.56930800000004,45.5908719990001 7.56974600000007,45.590636999 7.57024300000006,45.5903709990001 7.57095800000008,45.5900079990001 7.57244300000002,45.589577999 7.57297200000005,45.5894929990001 7.57291500000002,45.5894249990001 7.57291700000007,45.5894239990001 7.57278600000006,45.5892719990001 7.57267400000006,45.5891379990001 7.57266900000008,45.5891349990001 7.57203600000003,45.588401999 7.57161400000007,45.5880759990001 7.57119500000005,45.5876079990001 7.57043600000003,45.5865499990001 7.57022600000005,45.5855549990001 7.57019900000006,45.5855109990001 7.57026200000007,45.5854689990001 7.57030400000002,45.5853979990001 7.57038600000004,45.5853579990001 7.57045100000005,45.5853049990001 7.57053300000007,45.5852679990001 7.57065300000005,45.5851909990001 7.57076700000005,45.5851059990001 7.57080400000007,45.5850779990001 7.57085400000005,45.5850159990001 7.57094300000006,45.5849419990001 7.57101600000004,45.5848799990001 7.57104300000003,45.584822999 7.57105100000007,45.584777999 7.57109300000008,45.584754999 7.57111700000007,45.5847249990001 7.57115200000004,45.584642999 7.57118600000007,45.584594999 7.57125400000007,45.5845419990001 7.57128300000005,45.5844959990001 7.57133300000004,45.5844289990001 7.57139400000005,45.5843669990001 7.57143500000006,45.584330999 7.57148100000006,45.584261999 7.57151000000005,45.5842049990001 7.57158900000007,45.5841129990001 7.57168300000006,45.584032999 7.57177900000005,45.5839809990001 7.57181000000003,45.5839379990001 7.57187500000003,45.5839069990001 7.57191400000005,45.583879999 7.57192400000002,45.583790999 7.57193300000006,45.5836239990001 7.57193500000005,45.5834649990001 7.57193100000006,45.5833979990001 7.57190700000007,45.5833459990001 7.57189100000005,45.5832809990001 7.57188700000006,45.5832419990001 7.57178100000004,45.5831959990001 7.57172800000006,45.5831749990001 7.57169200000004,45.583175999 7.57165400000002,45.583175999 7.57162500000004,45.5831039990001 7.57158700000002,45.5830729990001 7.57156800000007,45.583043999 7.57156500000002,45.5829629990001 7.57154200000002,45.5829269990001 7.57153700000003,45.582820999 7.57150500000006,45.582684999 7.57147600000008,45.5826289990001 7.57147400000002,45.582592999 7.57156500000002,45.582529999 7.57165800000007,45.5824929990001 7.57174400000002,45.582441999 7.57180300000005,45.5823979990001 7.57190800000006,45.582320999 7.57200400000005,45.582254999 7.57209200000005,45.582191999 7.57215000000002,45.5821389990001 7.57222600000006,45.5820629990001 7.57227500000005,45.582012999 7.57233000000002,45.581961999 7.57235400000008,45.5819259990001 7.57235600000007,45.581830999 7.57232500000003,45.581758999 7.57230100000004,45.581690999 7.57227700000004,45.5816349990001 7.57231500000006,45.581532999 7.57238600000005,45.5814609990001 7.57245200000006,45.5813949990001 7.57249100000007,45.5813459990001 7.57253300000002,45.581313999 7.57257200000004,45.581286999 7.57257200000004,45.5811849990001 7.57257400000003,45.581089999 7.57256800000005,45.581021999 7.57260600000006,45.5809619990001 7.57261400000004,45.5808309990001 7.57261300000005,45.5807629990001 7.57263000000006,45.5807139990001 7.57265300000006,45.5806929990001 7.57268900000003,45.5806759990001 7.57269500000007,45.580655999 7.57269600000006,45.5806269990001 7.57266100000004,45.580608999 7.57265400000006,45.580549999 7.57267400000006,45.580497999 7.57271800000007,45.5804399990001 7.57276800000005,45.5803789990001 7.57277800000003,45.580319999 7.57277600000003,45.580274999 7.57282900000007,45.580210999 7.57290300000005,45.580118999 7.57296700000006,45.5800809990001 7.57301700000005,45.580026999 7.57303800000005,45.580007999 7.57311000000004,45.5799999990001 7.57319400000006,45.580000999 7.57322000000005,45.579981999 7.57321900000005,45.5799079990001 7.57321300000007,45.5798629990001 7.57319400000006,45.579821999 7.57314100000002,45.5797669990001 7.57311700000002,45.5797259990001 7.57306400000004,45.579688999 7.57304500000004,45.5796529990001 7.57299200000006,45.579619999 7.57290100000006,45.579595999 7.57284500000003,45.5795609990001 7.57274900000004,45.5795239990001 7.57269400000007,45.579490999 7.57266900000008,45.5794709990001 7.57266300000003,45.579418999 7.57262800000007,45.5793699990001 7.57263700000004,45.579308999 7.57268000000005,45.579219999 7.57269700000006,45.579175999 7.57270000000005,45.579058999 7.57265900000004,45.578950999 7.57263000000006,45.5788899990001 7.57264700000007,45.5788269990001 7.57262200000002,45.578718999 7.57259700000003,45.5786669990001 7.57258900000005,45.578589999 7.57255000000004,45.5785049990001 7.57247300000006,45.578449999 7.57235900000006,45.5784149990001 7.57228700000007,45.578409999 7.57226000000003,45.5783739990001 7.57223600000003,45.578335999 7.57223700000003,45.5782819990001 7.57227100000006,45.5782419990001 7.57228500000002,45.5781879990001 7.57233000000002,45.5781489990001 7.57239400000003,45.578133999 7.57239300000003,45.578067999 7.57238200000006,45.5780079990001 7.57240100000007,45.577936999 7.57241600000003,45.5778529990001 7.57244500000007,45.577820999 7.57245400000005,45.5777639990001 7.57243500000004,45.577710999 7.57245200000006,45.5776559990001 7.57254000000006,45.577592999 7.57261500000004,45.5775679990001 7.57270800000003,45.5775179990001 7.57276800000005,45.5774719990001 7.57280200000002,45.577433999 7.57280600000007,45.577369999 7.57273800000007,45.577325999 7.57269900000006,45.5772679990001 7.57267800000005,45.577210999 7.57269900000006,45.5771589990001 7.57274500000005,45.5770699990001 7.57276500000006,45.5769819990001 7.57274900000004,45.5769159990001 7.57272700000004,45.576879999 7.57270700000004,45.576855999 7.57269500000007,45.5767129990001 7.57277600000003,45.576648999 7.57285900000005,45.5765999990001 7.57289300000002,45.576556999 7.57289700000007,45.576490999 7.57286800000003,45.576443999 7.57285200000007,45.576380999 7.57285000000007,45.576264999 7.57284400000003,45.576197999 7.57286100000005,45.5761179990001 7.57289000000003,45.576088999 7.57294600000006,45.576068999 7.57298500000007,45.5760529990001 7.57299600000005,45.576018999 7.57296500000007,45.575955999 7.57295800000003,45.5758949990001 7.57297000000005,45.575835999 7.57295100000005,45.5757889990001 7.57294300000007,45.575682999 7.57292400000006,45.575635999 7.57292700000005,45.575542999 7.57297500000004,45.575458999 7.57298400000008,45.5754059990001 7.57305400000007,45.575341999 7.57308900000004,45.575279999 7.57311300000003,45.5752259990001 7.57312700000006,45.5750849990001 7.57310800000005,45.5750399990001 7.57310800000005,45.5749449990001 7.57311900000008,45.5749019990001 7.57310300000006,45.5748339990001 7.57314400000007,45.574777999 7.57308100000006,45.5745689990001 7.57296300000007,45.5743039990001 7.57300600000002,45.5740559990001 7.57293600000003,45.573722999 7.57292800000005,45.5735719990001 7.57301300000006,45.5735099990001 7.57319300000006,45.573524999 7.57327200000003,45.5734829990001 7.57328700000005,45.5733699990001 7.57328400000006,45.573247999 7.57330400000006,45.5731519990001 7.57330200000007,45.5729919990001 7.57326400000005,45.572843999 7.57325000000003,45.5726799990001 7.57317000000006,45.5725359990001 7.57301600000005,45.5724459990001 7.57276200000007,45.572416999 7.57249500000006,45.572442999 7.57215800000006,45.5725149990001 7.57182200000005,45.572556999 7.57147100000003,45.572512999 7.57117400000004,45.5723639990001 7.57105700000005,45.572256999 7.57084400000002,45.5721369990001 7.57071200000007,45.5720039990001 7.57085900000004,45.5717789990001 7.57085100000006,45.5716189990001 7.57078800000005,45.5715009990001 7.57080500000006,45.571311999 7.57091500000007,45.571001999 7.57093200000003,45.5708039990001 7.57098700000006,45.5707459990001 7.57110400000005,45.570616999 7.57125900000005,45.5704259990001 7.57126400000004,45.5702279990001 7.57113200000003,45.5699989990001 7.57098600000006,45.569828999 7.57076900000004,45.569670999 7.57062300000007,45.5695049990001 7.57060200000006,45.569398999 7.57061700000003,45.5692819990001 7.57069900000005,45.569105999 7.57069800000005,45.568907999 7.57066900000007,45.5686639990001 7.57059400000003,45.5685289990001 7.57053100000007,45.5684269990001 7.57053500000006,45.5682669990001 7.57061100000004,45.568116999 7.57065700000004,45.5679239990001 7.57062500000006,45.5677719990001 7.57052700000003,45.567622999 7.57040400000005,45.567512999 7.57033500000006,45.5674149990001 7.57033900000005,45.5672549990001 7.57028700000006,45.567174999 7.57009200000005,45.567062999 7.57003400000002,45.5669819990001 7.56999200000007,45.566770999 7.56996500000002,45.5664179990001 7.56978900000007,45.5660329990001 7.56965800000006,45.566022999 7.56929100000002,45.5660769990001 7.56878100000006,45.5661449990001 7.56788800000004,45.566134999 7.56766000000005,45.566161999 7.56729900000005,45.5662129990001 7.56706600000007,45.5662209990001 7.56682500000005,45.5662439990001 7.56644200000005,45.566246999 7.56613100000004,45.566230999 7.56581500000004,45.566229999 7.56550900000008,45.5661529990001 7.56525100000005,45.5659919990001 7.56503400000003,45.5657879990001 7.56490400000007,45.565730999 7.56473100000005,45.565690999 7.56456000000003,45.5655839990001 7.56437900000003,45.565434999 7.56425200000007,45.5652309990001 7.56426500000003,45.564940999 7.56431800000007,45.564764999 7.56449500000002,45.5643889990001 7.56452500000006,45.5643889990001 7.56455000000005,45.5643519990001 7.56458900000007,45.5642129990001 7.56459500000005,45.5640069990001 7.56451300000003,45.563934999 7.56440800000007,45.563815999 7.56433300000003,45.5637139990001 7.56427600000006,45.5635779990001 7.56417700000003,45.563454999 7.56407300000006,45.5633359990001 7.56402600000007,45.5632719990001 7.56403500000005,45.563183999 7.56402500000007,45.5630919990001 7.56409500000007,45.562692999 7.56416000000007,45.562491999 7.56418900000006,45.562285999 7.56423700000005,45.5620469990001 7.56430100000006,45.5618959990001 7.56438200000002,45.5617839990001 7.56445700000006,45.5616419990001 7.56447800000007,45.5615279990001 7.56457000000006,45.561453999 7.56466800000004,45.561361999 7.56480700000003,45.561313999 7.56496300000003,45.561298999 7.56511900000004,45.561275999 7.56523500000003,45.5611719990001 7.56537600000007,45.5610809990001 7.56552100000005,45.5609949990001 7.56569200000007,45.5608959990001 7.56590500000004,45.5607429990001 7.56600400000002,45.5606089990001 7.56607200000008,45.5605179990001 7.56616300000007,45.5604729990001 7.56634500000007,45.5603819990001 7.56648500000006,45.560307999 7.56659500000006,45.560212999 7.56665800000007,45.5601089990001 7.56674400000003,45.560008999 7.56692600000002,45.5599139990001 7.56706600000007,45.5598239990001 7.56712200000004,45.5597529990001 7.56717200000003,45.559652999 7.56721000000005,45.5595729990001 7.56726000000003,45.5595059990001 7.56733400000007,45.559426999 7.56743600000004,45.5593949990001 7.56755700000002,45.559358999 7.56771300000003,45.5593309990001 7.56788700000004,45.5593209990001 7.56809700000002,45.5593279990001 7.56822500000004,45.559314999 7.56829500000003,45.559312999 7.56835500000005,45.559296999 7.56843300000003,45.5592809990001 7.56851200000006,45.559244999 7.56858500000004,45.5591949990001 7.56865800000003,45.5591449990001 7.56870800000007,45.559086999 7.56878700000004,45.559020999 7.56887300000005,45.5589419990001 7.56895900000006,45.5588509990001 7.56897900000007,45.558753999 7.56899600000003,45.558589999 7.56896300000005,45.5584469990001 7.56902500000007,45.5583549990001 7.56909300000007,45.558275999 7.56916700000005,45.558209999 7.56926500000003,45.558121999 7.56935100000004,45.5580439990001 7.56944800000002,45.557964999 7.56955200000004,45.5578819990001 7.56965000000002,45.5578199990001 7.56979500000006,45.5577509990001 7.56993400000005,45.557718999 7.57008400000007,45.5576829990001 7.57034300000004,45.557622999 7.57056700000004,45.5575199990001 7.57070000000004,45.557487999 7.57088000000005,45.5574569990001 7.57111000000003,45.557468999 7.57123200000007,45.5574329990001 7.57136000000003,45.557449999 7.57147400000002,45.5574349990001 7.57159500000006,45.5573689990001 7.57168600000006,45.5573199990001 7.57181500000007,45.5572119990001 7.57189600000004,45.5570699990001 7.57204300000006,45.5569419990001 7.57217700000007,45.5568679990001 7.57233000000002,45.5567389990001 7.57232700000003,45.5565999990001 7.57231800000005,45.556477999 7.57230200000004,45.5563979990001 7.57228700000007,45.556275999 7.57229700000005,45.556140999 7.57233700000006,45.555964999 7.57240700000006,45.555826999 7.57247600000005,45.5556769990001 7.57250900000003,45.5555679990001 7.57254800000004,45.555441999 7.57263500000005,45.555308999 7.57271600000007,45.555195999 7.57283200000006,45.555100999 7.57292400000006,45.5550089990001 7.57301500000005,45.5549639990001 7.57312400000006,45.5549149990001 7.57323900000006,45.5548699990001 7.57336600000002,45.5548169990001 7.57349400000004,45.5547389990001 7.57358600000003,45.554634999 7.57366700000006,45.554538999 7.57368200000008,45.5544129990001 7.57370800000007,45.554312999 7.57375800000005,45.5542209990001 7.57384400000007,45.5541419990001 7.57393700000006,45.554041999 7.57407100000006,45.553929999 7.57417100000004,45.5537589990001 7.57418600000005,45.553636999 7.57417700000008,45.553531999 7.57417900000007,45.5534309990001 7.57419400000003,45.553325999 7.57426200000003,45.5532469990001 7.57430200000005,45.553146999 7.57431700000006,45.5531309990001 7.57435300000003,45.5530919990001 7.57435200000003,45.5530679990001 7.57438300000007,45.5529539990001 7.57443300000006,45.5528829990001 7.57455700000003,45.552690999 7.57457900000003,45.5525439990001 7.57458100000002,45.552446999 7.57456100000007,45.5523289990001 7.57453400000003,45.5521899990001 7.57460900000007,45.5520729990001 7.57470100000006,45.5519819990001 7.57477500000005,45.551889999 7.57484900000003,45.5518109990001 7.57493400000004,45.5517449990001 7.57501400000007,45.551682999 7.57503400000007,45.5515989990001 7.57501200000007,45.551505999 7.57495400000005,45.551429999 7.57495100000006,45.5513329990001 7.57498300000003,45.5512449990001 7.57499800000005,45.551118999 7.57503800000006,45.5509679990001 7.57504200000005,45.550803999 7.57502100000005,45.5507069990001 7.57504600000004,45.5506319990001 7.57509200000004,45.550493999 7.57517400000006,45.550309999 7.57523100000003,45.550196999 7.57533700000005,45.5500259990001 7.57529800000003,45.549906999 7.57518600000003,45.549838999 7.57498500000003,45.5497779990001 7.57492400000007,45.549771999 7.57485300000008,45.5497629990001 7.57466800000003,45.549718999 7.57448100000005,45.5496239990001 7.57437400000003,45.5495049990001 7.57432100000005,45.5494699990001 7.57426300000003,45.5494189990001 7.57421700000003,45.5493509990001 7.57419400000003,45.5492879990001 7.57420800000006,45.549203999 7.57428300000004,45.5491079990001 7.57437500000003,45.549003999 7.57440200000002,45.548865999 7.57441700000004,45.5487479990001 7.57441400000005,45.548646999 7.57443400000005,45.5485589990001 7.57446700000003,45.548462999 7.57455200000004,45.5484009990001 7.57471500000003,45.548351999 7.57501000000002,45.5482889990001 7.57509500000003,45.548213999 7.57514100000003,45.5480879990001 7.57515500000005,45.5479749990001 7.57517600000006,45.547873999 7.57514400000002,45.5477309990001 7.57519000000002,45.5475459990001 7.57512700000007,45.547427999 7.57500500000003,45.547295999 7.57497800000004,45.5471689990001 7.57498000000004,45.5470769990001 7.57501900000005,45.546971999 7.57509900000002,45.546884999 7.57523300000003,45.5468019990001 7.57550100000003,45.546594999 7.57558800000004,45.546503999 7.57572200000004,45.5463749990001 7.57577400000002,45.5462409990001 7.57581800000003,45.546144999 7.57585700000004,45.546031999 7.57587700000005,45.5459359990001 7.57591600000006,45.545830999 7.57596500000005,45.545759999 7.57607600000006,45.5456649990001 7.57624000000004,45.5455699990001 7.57641500000005,45.545491999 7.57665600000007,45.5454319990001 7.57684900000004,45.5453879990001 7.57703100000003,45.5452979990001 7.57726300000007,45.545106999 7.57744200000008,45.544902999 7.57749900000005,45.5447819990001 7.57759700000003,45.5446699990001 7.57774000000006,45.544473999 7.57788700000003,45.544319999 7.57796800000006,45.544211999 7.57794300000006,45.544030999 7.57792200000006,45.543891999 7.57784600000002,45.5438169990001 7.57780200000008,45.543732999 7.57768500000003,45.5435689990001 7.57761600000003,45.5434499990001 7.57750500000003,45.5433399990001 7.57744100000002,45.5432759990001 7.57734900000003,45.5431399990001 7.57730400000003,45.5430259990001 7.57725800000003,45.5429329990001 7.57723600000003,45.542851999 7.57716700000003,45.542745999 7.57716300000004,45.5426449990001 7.57716700000003,45.5425959990001 7.57718500000004,45.5424859990001 7.57719900000006,45.5424359990001 7.57721300000003,45.542359999 7.57721500000002,45.5422799990001 7.57719400000008,45.542140999 7.57721400000003,45.5420609990001 7.57720500000005,45.541959999 7.57717300000007,45.5417869990001 7.57715200000007,45.5416739990001 7.57711900000004,45.541571999 7.57710400000008,45.5414539990001 7.57704700000005,45.5413399990001 7.57699600000007,45.5412299990001 7.57699700000006,45.5411629990001 7.57704100000007,45.541095999 7.57712100000003,45.5410209990001 7.57722000000007,45.540857999 7.57721700000008,45.5407489990001 7.57720200000006,45.5406389990001 7.57717600000007,45.540495999 7.57704800000005,45.5403519990001 7.57701300000002,45.540287999 7.57694300000003,45.5402109990001 7.57685000000004,45.5401179990001 7.57678000000004,45.540065999 7.57670900000005,45.5400149990001 7.57663900000006,45.5399379990001 7.57653900000003,45.5398739990001 7.57648600000005,45.539835999 7.57640400000003,45.539770999 7.57628100000005,45.5396729990001 7.57616200000007,45.539616999 7.57604500000002,45.539522999 7.57601700000004,45.5394509990001 7.57595900000007,45.5393579990001 7.57590700000003,45.539302999 7.57580700000005,45.539212999 7.57568500000002,45.5390849990001 7.57548200000002,45.5390569990001 7.57538400000004,45.5390009990001 7.57519700000006,45.538956999 7.57502300000004,45.5389959990001 7.57495600000004,45.5389919990001 7.57483700000006,45.5389539990001 7.57480100000004,45.538942999 7.57455300000004,45.5387959990001 7.57430800000003,45.5386569990001 7.57338000000004,45.538267999 7.56876000000005,45.538014999 7.56870100000003,45.538019999 7.56861700000007,45.5380259990001 7.56857400000007,45.5380289990001 7.56854900000008,45.538038999 7.56854000000004,45.538039999 7.56825000000003,45.537923999 7.56802500000003,45.5378289990001 7.56785300000007,45.537768999 7.56784000000005,45.537750999 7.56782100000004,45.5377389990001 7.56779700000004,45.537723999 7.56777300000005,45.5376889990001 7.56770300000005,45.537659999 7.56765800000005,45.5376499990001 7.56766700000003,45.5376269990001 7.56766500000003,45.537606999 7.56765500000006,45.5375579990001 7.56763400000006,45.5375489990001 7.56759400000004,45.5375149990001 7.56754100000006,45.5374609990001 7.56765000000007,45.5374369990001 7.56761400000005,45.5373289990001 7.56761300000005,45.537224999 7.56757100000004,45.5371269990001 7.56756300000006,45.5370799990001 7.56757300000004,45.5369679990001 7.56757700000003,45.5369279990001 7.56766100000004,45.5368599990001 7.56763100000006,45.536774999 7.56762300000003,45.536687999 7.56754500000005,45.5366949990001 7.56748000000005,45.5366769990001 7.56737800000008,45.5366759990001 7.56723400000004,45.536669999 7.56712100000004,45.5366729990001 7.56699500000008,45.5366759990001 7.56684500000006,45.5366989990001 7.56674900000007,45.536705999 7.56667700000003,45.5367179990001 7.56659900000005,45.5367209990001 7.56644800000004,45.5367439990001 7.56634600000007,45.536780999 7.56624400000004,45.536796999 7.56615200000005,45.536842999 7.56606100000005,45.5368619990001 7.56594300000006,45.5368999990001 7.56583900000004,45.5369299990001 7.56578800000005,45.5369409990001 7.56568600000003,45.536955999 7.56563700000004,45.5369709990001 7.56557200000003,45.536980999 7.56552100000005,45.5369939990001 7.56543600000003,45.5370089990001 7.56541900000008,45.5370119990001 7.56528400000008,45.5370179990001 7.56513900000004,45.5370369990001 7.56495300000006,45.5370159990001 7.56493400000005,45.5370139990001 7.56491000000005,45.5369939990001 7.56488400000006,45.5369729990001 7.56482400000004,45.5369439990001 7.56473500000004,45.536931999 7.56460500000003,45.536891999 7.56443900000005,45.536868999 7.56437200000005,45.5368599990001 7.56423800000005,45.536848999 7.56419200000005,45.536822999 7.56288300000006,45.5367639990001 7.56283800000006,45.5367439990001 7.56276400000007,45.5367029990001 7.56275500000004,45.5366979990001 7.56257200000005,45.536597999 7.56250100000005,45.536554999 7.56243900000004,45.536504999 7.56233100000003,45.5364729990001 7.56227600000005,45.5361819990001 7.56222600000007,45.5361769990001 7.56209400000006,45.5361329990001 7.56204800000006,45.536121999 7.56197600000007,45.536103999 7.56192100000004,45.536080999 7.56187900000003,45.5360709990001 7.56182400000006,45.5360469990001 7.56179200000003,45.536037999 7.56175800000005,45.536010999 7.56168100000002,45.5359799990001 7.56159400000007,45.5359519990001 7.56150300000007,45.5359389990001 7.56145200000003,45.5359329990001 7.56140500000004,45.535899999 7.56139100000007,45.5358919990001 7.56130500000006,45.5358209990001 7.56129700000002,45.5357819990001 7.56128200000006,45.535764999 7.56125900000006,45.535744999 7.56125100000003,45.5357259990001 7.56117800000004,45.5355679990001 7.56112400000006,45.535496999 7.56110500000005,45.5354659990001 7.56107800000007,45.5354399990001 7.56105800000006,45.5353949990001 7.56106500000004,45.5352809990001 7.56104700000003,45.5352079990001 7.56103700000006,45.5350959990001 7.56096500000007,45.5350349990001 7.56096500000007,45.535002999 7.56096000000002,45.5349899990001 7.56094200000007,45.5349649990001 7.56089900000006,45.534934999 7.56081600000005,45.534884999 7.56077600000003,45.534904999 7.56069500000007,45.5349679990001 7.56063200000006,45.5350279990001 7.56059900000002,45.535092999 7.56051200000007,45.535196999 7.55975800000004,45.535133999 7.55971300000004,45.5350819990001 7.55962600000004,45.5349919990001 7.55963200000002,45.5349879990001 7.55962100000005,45.5349859990001 7.55935600000004,45.534679999 7.55943700000006,45.5344259990001 7.55949700000002,45.5344039990001 7.55952300000007,45.5343749990001 7.55955600000004,45.534349999 7.55960400000004,45.534321999 7.55965100000003,45.5342959990001 7.55972800000006,45.5342459990001 7.55977500000006,45.534207999 7.55997300000007,45.5340849990001 7.55997200000007,45.5340839990001 7.56005300000004,45.534030999 7.55996000000005,45.533936999 7.55991900000004,45.5338899990001 7.55988500000007,45.5338219990001 7.55988000000002,45.5337719990001 7.55984700000005,45.533674999 7.55980700000003,45.533602999 7.55977300000006,45.533509999 7.55974600000008,45.5334089990001 7.55973600000004,45.533332999 7.55973800000004,45.5332569990001 7.55974000000003,45.533155999 7.55974900000007,45.533067999 7.55974500000002,45.5329839990001 7.55975300000006,45.532907999 7.55975500000005,45.532815999 7.55954400000007,45.532720999 7.55954300000008,45.532720999 7.55902800000007,45.532091999 7.55846400000007,45.5314799990001 7.55841300000003,45.5314499990001 7.55825500000003,45.5313679990001 7.55799300000007,45.531260999 7.55778800000007,45.5311849990001 7.55761200000006,45.5310509990001 7.55759200000006,45.531032999 7.55755900000003,45.531036999 7.55753600000003,45.531031999 7.55750900000004,45.531016999 7.55747200000008,45.5310029990001 7.55711000000002,45.5307609990001 7.55705900000004,45.530719999 7.55434000000002,45.5273559990001 7.55432600000006,45.527323999 7.55428200000006,45.5272879990001 7.55425600000007,45.5272389990001 7.55423000000008,45.5271979990001 7.55420300000003,45.5271499990001 7.55413500000003,45.5270909990001 7.55409300000002,45.527074999 7.55404600000003,45.527030999 7.55401200000006,45.5269979990001 7.55398700000006,45.5269559990001 7.55389700000006,45.5269029990001 7.55385500000006,45.526892999 7.55385000000007,45.5268999990001 7.55372100000005,45.5268889990001 7.55364100000003,45.5268789990001 7.55354300000005,45.5268769990001 7.55351400000006,45.526874999 7.55348500000002,45.5268809990001 7.55343200000004,45.526895999 7.55335500000007,45.526916999 7.55326700000006,45.5269339990001 7.55317900000006,45.5269679990001 7.55316200000004,45.5269749990001 7.55313700000005,45.526983999 7.55309200000005,45.526981999 7.55294800000007,45.5270219990001 7.55288800000005,45.527033999 7.55277800000005,45.5270589990001 7.55277400000006,45.527048999 7.55263300000007,45.5270849990001 7.55254900000006,45.527092999 7.55253000000005,45.527096999 7.55234400000006,45.5271329990001 7.55229600000007,45.5271539990001 7.55222500000002,45.527184999 7.55213500000002,45.5271779990001 7.55203800000004,45.527163999 7.55201600000004,45.527181999 7.55193600000007,45.527226999 7.55190600000003,45.527227999 7.55188400000003,45.5272209990001 7.55184000000003,45.527228999 7.55179200000003,45.527235999 7.55175700000007,45.527229999 7.55170100000004,45.527231999 7.55143800000008,45.5272619990001 7.55104400000005,45.5272229990001 7.55086100000005,45.5272229990001 7.55058000000002,45.527252999 7.55040400000007,45.5272939990001 7.55030100000005,45.527367999 7.55021500000004,45.527393999 7.55020800000005,45.5274059990001 7.55017300000003,45.5274229990001 7.55013100000002,45.5274499990001 7.55008600000002,45.5274739990001 7.55002400000006,45.527520999 7.54997000000003,45.527565999 7.54983700000003,45.527639999 7.54978000000006,45.5276709990001 7.54974600000003,45.5276879990001 7.54971500000005,45.5277119990001 7.54959900000006,45.527730999 7.54940600000003,45.5278099990001 7.54932700000006,45.5278549990001 7.54919900000004,45.5279669990001 7.54912000000007,45.5280549990001 7.54883800000005,45.5282589990001 7.54866800000002,45.528316999 7.54848400000003,45.528378999 7.54829100000006,45.5284079990001 7.54809600000004,45.528425999 7.54787500000003,45.5284539990001 7.54750400000006,45.5285679990001 7.54702200000003,45.5287479990001 7.54684300000002,45.528785999 7.54635700000006,45.5288009990001 7.54547800000006,45.528222999 7.54473600000006,45.527679999 7.54670700000003,45.524714999 7.54674200000005,45.524637999 7.54693500000008,45.5243659990001 7.54757500000005,45.5231889990001 7.54762100000005,45.5231409990001 7.54764300000005,45.5230159990001 7.54772900000006,45.5225429990001 7.54785200000003,45.5220589990001 7.54787800000003,45.5218889990001 7.54790600000007,45.5218349990001 7.54789100000005,45.521447999 7.54779700000006,45.521109999 7.54775000000006,45.5209879990001 7.54764300000005,45.5204919990001 7.54756300000003,45.520093999 7.54737200000005,45.5196509990001 7.54738500000008,45.519576999 7.54726300000004,45.519329999 7.54718500000007,45.5190909990001 7.54686000000004,45.519084999 7.54661400000003,45.5189999990001 7.54659900000007,45.5190009990001 7.54644000000008,45.5188649990001 7.54638600000004,45.5187499990001 7.54631100000006,45.518450999 7.54626700000006,45.5183919990001 7.54627300000004,45.518341999 7.54628500000007,45.5182599990001 7.54638800000004,45.5181289990001 7.54644600000006,45.5180529990001 7.54700400000007,45.517884999 7.54730300000006,45.517730999 7.54744700000003,45.517661999 7.54758200000003,45.517592999 7.54790100000002,45.5174319990001 7.54888800000003,45.517096999 7.54903200000007,45.516898999 7.54919800000005,45.516833999 7.54936900000007,45.5167519990001 7.54938600000003,45.516691999 7.54948600000006,45.5166419990001 7.54969500000004,45.516555999 7.54984700000006,45.516473999 7.54989800000004,45.5164119990001 7.55001300000004,45.516404999 7.55064400000003,45.5163249990001 7.55087800000007,45.516293999 7.55096400000002,45.5162109990001 7.55097800000004,45.516130999 7.55092900000005,45.515974999 7.55090700000005,45.515886999 7.55082600000003,45.5157589990001 7.55076200000002,45.5156869990001 7.55067500000007,45.515588999 7.55057600000004,45.5154909990001 7.55048400000004,45.5153599990001 7.55047100000007,45.5151529990001 7.55044900000007,45.5148629990001 7.55035300000003,45.514402999 7.55029000000007,45.5142719990001 7.55022200000008,45.514123999 7.55016600000005,45.5139839990001 7.55004700000006,45.514018999 7.54991700000005,45.514036999 7.54989200000006,45.514040999 7.54958000000005,45.514085999 7.54954600000002,45.5139569990001 7.54962500000005,45.5139319990001 7.54969800000003,45.513904999 7.54970800000007,45.513792999 7.54973200000006,45.513768999 7.54982400000006,45.513740999 7.54990300000003,45.513633999 7.54990300000003,45.513630999 7.54957400000006,45.513318999 7.54955400000006,45.513316999 7.54955000000007,45.5131429990001 7.54955000000007,45.5129709990001 7.54976500000004,45.512958999 7.54990600000002,45.5129209990001 7.54988500000007,45.512823999 7.54991100000007,45.512714999 7.54991900000005,45.5126479990001 7.54997500000007,45.512555999 7.55001300000004,45.512484999 7.55005700000004,45.5124059990001 7.55008900000007,45.5123339990001 7.55012000000005,45.512262999 7.55017600000002,45.5121799990001 7.55022000000002,45.5121089990001 7.55026400000003,45.512029999 7.55030800000003,45.5119329990001 7.55035300000003,45.5118459990001 7.55038400000007,45.511765999 7.55041600000004,45.511694999 7.55043600000005,45.511627999 7.55045500000006,45.5115739990001 7.55048000000005,45.5115229990001 7.55050000000006,45.5114609990001 7.55050100000005,45.5114139990001 7.55050900000003,45.5113509990001 7.55051100000003,45.511266999 7.55049700000006,45.511115999 7.55049400000007,45.510997999 7.55046700000003,45.5109009990001 7.55048600000003,45.5108289990001 7.55052400000005,45.510749999 7.55055000000004,45.5106749990001 7.55058200000008,45.5105989990001 7.55061900000004,45.510552999 7.55048600000003,45.5101519990001 7.55043900000004,45.5100009990001 7.55040500000007,45.509755999 7.55048500000004,45.5096329990001 7.55048000000005,45.5096319990001 7.55052500000005,45.5092559990001 7.55055100000004,45.5090279990001 7.55056800000006,45.508855999 7.55056200000007,45.508546999 7.55056000000008,45.5084219990001 7.55051800000007,45.5083529990001 7.55048700000003,45.508343999 7.55045200000006,45.5081779990001 7.55041000000006,45.508159999 7.55032500000004,45.5081449990001 7.55026800000007,45.508089999 7.55022000000002,45.5079729990001 7.55013800000006,45.5079229990001 7.55013400000007,45.5079199990001 7.55009000000007,45.5078379990001 7.55007400000005,45.5077909990001 7.55003200000004,45.5076809990001 7.54995300000007,45.507640999 7.54990600000002,45.5075879990001 7.54984500000006,45.5074959990001 7.54972800000007,45.5073389990001 7.54966200000007,45.5070649990001 7.54962200000006,45.506905999 7.54955800000005,45.506652999 7.54944900000004,45.506499999 7.54935400000005,45.506359999 7.54926500000005,45.5062409990001 7.54919600000005,45.506160999 7.54817500000007,45.5040499990001 7.54791200000005,45.503730999 7.54763900000006,45.5033999990001 7.54746900000004,45.503138999 7.54657300000002,45.5018429990001 7.54605200000003,45.5010579990001 7.54596300000003,45.500998999 7.54594700000007,45.5009189990001 7.54588400000006,45.5008369990001 7.54586300000005,45.500886999 7.54581800000005,45.500889999 7.54555700000003,45.500907999 7.54534400000006,45.500915999 7.54525800000005,45.5009199990001 7.54506300000003,45.5009699990001 7.54504900000006,45.5009269990001 7.54498900000004,45.500842999 7.54474400000004,45.5007629990001 7.54457300000007,45.500705999 7.54451900000004,45.5005879990001 7.54351900000006,45.500532999 7.54317500000008,45.500322999 7.54325300000005,45.5002739990001 7.54315100000002,45.500193999 7.54322300000007,45.500145999 7.54309000000006,45.500037999 7.54297000000003,45.4999759990001 7.54274600000002,45.499858999 7.54235000000006,45.499653999 7.54222100000004,45.4995999990001 7.54209900000006,45.4995449990001 7.54193300000003,45.499473999 7.54181400000004,45.499423999 7.54177900000008,45.499489999 7.54171200000008,45.499564999 7.54167400000006,45.4996159990001 7.54135800000006,45.4995339990001 7.54127000000005,45.4994769990001 7.54121600000008,45.4994369990001 7.54091300000005,45.499178999 7.54089400000004,45.4991699990001 7.54072100000008,45.499089999 7.54042700000002,45.498957999 7.54050400000006,45.4988349990001 7.54045400000007,45.4987669990001 7.54041300000006,45.4986779990001 7.54028300000004,45.4985569990001 7.54011000000003,45.4983379990001 7.54022200000003,45.4982919990001 7.54064600000004,45.498147999 7.54080200000004,45.4980919990001 7.54059700000005,45.498076999 7.54022400000002,45.4977959990001 7.54021400000005,45.497713999 7.54019400000004,45.4976379990001 7.54013100000003,45.4975869990001 7.54008700000003,45.4975059990001 7.54008400000004,45.4974829990001 7.54007600000006,45.4974279990001 7.54006400000003,45.497309999 7.54004800000007,45.4972739990001 7.54000400000007,45.497246999 7.54002500000007,45.497133999 7.54003800000004,45.497084999 7.53983400000004,45.496858999 7.53964700000006,45.4966219990001 7.53963200000004,45.4965809990001 7.53956100000005,45.496382999 7.53949600000004,45.4961989990001 7.53943100000004,45.4960199990001 7.53930000000003,45.495641999 7.53872600000005,45.494994999 7.53844400000003,45.494919999 7.53878100000003,45.4946619990001 7.53912700000006,45.4943979990001 7.53927000000004,45.494297999 7.53947200000005,45.494160999 7.53958800000004,45.4941019990001 7.53958100000006,45.494086999 7.53974800000003,45.4939449990001 7.53977700000007,45.4938969990001 7.53968900000007,45.493843999 7.53964300000007,45.4937659990001 7.53968300000003,45.4937149990001 7.53946500000006,45.493661999 7.53955500000006,45.493526999 7.53962000000007,45.493434999 7.53958000000006,45.4934099990001 7.53959600000007,45.4932719990001 7.53961200000003,45.493165999 7.53960200000006,45.493029999 7.53960000000006,45.4930019990001 7.53959300000002,45.4929799990001 7.53917200000006,45.4929999990001 7.53848300000004,45.4930609990001 7.53762000000006,45.493149999 7.53678800000006,45.4932719990001 7.53608100000002,45.493410999 7.53579600000006,45.4934549990001 7.53554600000007,45.493595999 7.53525000000008,45.4936959990001 7.53504900000007,45.493751999 7.53474200000005,45.4938259990001 7.53434300000004,45.494026999 7.53394900000006,45.494250999 7.53371000000004,45.494383999 7.53357700000004,45.4944569990001 7.53339200000005,45.494490999 7.53321700000004,45.4945739990001 7.53254500000003,45.494963999 7.53232700000007,45.4950309990001 7.53226400000005,45.4950499990001 7.53215400000005,45.495061999 7.53204800000003,45.4950739990001 7.53189000000003,45.4950919990001 7.53164000000004,45.4951589990001 7.53158700000006,45.4951639990001 7.53148200000004,45.4952069990001 7.53139200000004,45.495238999 7.53128500000003,45.4952919990001 7.53128300000003,45.4952929990001 7.53115300000007,45.4952979990001 7.53084300000006,45.4952489990001 7.53071600000004,45.4952289990001 7.53074800000007,45.4952699990001 7.53062800000004,45.4952909990001 7.53054800000007,45.495308999 7.53051900000003,45.4952929990001 7.53041300000007,45.495236999 7.53039000000007,45.4952259990001 7.53031000000004,45.4951159990001 7.53039100000007,45.4949299990001 7.53046000000006,45.4948689990001 7.53051900000003,45.4948259990001 7.53057700000005,45.4947789990001 7.53064100000006,45.494719999 7.53069100000005,45.494652999 7.53075000000007,45.4945929990001 7.53080400000005,45.494522999 7.53088300000007,45.494449999 7.53093300000006,45.4943529990001 7.53071300000005,45.4940059990001 7.53047200000003,45.4936709990001 7.53033100000005,45.493419999 7.53001300000005,45.492781999 7.52991900000006,45.4926189990001 7.53028500000005,45.4924189990001 7.53048700000005,45.4923509990001 7.53058000000004,45.492153999 7.53065400000003,45.4921159990001 7.53068100000007,45.4920969990001 7.53073300000005,45.492063999 7.53079000000002,45.492036999 7.53083200000003,45.492018999 7.53084200000006,45.492014999 7.53092200000003,45.492014999 7.53094400000003,45.492015999 7.53097200000008,45.492015999 7.53104800000006,45.491994999 7.53110300000003,45.491971999 7.53114500000004,45.491952999 7.53117900000007,45.4919369990001 7.53122500000006,45.4919139990001 7.53124900000006,45.4918949990001 7.53128100000004,45.4918699990001 7.53132800000003,45.4918679990001 7.53134300000005,45.4918669990001 7.53139000000004,45.491864999 7.53142400000007,45.491862999 7.53145000000006,45.491861999 7.53149400000007,45.4918319990001 7.53150000000005,45.4918309990001 7.53158900000005,45.4918109990001 7.53162700000007,45.4918029990001 7.53160500000007,45.491752999 7.53163300000006,45.4917439990001 7.53176000000008,45.4917199990001 7.53181800000004,45.491721999 7.53183700000005,45.491570999 7.53197100000006,45.4914629990001 7.53203000000002,45.4913499990001 7.53211100000004,45.491338999 7.53213000000005,45.4912019990001 7.53203500000006,45.4910599990001 7.53198900000007,45.4909759990001 7.53188000000006,45.490852999 7.53183700000005,45.490798999 7.53175900000002,45.4906799990001 7.53168100000005,45.4904339990001 7.53183100000007,45.490396999 7.53216000000003,45.4901389990001 7.53219300000006,45.4900929990001 7.53221400000007,45.490064999 7.53217000000006,45.490039999 7.53294300000005,45.489814999 7.53299000000004,45.489674999 7.53295700000007,45.4893729990001 7.53290600000003,45.4893039990001 7.53294300000005,45.489293999 7.53345100000007,45.489156999 7.53385100000003,45.488998999 7.53425400000003,45.488803999 7.53445600000003,45.4886819990001 7.53467600000005,45.488555999 7.53468000000004,45.488553999 7.53413300000005,45.4880889990001 7.53069700000003,45.484183999 7.53025800000006,45.4838859990001 7.53006000000005,45.4837219990001 7.53001200000006,45.4834919990001 7.52979600000003,45.4832549990001 7.52964800000007,45.482991999 7.52951600000006,45.4827549990001 7.52921600000008,45.482448999 7.52918500000004,45.4823699990001 7.52916800000003,45.4823279990001 7.52907400000004,45.482203999 7.52910100000003,45.482066999 7.52912700000007,45.481932999 7.52908200000007,45.4814529990001 7.52905900000007,45.4813549990001 7.52890400000007,45.4808899990001 7.52887700000002,45.480423999 7.52896100000004,45.480246999 7.52880500000003,45.4799379990001 7.52867600000008,45.479616999 7.52874700000007,45.479473999 7.52874400000007,45.4794619990001 7.52868200000006,45.4792419990001 7.52875200000005,45.478890999 7.52864500000004,45.478715999 7.52865000000003,45.4785459990001 7.52832900000004,45.4781159990001 7.52834900000005,45.4779089990001 7.52831800000007,45.4774419990001 7.52812100000006,45.4771479990001 7.52810000000005,45.4768829990001 7.52798300000006,45.4766749990001 7.52792600000004,45.4765209990001 7.52770800000008,45.4763439990001 7.52770000000004,45.476346999 7.52769000000006,45.476344999 7.52742700000005,45.4762979990001 7.52731900000003,45.476277999 7.52727100000004,45.4762869990001 7.52722100000005,45.4762969990001 7.52706800000004,45.4762699990001 7.52677900000003,45.476218999 7.52669000000003,45.4762029990001 7.52666100000005,45.4761979990001 7.52646500000003,45.4762659990001 7.52633800000007,45.4762239990001 7.52627700000005,45.4762039990001 7.52598500000005,45.476164999 7.52509900000007,45.4760409990001 7.52432300000004,45.4759509990001 7.52399400000007,45.475947999 7.52368800000005,45.475944999 7.52359700000005,45.4759059990001 7.52343600000006,45.475871999 7.52308400000004,45.475948999 7.52171300000003,45.4760639990001 7.52169800000007,45.4760649990001 7.52092500000003,45.475655999 7.52081800000008,45.475488999 7.52025100000003,45.4747449990001 7.52015400000005,45.4745589990001 7.52013000000005,45.474500999 7.52010400000006,45.474301999 7.51703500000002,45.4691509990001 7.51692600000007,45.4690029990001 7.51647700000007,45.4687529990001 7.51632500000005,45.4686619990001 7.51601700000003,45.468469999 7.51564000000008,45.4682559990001 7.51538000000005,45.468108999 7.51526100000007,45.467993999 7.51512400000007,45.467858999 7.51505200000003,45.4678049990001 7.51494600000007,45.467728999 7.51470600000005,45.4676259990001 7.51435000000004,45.4674709990001 7.51407400000005,45.4673539990001 7.51399400000003,45.4673069990001 7.51375200000007,45.467183999 7.51352700000007,45.4671019990001 7.51341700000006,45.467002999 7.51321400000006,45.4668139990001 7.51304800000003,45.466663999 7.51293600000002,45.4665639990001 7.51167300000003,45.4657799990001 7.51152700000006,45.4656889990001 7.51127400000007,45.465655999 7.51109600000007,45.4655939990001 7.51093000000003,45.4654799990001 7.51079500000003,45.465388999 7.51055400000007,45.4653109990001 7.51036500000004,45.465226999 7.51007300000003,45.465096999 7.50986400000005,45.464981999 7.50966500000004,45.4648979990001 7.50953000000004,45.464798999 7.50943800000005,45.4647159990001 7.50937600000003,45.4646339990001 7.50932600000004,45.4645209990001 7.50928800000003,45.4643869990001 7.50924800000007,45.4642969990001 7.50917600000002,45.4642069990001 7.50902100000008,45.4640629990001 7.50898200000006,45.4639289990001 7.50897500000002,45.4637949990001 7.50906300000003,45.463691999 7.50914100000006,45.463513999 7.50917700000002,45.463357999 7.50908500000003,45.4632309990001 7.50883600000003,45.4633409990001 7.50846000000007,45.4634879990001 7.50806900000003,45.4636419990001 7.50780000000003,45.4637489990001 7.50767500000006,45.4638029990001 7.50766800000002,45.463805999 7.50766300000004,45.4638019990001 7.50754600000005,45.463694999 7.50747500000006,45.4636219990001 7.50747000000007,45.4636169990001 7.50746000000004,45.4636179990001 7.50717400000002,45.463651999 7.50708600000007,45.4636609990001 7.50652500000007,45.4637059990001 7.50651400000004,45.4637069990001 7.50644600000004,45.4636219990001 7.50640500000003,45.463581999 7.50623800000005,45.463356999 7.50616800000006,45.4632789990001 7.50610800000004,45.4631929990001 7.50610600000005,45.4631909990001 7.50612200000006,45.4631879990001 7.50534300000004,45.4628489990001 7.50344800000005,45.4631179990001 7.50100200000003,45.4626229990001 7.50099300000005,45.4626209990001 7.49999500000007,45.462393999 7.49961300000007,45.462304999 7.49953100000005,45.4623609990001 7.49934700000006,45.462479999 7.49928300000005,45.4625199990001 7.49921000000006,45.462567999 7.49920200000003,45.462571999 7.49867800000004,45.4624469990001 7.49857900000006,45.4624279990001 7.49832700000007,45.4623819990001 7.49828800000006,45.4623759990001 7.49795700000004,45.462319999 7.49789300000003,45.4623099990001 7.49786500000005,45.462304999 7.49776900000006,45.4622879990001 7.49554900000004,45.461761999 7.49331200000006,45.460632999 7.49159400000002,45.4600349990001 7.48922400000004,45.4592679990001 7.48841600000003,45.4592779990001 7.48746900000003,45.4597179990001 7.48550500000005,45.459353999 7.48503700000003,45.4590429990001 7.48445400000003,45.4586609990001 7.48430900000005,45.458562999 7.48391500000002,45.4580989990001 7.48192800000004,45.457929999 7.48134700000003,45.457887999 7.47966800000006,45.4566849990001 7.47981100000004,45.456193999 7.47983400000004,45.4559199990001 7.47964200000007,45.4554009990001 7.47918500000003,45.4550659990001 7.47919800000005,45.4544799990001 7.47879200000006,45.453860999 7.47900300000003,45.4534839990001 7.47899600000005,45.4534829990001 7.47903100000002,45.4531219990001 7.47923300000002,45.4525819990001 7.47917700000005,45.452075999 7.47912200000007,45.451511999 7.47912400000007,45.4515069990001 7.47911500000004,45.4515059990001 7.47912000000002,45.451474999 7.47913500000004,45.451248999 7.47913500000004,45.451244999 7.47907800000007,45.4509199990001 7.47847300000006,45.449829999 7.47888500000005,45.4487309990001 7.47924200000006,45.4484929990001 7.48040200000003,45.447759999 7.48178000000007,45.4466149990001 7.48191500000007,45.4463449990001 7.48130800000007,45.4446549990001 7.48088300000006,45.4443669990001 7.48076000000003,45.4442779990001 7.48044700000003,45.444090999 7.48027600000006,45.443946999 7.48021000000006,45.443856999 7.48011500000007,45.443724999 7.47996900000004,45.443654999 7.47988000000004,45.443612999 7.47965500000004,45.4435569990001 7.47929700000003,45.4434879990001 7.47925300000003,45.443478999 7.47920200000004,45.4434659990001 7.47891700000002,45.4433959990001 7.47861400000005,45.4433489990001 7.47820100000007,45.4433769990001 7.47725300000008,45.4427649990001 7.47666400000003,45.4421609990001 7.48059400000005,45.439377999 7.48060800000007,45.4382719990001 7.48062500000003,45.437713999 7.47727800000007,45.4359669990001 7.47706100000005,45.4359669990001 7.47693900000007,45.4357619990001 7.47628400000002,45.435822999 7.47609700000004,45.435666999 7.47518600000006,45.435734999 7.46601500000003,45.434515999 7.46554500000008,45.434250999 7.46521400000006,45.4341279990001 7.46487400000007,45.4339939990001 7.46450000000004,45.433882999 7.46426700000006,45.4338269990001 7.46370700000006,45.4337839990001 7.46320700000007,45.433749999 7.46288300000003,45.4335889990001 7.46271100000007,45.433457999 7.46247400000004,45.433253999 7.46196500000002,45.432875999 7.46167800000006,45.432647999 7.46148100000005,45.4325219990001 7.46125900000004,45.4323479990001 7.46099600000002,45.432178999 7.46075600000006,45.4320519990001 7.46020900000002,45.4318679990001 7.45959500000004,45.4316649990001 7.45916400000004,45.4315059990001 7.45898200000005,45.4314209990001 7.45879200000007,45.431323999 7.45850400000006,45.4311309990001 7.45835700000003,45.4309879990001 7.45816900000005,45.430825999 7.45805400000006,45.4307299990001 7.45773300000008,45.430536999 7.45751900000005,45.4304039990001 7.45737100000002,45.4302899990001 7.45718900000003,45.4302109990001 7.45694200000003,45.430060999 7.45659600000005,45.429837999 7.45637500000004,45.429657999 7.45614600000005,45.4294659990001 7.45594000000006,45.4293449990001 7.45577900000006,45.4291009990001 7.45571700000005,45.428929999 7.45564400000006,45.428822999 7.45556600000003,45.428614999 7.45546400000006,45.428389999 7.45529900000002,45.428009999 7.45529800000003,45.4279579990001 7.45530100000008,45.427919999 7.45531100000005,45.4278659990001 7.45527800000002,45.4278179990001 7.45528800000005,45.4277519990001 7.45528900000005,45.427736999 7.45529100000005,45.4277029990001 7.45529900000002,45.4276569990001 7.45525800000007,45.4276359990001 7.45527000000004,45.427609999 7.45526500000005,45.4275899990001 7.45533700000004,45.427604999 7.45542000000006,45.427492999 7.45546900000005,45.427423999 7.45542500000005,45.4274149990001 7.45536000000004,45.4274129990001 7.45535200000006,45.427382999 7.45534700000007,45.427357999 7.45534700000007,45.4273019990001 7.45535600000005,45.427268999 7.45542000000006,45.427154999 7.45552100000003,45.4270719990001 7.45552700000007,45.4270269990001 7.45552200000003,45.4269899990001 7.45552000000004,45.426955999 7.45524100000006,45.4268019990001 7.45527000000004,45.426726999 7.45532800000007,45.4267179990001 7.45548700000006,45.4266949990001 7.45557100000002,45.426684999 7.45567500000004,45.4266749990001 7.45587000000006,45.4266939990001 7.45599400000003,45.426708999 7.45553500000005,45.4264259990001 7.45522500000004,45.4262389990001 7.45509600000003,45.4262179990001 7.45514600000007,45.4260669990001 7.45507200000003,45.425799999 7.45505300000002,45.4256409990001 7.45502500000003,45.4256069990001 7.45506000000006,45.4255939990001 7.45511100000004,45.4256169990001 7.45513900000003,45.425597999 7.45515800000004,45.425625999 7.45518900000008,45.4256379990001 7.45520400000004,45.4256359990001 7.45523700000007,45.4256819990001 7.45544300000006,45.425641999 7.45557400000007,45.4256309990001 7.45556700000003,45.4255919990001 7.45553100000006,45.425531999 7.45559000000003,45.4255489990001 7.45564000000007,45.425554999 7.45564600000006,45.425508999 7.45569900000004,45.4255409990001 7.45584900000006,45.4255249990001 7.45594700000004,45.4254949990001 7.45584700000006,45.4253699990001 7.45585000000005,45.4253249990001 7.45561000000004,45.424792999 7.45560500000005,45.4247339990001 7.45555700000006,45.4246479990001 7.45542600000005,45.424682999 7.45540400000004,45.424675999 7.45539300000007,45.424674999 7.45523900000006,45.424677999 7.45508300000006,45.4246909990001 7.45512600000006,45.4247109990001 7.45513700000004,45.424722999 7.45505900000006,45.4247409990001 7.45498300000003,45.424722999 7.45481900000004,45.424720999 7.45467400000007,45.4247379990001 7.45452500000005,45.4248059990001 7.45451600000007,45.4247789990001 7.45446900000007,45.424743999 7.45440900000006,45.424787999 7.45440000000002,45.4248519990001 7.45437900000007,45.4248639990001 7.45436600000005,45.4248749990001 7.45416800000004,45.424879999 7.45416000000006,45.424907999 7.45409700000005,45.4248949990001 7.45402100000007,45.424817999 7.45396100000005,45.4248479990001 7.45392200000003,45.424839999 7.45388900000006,45.424809999 7.45359400000007,45.424922999 7.45359400000007,45.424971999 7.45352200000002,45.424949999 7.45284500000002,45.4247319990001 7.45283700000005,45.424718999 7.45283300000006,45.4247069990001 7.45276500000006,45.424654999 7.45271700000006,45.4246429990001 7.45269600000006,45.424635999 7.45267500000006,45.4246169990001 7.45265600000005,45.424613999 7.45264400000002,45.424610999 7.45262400000007,45.424610999 7.45261500000004,45.4246019990001 7.45258000000007,45.4245949990001 7.45253300000007,45.4245829990001 7.45252700000003,45.4245809990001 7.45250900000002,45.4245799990001 7.45250000000004,45.4245819990001 7.45246700000007,45.424563999 7.45241100000004,45.424562999 7.45239700000008,45.424566999 7.45235200000008,45.4245759990001 7.45231400000006,45.424586999 7.45225800000003,45.424584999 7.45222400000006,45.424547999 7.45217700000006,45.4245319990001 7.45210300000002,45.424524999 7.45206300000007,45.424567999 7.45201300000002,45.424569999 7.45197200000007,45.4245769990001 7.45194600000002,45.424587999 7.45193800000004,45.424610999 7.45194700000008,45.4246399990001 7.45192200000002,45.4246639990001 7.45191000000005,45.4246929990001 7.45189400000004,45.424723999 7.45188500000006,45.4247619990001 7.45187500000003,45.4247619990001 7.45179100000007,45.424749999 7.45174500000007,45.4248039990001 7.45169700000002,45.424794999 7.45168200000006,45.4248019990001 7.45154000000002,45.424789999 7.45133500000003,45.4248249990001 7.45125500000006,45.424831999 7.45124200000004,45.424834999 7.45119200000005,45.4248429990001 7.45116000000007,45.424840999 7.45108400000004,45.4248279990001 7.45107200000007,45.424840999 7.45105500000005,45.424860999 7.45098700000005,45.4248759990001 7.45093100000003,45.4248699990001 7.45074000000005,45.4249619990001 7.45070900000007,45.424968999 7.45065700000004,45.4249829990001 7.45061100000004,45.4249829990001 7.45055200000007,45.4249579990001 7.45050900000007,45.4249389990001 7.45047400000004,45.4249389990001 7.45041700000007,45.4249359990001 7.45037000000002,45.424929999 7.45032900000007,45.4249209990001 7.45028700000006,45.4249129990001 7.45025200000003,45.424900999 7.45020300000004,45.4248909990001 7.44977900000004,45.424929999 7.44955800000002,45.424945999 7.44951400000002,45.424949999 7.44949300000007,45.424945999 7.44945700000005,45.4249389990001 7.44944300000003,45.4249199990001 7.44942600000007,45.4248939990001 7.44944000000004,45.4247839990001 7.44943200000006,45.424771999 7.44942700000007,45.4247079990001 7.44941400000005,45.4246059990001 7.44940700000006,45.424542999 7.44940500000007,45.4245099990001 7.44939700000003,45.4244389990001 7.44937300000004,45.424364999 7.44935500000003,45.4243689990001 7.44924700000007,45.4243749990001 7.44924300000002,45.4243709990001 7.44914700000004,45.424404999 7.44899700000008,45.4243079990001 7.44899400000003,45.424245999 7.44895600000007,45.4241679990001 7.44892200000004,45.424133999 7.44888900000007,45.424093999 7.44881200000003,45.4240769990001 7.44876400000004,45.424072999 7.44870600000007,45.4240769990001 7.44849100000005,45.4240319990001 7.44815500000004,45.4240629990001 7.44782600000002,45.4241529990001 7.44752200000005,45.4242609990001 7.44725700000004,45.424451999 7.44694100000004,45.424659999 7.44655800000004,45.424907999 7.44641300000006,45.4249999990001 7.44614100000007,45.4251379990001 7.44590500000004,45.425222999 7.44574200000005,45.425350999 7.44559500000003,45.425531999 7.44543100000004,45.425694999 7.44530200000003,45.425804999 7.44523100000004,45.425853999 7.44517800000006,45.4259449990001 7.44515400000006,45.425984999 7.44515200000006,45.4259969990001 7.44513500000005,45.426027999 7.44512500000008,45.4260629990001 7.44512300000002,45.4260859990001 7.44512900000007,45.426121999 7.44513100000006,45.4261529990001 7.44513500000005,45.4262039990001 7.44512900000007,45.426233999 7.44511100000005,45.426272999 7.44507200000004,45.426324999 7.44492600000007,45.4264459990001 7.44409100000007,45.4267419990001 7.44318600000003,45.4270299990001 7.44255400000003,45.427309999 7.44248500000003,45.4273419990001 7.44189000000006,45.4273749990001 7.44178700000003,45.4273969990001 7.44084500000002,45.427496999 7.44078900000005,45.427514999 7.44078300000007,45.4275289990001 7.44074600000005,45.427535999 7.44072700000004,45.4275459990001 7.44062500000007,45.4275679990001 7.44051000000007,45.4276139990001 7.44029200000006,45.427699999 7.44012800000007,45.4277579990001 7.44016600000003,45.4277969990001 7.44016700000003,45.427808999 7.44021300000003,45.427809999 7.44027200000005,45.4278399990001 7.44027000000006,45.427877999 7.44023400000003,45.427920999 7.44020500000005,45.4279329990001 7.44017000000002,45.427922999 7.44011200000006,45.4279599990001 7.44006500000006,45.4280909990001 7.44000100000005,45.428168999 7.43996500000003,45.4282079990001 7.43993400000005,45.428254999 7.43991300000005,45.4282939990001 7.43988800000005,45.4283209990001 7.43986400000006,45.4283409990001 7.43983600000007,45.4283539990001 7.43968100000006,45.4284309990001 7.43945500000007,45.4285789990001 7.43895700000007,45.428890999 7.43864500000007,45.429268999 7.43860100000006,45.429492999 7.43861000000004,45.4295959990001 7.43842400000005,45.4297339990001 7.43832200000003,45.4297959990001 7.43827700000003,45.4299109990001 7.43816100000004,45.4299189990001 7.43811100000005,45.429989999 7.43809000000005,45.4300299990001 7.43803300000008,45.4300269990001 7.43792500000006,45.430062999 7.43784500000004,45.430123999 7.43775400000004,45.4300899990001 7.43764700000003,45.4301389990001 7.43756800000006,45.430105999 7.43751500000008,45.4301349990001 7.43748100000005,45.430146999 7.43745800000005,45.430168999 7.43745700000005,45.4301999990001 7.43742900000007,45.4302229990001 7.43745000000007,45.4302529990001 7.43725400000005,45.4302919990001 7.43725200000006,45.430325999 7.43720700000006,45.430373999 7.43709900000005,45.4303809990001 7.43697500000007,45.430439999 7.43683300000004,45.430418999 7.43680000000006,45.4304329990001 7.43668600000007,45.4303899990001 7.43665900000008,45.4303899990001 7.43660000000006,45.430423999 7.43654000000004,45.430420999 7.43647400000003,45.4304549990001 7.43647700000002,45.430482999 7.43629400000003,45.4305859990001 7.43607400000008,45.4306609990001 7.43595200000004,45.430801999 7.43587900000006,45.430829999 7.43568300000004,45.430842999 7.43540600000006,45.430888999 7.43526800000006,45.4309219990001 7.43507000000005,45.4310169990001 7.43502000000007,45.4310569990001 7.43467700000002,45.431274999 7.43462100000005,45.4312249990001 7.43456400000002,45.4311469990001 7.43448000000006,45.431118999 7.43440900000007,45.4311319990001 7.43433400000004,45.4311689990001 7.43429300000003,45.431211999 7.43429300000003,45.4312639990001 7.43428500000005,45.431315999 7.43425300000007,45.4313289990001 7.43403400000005,45.431369999 7.43399800000003,45.431407999 7.43406100000004,45.4314419990001 7.43400800000006,45.4314899990001 7.43395500000003,45.431481999 7.43385500000005,45.431527999 7.43379000000004,45.4315779990001 7.43358400000005,45.4315999990001 7.43353900000005,45.4316459990001 7.43351400000006,45.4316639990001 7.43346500000007,45.431676999 7.43340400000005,45.4316879990001 7.43331800000004,45.4317559990001 7.43330000000003,45.4318219990001 7.43327800000003,45.4318509990001 7.43326400000007,45.431858999 7.43322100000006,45.431858999 7.43312100000003,45.4318679990001 7.43301800000006,45.4318959990001 7.43295000000006,45.4318939990001 7.43289700000003,45.4318989990001 7.43294200000003,45.4319669990001 7.43298700000003,45.4319799990001 7.43301200000008,45.432037999 7.43301800000006,45.4320579990001 7.43303000000003,45.4321019990001 7.43306100000007,45.4321469990001 7.43307800000002,45.432196999 7.43308600000006,45.432225999 7.43308600000006,45.4322579990001 7.43311200000005,45.432334999 7.43311700000004,45.4323689990001 7.43314500000002,45.432404999 7.43310500000007,45.432470999 7.43315400000006,45.432516999 7.43314500000002,45.432533999 7.43314200000003,45.4325969990001 7.43315400000006,45.432643999 7.43318500000004,45.432713999 7.43318200000004,45.432778999 7.43322700000004,45.4327979990001 7.43317800000005,45.432960999 7.43320500000004,45.4330039990001 7.43319700000006,45.4330209990001 7.43319300000007,45.433034999 7.43316200000004,45.433052999 7.43318100000005,45.433094999 7.43316600000003,45.4331129990001 7.43314600000002,45.4332049990001 7.43310900000006,45.4332409990001 7.43304900000004,45.433277999 7.43305100000003,45.4332849990001 7.43292300000007,45.433322999 7.43285100000003,45.4333299990001 7.43277800000004,45.433296999 7.43271000000004,45.4332679990001 7.43257100000005,45.433283999 7.43255400000004,45.4332659990001 7.43254700000006,45.4332509990001 7.43251500000002,45.4331959990001 7.43240200000002,45.4331519990001 7.43233800000007,45.433144999 7.43226200000004,45.433143999 7.43214400000005,45.4331549990001 7.43210000000005,45.4331589990001 7.43196600000005,45.4331519990001 7.43196100000006,45.4331509990001 7.43189000000007,45.4331129990001 7.43185400000004,45.4330899990001 7.43183800000003,45.433052999 7.43179600000008,45.4330879990001 7.43178000000006,45.4330839990001 7.43171500000005,45.4331089990001 7.43166700000006,45.4331149990001 7.43164000000007,45.433122999 7.43153200000006,45.433144999 7.43145800000002,45.433164999 7.43143200000003,45.4331829990001 7.43139700000006,45.4332169990001 7.43138500000003,45.433232999 7.43136200000004,45.4332419990001 7.43126900000004,45.433209999 7.43110000000007,45.4331539990001 7.43095800000003,45.4330859990001 7.43094600000006,45.4330619990001 7.43090100000006,45.433032999 7.43078000000003,45.4330149990001 7.43069600000007,45.4330189990001 7.43067500000006,45.4330219990001 7.43062500000002,45.433029999 7.43058000000002,45.4330399990001 7.43053200000003,45.433057999 7.43052600000004,45.4330619990001 7.43052100000006,45.433076999 7.43051800000006,45.4331119990001 7.43049500000006,45.433189999 7.43037500000003,45.4331839990001 7.43027500000005,45.433161999 7.43018000000006,45.4330699990001 7.43009900000004,45.4330199990001 7.43002200000006,45.4330459990001 7.43009100000006,45.4330689990001 7.43003100000004,45.433102999 7.42971900000003,45.4330889990001 7.42967000000004,45.433099999 7.42962700000004,45.433094999 7.42964600000005,45.4332029990001 7.42958700000003,45.433323999 7.42942100000005,45.433323999 7.42939800000005,45.4333319990001 7.42926700000004,45.433367999 7.42905000000007,45.433437999 7.42886100000004,45.4334709990001 7.42863800000003,45.4335209990001 7.42844800000006,45.4335389990001 7.42818000000005,45.4335809990001 7.42800600000004,45.433594999 7.42777000000007,45.4335879990001 7.42759700000005,45.433686999 7.42755100000005,45.4337119990001 7.42731000000003,45.4337429990001 7.42723800000005,45.433733999 7.42699000000005,45.4336949990001 7.42694400000005,45.4337129990001 7.42692200000005,45.4337369990001 7.42672100000004,45.433771999 7.42645600000003,45.433816999 7.42642600000005,45.4338529990001 7.42638900000003,45.4338769990001 7.42621100000002,45.4339169990001 7.42617100000007,45.4340049990001 7.42597100000006,45.4340749990001 7.42559000000006,45.434204999 7.42553400000003,45.434182999 7.42521500000004,45.4342829990001 7.42481100000003,45.4343949990001 7.42479700000007,45.434475999 7.42477700000006,45.4344859990001 7.42476700000003,45.4345019990001 7.42475100000007,45.4345339990001 7.42468300000007,45.4346019990001 7.42474300000003,45.4346369990001 7.42478000000006,45.4346689990001 7.42483200000004,45.4347539990001 7.42476300000004,45.4347709990001 7.42475300000007,45.434760999 7.42470700000007,45.434761999 7.42466900000005,45.4347499990001 7.42463400000003,45.4347549990001 7.42455900000004,45.434744999 7.42452000000003,45.4347569990001 7.42445800000007,45.434760999 7.42440500000004,45.4347479990001 7.42438800000002,45.434744999 7.42436500000002,45.434769999 7.42427700000007,45.4347929990001 7.42425100000003,45.434782999 7.42421500000006,45.434784999 7.42413600000003,45.4347769990001 7.42391400000002,45.434787999 7.42390100000006,45.434805999 7.42389500000007,45.434858999 7.42373600000008,45.434855999 7.42361300000005,45.4348459990001 7.42356900000004,45.4348859990001 7.42354300000005,45.434897999 7.42349900000005,45.4349059990001 7.42349000000007,45.4349289990001 7.42345900000004,45.4349779990001 7.42340100000007,45.4350259990001 7.42322900000005,45.435010999 7.42320100000006,45.435038999 7.42322900000005,45.4350949990001 7.42325800000003,45.435106999 7.42329200000006,45.4351349990001 7.42337500000002,45.435146999 7.42340100000007,45.4351639990001 7.42340500000006,45.4351799990001 7.42337400000002,45.435261999 7.42336000000006,45.4352989990001 7.42331500000006,45.435325999 7.42326300000008,45.4353839990001 7.42326800000006,45.4353889990001 7.42323900000002,45.435390999 7.42310000000003,45.4354459990001 7.42307900000003,45.4354689990001 7.42290500000007,45.4355149990001 7.42285200000003,45.435552999 7.42284000000006,45.4355869990001 7.42279900000005,45.435594999 7.42267600000002,45.4356379990001 7.42267300000003,45.4356829990001 7.42261700000006,45.4356719990001 7.42251600000003,45.435709999 7.42246200000005,45.435750999 7.42241600000006,45.4357489990001 7.42239500000005,45.4357439990001 7.42237600000004,45.4357389990001 7.42232200000007,45.4357479990001 7.42230300000006,45.4357659990001 7.42219000000006,45.4357669990001 7.42212300000006,45.435780999 7.42210600000004,45.435774999 7.42197700000003,45.4358139990001 7.42195900000007,45.435819999 7.42191800000006,45.4358119990001 7.42189800000006,45.4358129990001 7.42181900000003,45.4358119990001 7.42179100000004,45.435825999 7.42177500000003,45.435864999 7.42174200000005,45.4358829990001 7.42167900000004,45.435915999 7.42166100000003,45.435961999 7.42149400000005,45.4360339990001 7.42145700000003,45.436050999 7.42133200000006,45.4360599990001 7.42117600000006,45.436116999 7.42116100000004,45.436135999 7.42116500000003,45.436163999 7.42112700000007,45.4362129990001 7.42112800000007,45.436253999 7.42108300000007,45.436248999 7.42100600000003,45.4363349990001 7.42097700000005,45.436344999 7.42081800000005,45.4363929990001 7.42076500000007,45.4364019990001 7.42068400000005,45.436432999 7.42064400000004,45.436453999 7.42057800000003,45.436495999 7.42043800000005,45.4366229990001 7.42039500000004,45.4366499990001 7.42031600000007,45.4366909990001 7.42026100000004,45.436719999 7.42007800000005,45.4367569990001 7.42006400000002,45.436763999 7.42002900000006,45.436795999 7.42003300000005,45.4368279990001 7.42005600000005,45.4368519990001 7.42001000000005,45.436861999 7.41996300000005,45.4368979990001 7.41997800000007,45.436950999 7.42000200000007,45.4369859990001 7.41998600000005,45.437042999 7.41994900000003,45.4370739990001 7.41995300000002,45.4370979990001 7.41994400000004,45.437106999 7.41996100000006,45.437132999 7.41992400000004,45.4371569990001 7.41995700000007,45.4371859990001 7.41996100000006,45.4372329990001 7.42006400000002,45.4373229990001 7.42004900000006,45.437358999 7.42022100000003,45.4373619990001 7.42024400000003,45.4374109990001 7.42041600000005,45.437464999 7.42039800000003,45.437489999 7.42036800000005,45.4375049990001 7.42048500000004,45.4375439990001 7.42049100000003,45.4375629990001 7.42054000000007,45.4375709990001 7.42061200000006,45.4376089990001 7.42061700000005,45.4376349990001 7.42059500000005,45.4376569990001 7.42061400000006,45.437670999 7.42060700000008,45.4376979990001 7.42058500000007,45.437714999 7.42058500000007,45.4377239990001 7.42064100000005,45.437735999 7.42064400000004,45.437758999 7.42057200000005,45.437808999 7.42056900000006,45.4378419990001 7.42064500000004,45.437868999 7.42061600000005,45.4379119990001 7.42070000000007,45.4379289990001 7.42066300000005,45.4379989990001 7.42073000000005,45.438002999 7.42072200000007,45.4380409990001 7.42057700000004,45.438123999 7.42067500000007,45.4381349990001 7.42070300000006,45.4381499990001 7.42060700000008,45.4382019990001 7.42062400000003,45.438227999 7.42059900000004,45.4382859990001 7.42057300000005,45.4383119990001 7.42060600000002,45.4383989990001 7.42064400000004,45.4384009990001 7.42062600000003,45.4384229990001 7.42067900000006,45.438438999 7.42069300000003,45.4384939990001 7.42072300000007,45.4384899990001 7.42073600000003,45.438548999 7.42077800000004,45.4386489990001 7.42080500000003,45.438700999 7.42085200000002,45.438773999 7.42090600000006,45.438812999 7.42094000000003,45.4388039990001 7.42095700000004,45.438886999 7.42096600000002,45.438902999 7.42094900000006,45.4389579990001 7.42098000000004,45.4389849990001 7.42091500000004,45.439043999 7.42093400000005,45.439111999 7.42087300000003,45.439222999 7.42094000000003,45.439227999 7.42095200000006,45.439293999 7.42098100000004,45.4393419990001 7.42099500000006,45.4394589990001 7.42100100000005,45.4395229990001 7.42102100000005,45.4395229990001 7.42100600000003,45.439631999 7.42091900000003,45.4396679990001 7.42092400000007,45.439766999 7.42096700000008,45.439785999 7.42096000000004,45.4398359990001 7.42093300000005,45.439874999 7.42087800000007,45.439947999 7.42090500000006,45.4399809990001 7.42090900000005,45.440005999 7.42087300000003,45.4401119990001 7.42088000000007,45.4401299990001 7.42089300000004,45.4401849990001 7.42085300000002,45.4403319990001 7.42086100000006,45.4404069990001 7.42082300000004,45.4404889990001 7.42075800000003,45.4405449990001 7.42070400000006,45.440616999 7.42076200000002,45.4406319990001 7.42077200000006,45.4406359990001 7.42082000000005,45.4406989990001 7.42077700000004,45.4407169990001 7.42081900000005,45.4407479990001 7.42077300000005,45.440846999 7.42082600000003,45.440952999 7.42077500000005,45.441021999 7.42067000000003,45.441024999 7.42055700000003,45.441068999 7.42048100000005,45.4411259990001 7.42047100000002,45.4411539990001 7.42046700000003,45.4411649990001 7.42037200000004,45.441246999 7.42031600000007,45.441275999 7.42023500000005,45.4413469990001 7.42022200000002,45.441357999 7.42015000000004,45.4414579990001 7.42010500000004,45.441472999 7.42009700000006,45.441475999 7.42002400000007,45.441471999 7.41992400000004,45.4414849990001 7.41988400000002,45.4414889990001 7.41980800000005,45.4415499990001 7.41978200000005,45.4415709990001 7.41977600000007,45.4415729990001 7.41968500000007,45.4415929990001 7.41963100000004,45.441613999 7.41957100000008,45.441634999 7.41952900000007,45.4416479990001 7.41946900000005,45.4416619990001 7.41943200000003,45.4416679990001 7.41943600000008,45.4416859990001 7.41946400000006,45.4417319990001 7.41951000000006,45.4417609990001 7.41948700000006,45.441792999 7.41947500000003,45.4418199990001 7.41944900000004,45.441875999 7.41944300000006,45.441880999 7.41946300000006,45.4418889990001 7.41948400000007,45.441904999 7.41946700000005,45.441922999 7.41940500000004,45.4419849990001 7.41935900000004,45.442039999 7.41932100000002,45.442099999 7.41928000000007,45.4421149990001 7.41925100000003,45.442172999 7.41919600000006,45.442190999 7.41917700000005,45.442217999 7.41917300000006,45.4422689990001 7.41911000000005,45.442306999 7.41910300000006,45.442311999 7.41903800000006,45.4423839990001 7.41899100000006,45.4424519990001 7.41893300000004,45.4425419990001 7.41890200000006,45.4425719990001 7.41884700000003,45.442621999 7.41875000000005,45.4427969990001 7.41874300000006,45.442805999 7.41869400000007,45.4428419990001 7.41864600000002,45.4429279990001 7.41863500000005,45.442938999 7.41853600000007,45.4430389990001 7.41851800000006,45.4430869990001 7.41850200000005,45.443137999 7.41846900000007,45.4432239990001 7.41838800000005,45.443345999 7.41838100000007,45.4433719990001 7.41838200000007,45.4433809990001 7.41839100000004,45.443435999 7.41830700000003,45.443567999 7.41826600000007,45.4435849990001 7.41820500000006,45.443609999 7.41811500000006,45.4436229990001 7.41803700000003,45.443611999 7.41796400000004,45.4436239990001 7.41788300000007,45.4436529990001 7.41787800000003,45.443660999 7.41782400000005,45.443726999 7.41779200000008,45.443752999 7.41774400000003,45.443793999 7.41764300000006,45.4438439990001 7.41760500000004,45.4438689990001 7.41756900000007,45.4438769990001 7.41751900000003,45.4439349990001 7.41745900000006,45.443974999 7.41743300000007,45.443976999 7.41739800000005,45.4439869990001 7.41739300000006,45.443991999 7.41737100000006,45.4440069990001 7.41723200000007,45.444063999 7.41718100000003,45.4440779990001 7.41695600000003,45.4441399990001 7.41691700000007,45.444135999 7.41686600000003,45.444148999 7.41679500000004,45.4441929990001 7.41670700000003,45.444200999 7.41665400000005,45.4442269990001 7.41658600000005,45.444223999 7.41656400000005,45.4442369990001 7.41644700000006,45.4442579990001 7.41636300000005,45.444285999 7.41631500000005,45.4442819990001 7.41626000000002,45.4442989990001 7.41621500000002,45.444307999 7.41618300000005,45.4443259990001 7.41616200000004,45.4443689990001 7.41613400000006,45.4444089990001 7.41611800000004,45.4444099990001 7.41607000000005,45.4444109990001 7.41601100000003,45.444441999 7.41599100000008,45.4444609990001 7.41593000000006,45.444513999 7.41586400000006,45.4446319990001 7.41582900000003,45.444667999 7.41586200000006,45.444696999 7.41586600000005,45.444717999 7.41582900000003,45.444763999 7.41578700000002,45.444784999 7.41577200000006,45.444806999 7.41576200000003,45.4448209990001 7.41574400000007,45.444848999 7.41572700000006,45.4448839990001 7.41568900000004,45.4449059990001 7.41568600000005,45.4449079990001 7.41560400000003,45.4449129990001 7.41552900000005,45.444918999 7.41549800000007,45.4449559990001 7.41547600000007,45.444982999 7.41543900000005,45.4450259990001 7.41540400000002,45.4450609990001 7.41538600000007,45.445073999 7.41518200000007,45.4451729990001 7.41511600000007,45.445169999 7.41511100000002,45.4451719990001 7.41509600000006,45.4451759990001 7.41501200000005,45.4451989990001 7.41497600000002,45.4451829990001 7.41489100000007,45.4450919990001 7.41481600000003,45.4450939990001 7.41475000000003,45.445144999 7.41472000000005,45.4451559990001 7.41463600000003,45.445164999 7.41454800000002,45.4451289990001 7.41445800000002,45.4451149990001 7.41444500000006,45.4451119990001 7.41440000000006,45.4451129990001 7.41431600000004,45.445122999 7.41427400000003,45.4451359990001 7.41386500000004,45.4449509990001 7.41367400000007,45.4448459990001 7.41360500000008,45.4447669990001 7.41359000000006,45.444691999 7.41360200000003,45.4445739990001 7.41367300000007,45.4444749990001 7.41375300000004,45.4443649990001 7.41381800000005,45.444291999 7.41387500000008,45.4442039990001 7.41394300000007,45.4441249990001 7.41401900000005,45.4440559990001 7.41408800000005,45.444013999 7.41432000000003,45.443908999 7.41462500000006,45.4437989990001 7.41484500000007,45.4436889990001 7.41499300000004,45.443614999 7.41511400000007,45.4435549990001 7.41520400000007,45.4435099990001 7.41528200000005,45.443474999 7.41535700000003,45.443432999 7.41547500000007,45.443390999 7.41560500000003,45.4433529990001 7.41572600000006,45.443315999 7.41583800000006,45.443276999 7.41592700000007,45.4432429990001 7.41601500000007,45.4431919990001 7.41614800000002,45.443096999 7.41624200000007,45.443031999 7.41623500000003,45.4429999990001 7.41622000000007,45.442938999 7.41615600000006,45.442959999 7.41616500000003,45.442911999 7.41615100000007,45.442910999 7.41613600000005,45.442871999 7.41604800000005,45.442892999 7.41602800000004,45.442893999 7.41598500000003,45.4428329990001 7.41599000000002,45.442780999 7.41599000000002,45.442668999 7.41600100000005,45.4426329990001 7.41601300000002,45.442554999 7.41608500000007,45.442485999 7.41614300000003,45.4424759990001 7.41614700000002,45.442511999 7.41618000000005,45.4425029990001 7.41628000000003,45.4423189990001 7.41632100000004,45.442287999 7.41636300000005,45.4421359990001 7.41635300000007,45.442054999 7.41638000000006,45.4420269990001 7.41634700000003,45.441926999 7.41635000000002,45.4418939990001 7.41642700000006,45.4419159990001 7.41650900000008,45.441968999 7.41662600000006,45.4419769990001 7.41664600000007,45.4420249990001 7.41670300000004,45.4420509990001 7.41671400000007,45.4420929990001 7.41681300000005,45.442105999 7.41696300000007,45.442153999 7.41704700000003,45.442171999 7.41704100000004,45.4421109990001 7.41698400000007,45.4419819990001 7.41694600000005,45.4419089990001 7.41690600000004,45.4418039990001 7.41689100000002,45.441744999 7.41688700000003,45.4416669990001 7.41690200000005,45.4415509990001 7.41690800000003,45.441433999 7.41694500000006,45.4412559990001 7.41699500000004,45.4410759990001 7.41702300000003,45.4409879990001 7.41707100000002,45.4408119990001 7.41711800000007,45.4406539990001 7.41715700000003,45.440487999 7.41719200000006,45.4403799990001 7.41722800000002,45.4402009990001 7.41724500000004,45.4400929990001 7.41718800000007,45.4399139990001 7.41714200000007,45.4398229990001 7.41708700000004,45.439716999 7.41701800000004,45.4396439990001 7.41696900000005,45.439578999 7.41690500000004,45.4395239990001 7.41685700000005,45.439488999 7.41682700000007,45.439452999 7.41666200000003,45.4393239990001 7.41661700000003,45.439294999 7.41655300000002,45.4392539990001 7.41651100000007,45.439218999 7.41645200000005,45.4391859990001 7.41620200000006,45.4390539990001 7.41611700000004,45.439022999 7.41605000000004,45.4389879990001 7.41596300000003,45.438952999 7.41589100000004,45.4389239990001 7.41579500000006,45.438887999 7.41568800000005,45.4388549990001 7.41566700000004,45.4388489990001 7.41561700000005,45.438844999 7.41539800000004,45.438840999 7.41535900000002,45.4388319990001 7.41532700000005,45.4388309990001 7.41507500000006,45.438747999 7.41503600000004,45.4387439990001 7.41498200000007,45.4387419990001 7.41493400000007,45.4387369990001 7.41489700000005,45.438730999 7.41485800000004,45.4387199990001 7.41478800000004,45.4386719990001 7.41473800000006,45.4386219990001 7.41471500000006,45.438592999 7.41468800000007,45.4385809990001 7.41443000000004,45.4385319990001 7.41435900000005,45.438498999 7.41428200000007,45.4384029990001 7.41421700000006,45.438323999 7.41411000000005,45.4381959990001 7.41406600000005,45.4381569990001 7.41403600000007,45.438138999 7.41399200000006,45.4381129990001 7.41388600000005,45.4380799990001 7.41374800000006,45.4380379990001 7.41357500000004,45.437982999 7.41350600000004,45.4379459990001 7.41346300000004,45.437916999 7.41341300000005,45.4378849990001 7.41338500000006,45.437849999 7.41328700000003,45.4377239990001 7.41344400000003,45.4376619990001 7.41389500000002,45.437447999 7.41432500000008,45.4372479990001 7.41513500000002,45.4368459990001 7.41534000000007,45.436741999 7.41590400000007,45.436450999 7.41662100000002,45.436090999 7.41678600000006,45.436000999 7.41661700000003,45.4359489990001 7.41657000000004,45.4359209990001 7.41652800000003,45.4358979990001 7.41649100000006,45.435891999 7.41614200000004,45.4358849990001 7.41609100000005,45.4358819990001 7.41602700000004,45.4358739990001 7.41600000000005,45.435866999 7.41597800000005,45.4358619990001 7.41417600000005,45.4352299990001 7.41183700000005,45.4343709990001 7.41125100000005,45.434138999 7.41110900000007,45.434085999 7.41099400000007,45.433950999 7.41084700000005,45.4338959990001 7.41085900000007,45.4338319990001 7.41080900000003,45.433799999 7.41073000000006,45.4337579990001 7.41065500000008,45.433701999 7.40993700000007,45.433208999 7.40984300000002,45.433191999 7.40958000000006,45.4330649990001 7.40909000000005,45.432808999 7.40904200000006,45.432806999 7.40902900000003,45.432805999 7.40890300000007,45.4327899990001 7.40883600000006,45.432779999 7.40880000000004,45.4327709990001 7.40878600000002,45.4327679990001 7.40872500000006,45.4327539990001 7.40868600000005,45.4327519990001 7.40867000000003,45.4327499990001 7.40853100000004,45.4327019990001 7.40847100000008,45.4326789990001 7.40831400000008,45.4326359990001 7.40828000000005,45.432626999 7.40822900000006,45.4326189990001 7.40809500000006,45.4326189990001 7.40803500000004,45.4326199990001 7.40783700000003,45.4325739990001 7.40774700000003,45.432553999 7.40769600000004,45.4325479990001 7.40746800000005,45.432470999 7.40737300000006,45.4324529990001 7.40727300000003,45.4324169990001 7.40719500000006,45.432401999 7.40705000000003,45.432381999 7.40696100000002,45.4323679990001 7.40692600000006,45.4323619990001 7.40690500000005,45.432358999 7.40684400000004,45.432351999 7.40677300000004,45.4323429990001 7.40664600000002,45.4323399990001 7.40663500000005,45.4323399990001 7.40655700000002,45.4323659990001 7.40646700000002,45.4323479990001 7.40639200000004,45.4323259990001 7.40631800000006,45.4323209990001 7.40621100000004,45.432307999 7.40612600000003,45.4323029990001 7.40604600000006,45.4322829990001 7.40595600000006,45.4322739990001 7.40579600000007,45.432264999 7.40570600000007,45.432240999 7.40560500000004,45.4322279990001 7.40551400000004,45.4322119990001 7.40539800000005,45.432179999 7.40529700000008,45.4321639990001 7.40519600000005,45.4321439990001 7.40510000000006,45.432130999 7.40502600000002,45.4321189990001 7.40496700000006,45.4321139990001 7.40489300000007,45.432104999 7.40479200000004,45.432088999 7.40470600000003,45.432087999 7.40462200000007,45.432067999 7.40452000000005,45.4320699990001 7.40443500000003,45.4320539990001 7.40433400000006,45.432044999 7.40423800000002,45.4320319990001 7.40411500000005,45.4320269990001 7.40404700000005,45.432067999 7.40404400000006,45.432083999 7.40224200000006,45.432426999 7.40213100000005,45.4324629990001 7.40201700000006,45.4324399990001 7.40173200000004,45.4324389990001 7.40156400000006,45.4324169990001 7.40156000000007,45.4324169990001 7.40127700000005,45.4324149990001 7.40106400000008,45.4324129990001 7.40087600000004,45.4324139990001 7.40069300000005,45.4324119990001 7.40054400000002,45.4323859990001 7.39988900000003,45.432334999 7.39980100000002,45.4323419990001 7.39948900000007,45.4323649990001 7.39899000000003,45.432400999 7.39890900000006,45.4323729990001 7.39839000000006,45.4322789990001 7.39824500000003,45.432222999 7.39716300000003,45.431770999 7.39682800000003,45.431723999 7.39665500000007,45.431722999 7.39646000000005,45.4317379990001 7.39593600000006,45.431679999 7.39573800000005,45.431634999 7.39560400000005,45.4316049990001 7.39535200000006,45.431545999 7.39530100000007,45.4315329990001 7.39526700000005,45.431565999 7.39508500000005,45.431615999 7.39508100000006,45.431615999 7.39501200000007,45.4316279990001 7.39491800000008,45.4316409990001 7.39471400000002,45.4316439990001 7.39466800000002,45.431635999 7.39461400000005,45.4315979990001 7.39449000000008,45.431568999 7.39392900000007,45.431205999 7.39259900000008,45.4309509990001 7.39259600000003,45.4309519990001 7.39238400000005,45.430913999 7.39232600000003,45.430913999 7.39202400000005,45.4309099990001 7.39183400000007,45.4308849990001 7.39165900000006,45.4308619990001 7.39152500000006,45.430798999 7.39142800000008,45.4307299990001 7.39138500000007,45.430713999 7.39134500000006,45.430688999 7.39134700000005,45.430687999 7.39134500000006,45.430687999 7.39130800000004,45.430421999 7.39108500000003,45.430399999 7.39097300000003,45.4303799990001 7.39083000000005,45.430354999 7.39056400000004,45.4303209990001 7.39035600000005,45.430284999 7.39021800000006,45.4302679990001 7.39009000000004,45.4302509990001 7.38997800000004,45.4302489990001 7.38958300000007,45.430239999 7.38942800000007,45.4302489990001 7.38873200000006,45.4302539990001 7.38862500000005,45.430257999 7.38855000000007,45.430261999 7.38828500000005,45.4302699990001 7.38802300000003,45.4302779990001 7.38789500000007,45.430279999 7.38767600000006,45.430302999 7.38758500000006,45.430308999 7.38748300000003,45.430326999 7.38742100000007,45.430329999 7.38733300000007,45.4303469990001 7.38723100000004,45.4303609990001 7.38715500000006,45.4303859990001 7.38706900000005,45.4304039990001 7.38675800000004,45.430462999 7.38621600000005,45.4305489990001 7.38600700000006,45.4305679990001 7.38545400000004,45.430624999 7.38485400000008,45.4306759990001 7.38476500000007,45.430686999 7.38445800000005,45.430715999 7.38388100000003,45.4307459990001 7.38332500000007,45.430756999 7.38325500000008,45.4308189990001 7.38242100000002,45.431338999 7.38217200000003,45.431455999 7.38209100000006,45.431481999 7.38199800000007,45.4315059990001 7.38194400000003,45.4315569990001 7.38173600000005,45.4316069990001 7.38168700000006,45.4316869990001 7.38169000000005,45.4316869990001 7.38172200000002,45.4317569990001 7.38152300000007,45.4320959990001 7.38147000000004,45.432133999 7.38146800000004,45.4321629990001 7.38144000000005,45.432178999 7.38143300000007,45.4322059990001 7.38134400000007,45.4322089990001 7.38122500000003,45.432196999 7.38118700000007,45.432264999 7.38108200000005,45.432270999 7.38094100000006,45.4322989990001 7.38093900000007,45.4322999990001 7.38089600000006,45.4323219990001 7.38084400000002,45.4323419990001 7.38076900000004,45.432351999 7.38068800000002,45.4323949990001 7.38059900000007,45.432448999 7.38053400000007,45.432492999 7.38045100000005,45.4325489990001 7.38035500000007,45.4325969990001 7.38018900000003,45.432622999 7.38013000000007,45.4326359990001 7.37998600000003,45.4326409990001 7.37985200000003,45.432643999 7.37974500000007,45.432629999 7.37972800000006,45.432629999 7.37955800000003,45.433035999 7.37819100000007,45.4333069990001 7.37812400000007,45.433324999 7.37810000000007,45.4333309990001 7.37802300000004,45.4333329990001 7.37790900000005,45.4333189990001 7.37783100000007,45.4332899990001 7.37778100000003,45.433300999 7.37769900000006,45.4332899990001 7.37755900000008,45.433238999 7.37740000000002,45.4332049990001 7.37718600000005,45.433121999 7.37714300000005,45.4330919990001 7.37704400000007,45.4330889990001 7.37686100000008,45.4331279990001 7.37685900000002,45.4331289990001 7.37685700000003,45.4331289990001 7.37681200000003,45.433169999 7.37678100000005,45.433213999 7.37678700000004,45.433253999 7.37678600000004,45.433255999 7.37663800000007,45.4333169990001 7.37662400000005,45.433323999 7.37656700000002,45.4333549990001 7.37652300000002,45.4333799990001 7.37651200000005,45.433386999 7.37648600000006,45.4334079990001 7.37622700000003,45.433433999 7.37588500000004,45.4334299990001 7.37574700000005,45.4333189990001 7.37542300000007,45.4333639990001 7.37525000000005,45.433460999 7.37524600000006,45.433462999 7.37519200000003,45.4334989990001 7.37515500000006,45.4335409990001 7.37512200000003,45.4335419990001 7.37506000000008,45.4335429990001 7.37500500000004,45.433551999 7.37487600000003,45.433572999 7.37291200000004,45.4336009990001 7.37275500000004,45.433597999 7.37134000000003,45.433753999 7.36973900000004,45.4341429990001 7.36956300000003,45.4342179990001 7.36950400000006,45.4342419990001 7.36946200000006,45.4342569990001 7.36942400000004,45.4342569990001 7.36935100000005,45.4342809990001 7.36898700000006,45.4343199990001 7.36894400000006,45.4343479990001 7.36893900000007,45.4343469990001 7.36884300000003,45.4343489990001 7.36879900000002,45.434245999 7.36874700000004,45.4341209990001 7.36868700000002,45.4340319990001 7.36853900000006,45.433980999 7.36849400000006,45.433953999 7.36847300000005,45.433936999 7.36843100000004,45.4339269990001 7.36841300000003,45.433929999 7.36836000000005,45.4339009990001 7.36834000000005,45.4338769990001 7.36830000000003,45.433863999 7.36823100000004,45.433884999 7.36808600000006,45.4338699990001 7.36775400000005,45.4339019990001 7.36758200000003,45.4339179990001 7.36753600000003,45.433709999 7.36744700000003,45.433733999 7.36740000000003,45.4336029990001 7.36738300000007,45.433613999 7.36721500000004,45.4336269990001 7.36701500000004,45.4336069990001 7.36699900000002,45.433571999 7.36699300000004,45.433527999 7.36689400000006,45.433483999 7.36689000000007,45.4334919990001 7.36683000000005,45.4334519990001 7.36675500000007,45.4334029990001 7.36674500000004,45.433417999 7.36669500000005,45.4334039990001 7.36658900000003,45.4333569990001 7.36651400000005,45.433326999 7.36643600000002,45.4333089990001 7.36633900000004,45.4332929990001 7.36633100000006,45.4333189990001 7.36628300000007,45.4332939990001 7.36618000000004,45.433255999 7.36594200000008,45.4331839990001 7.36594100000002,45.4331539990001 7.36594100000002,45.4330169990001 7.36582600000003,45.4329979990001 7.36577900000003,45.432830999 7.36562600000002,45.4328449990001 7.36551600000007,45.4328629990001 7.36532000000005,45.432918999 7.36523200000005,45.4329339990001 7.36503200000004,45.432962999 7.36464300000006,45.433029999 7.36449000000005,45.4330389990001 7.36438200000003,45.4330449990001 7.36429800000008,45.433049999 7.36417200000005,45.4330479990001 7.36418200000003,45.433074999 7.36432200000007,45.433481999 7.36402200000003,45.433485999 7.36373400000002,45.4334269990001 7.36366000000004,45.433415999 7.36367800000005,45.4334519990001 7.36367400000006,45.4336499990001 7.36347800000004,45.4337409990001 7.36339600000002,45.4340499990001 7.36332200000004,45.4340569990001 7.36327000000006,45.434062999 7.36297000000008,45.434092999 7.36295200000006,45.434047999 7.36279700000006,45.4340279990001 7.36278400000003,45.4339869990001 7.36276500000002,45.433933999 7.36232000000007,45.434156999 7.36224000000004,45.434135999 7.36203000000006,45.434155999 7.36199300000004,45.4341629990001 7.36189900000005,45.434179999 7.36168300000003,45.4342559990001 7.36139800000007,45.4342409990001 7.36139700000007,45.4342409990001 7.36140100000006,45.434177999 7.36129800000003,45.434181999 7.36124900000004,45.4341739990001 7.36123600000008,45.434181999 7.36121600000007,45.4341929990001 7.36116600000003,45.434183999 7.36114000000003,45.434154999 7.36113100000006,45.434154999 7.36112000000003,45.434154999 7.36108600000006,45.4342399990001 7.36104300000005,45.4342369990001 7.36100000000005,45.4342359990001 7.36094400000007,45.4342409990001 7.36091700000003,45.4342359990001 7.36087000000003,45.434200999 7.36080600000003,45.4341949990001 7.36074100000008,45.4341959990001 7.36068700000004,45.4342089990001 7.36062000000004,45.4342589990001 7.36056800000006,45.434289999 7.36052500000005,45.4343019990001 7.36046000000005,45.434310999 7.36044000000004,45.4343439990001 7.36035800000008,45.4343449990001 7.36029000000002,45.434379999 7.36025600000005,45.4344389990001 7.36018900000005,45.4344649990001 7.36015400000002,45.4344779990001 7.36010800000003,45.4345019990001 7.36004700000007,45.4345009990001 7.35999200000003,45.4345319990001 7.35984400000007,45.4346129990001 7.35981600000002,45.434606999 7.35975500000006,45.434609999 7.35972300000003,45.4346409990001 7.35968100000002,45.4346429990001 7.35961900000007,45.4346459990001 7.35960100000005,45.4346469990001 7.35941000000003,45.4346469990001 7.35938700000003,45.434656999 7.35934000000003,45.434675999 7.35932100000002,45.4346839990001 7.35925800000007,45.434692999 7.35917700000005,45.4346889990001 7.35916500000008,45.434692999 7.35908200000006,45.434720999 7.35901000000007,45.434719999 7.35889200000003,45.4347259990001 7.35877300000004,45.4347809990001 7.35874800000005,45.434786999 7.35862300000002,45.434813999 7.35849100000007,45.4348029990001 7.35845500000005,45.4347999990001 7.35839900000008,45.434807999 7.35828500000002,45.4347959990001 7.35826200000002,45.4348049990001 7.35822200000007,45.4348219990001 7.35816000000005,45.4348629990001 7.35812600000003,45.4348699990001 7.35806800000006,45.434879999 7.35802100000006,45.4349099990001 7.35795400000006,45.434971999 7.35792900000007,45.4350029990001 7.35790300000002,45.4350179990001 7.35785400000003,45.4350459990001 7.35772500000007,45.435121999 7.35765700000007,45.4351329990001 7.35763800000007,45.435143999 7.35752700000006,45.435212999 7.35746800000004,45.435304999 7.35740500000003,45.435350999 7.35732600000006,45.4354039990001 7.35725100000008,45.435464999 7.35721000000007,45.435482999 7.35716600000006,45.4355019990001 7.35713100000004,45.4355009990001 7.35708500000004,45.4355209990001 7.35704400000003,45.4355899990001 7.35705000000007,45.4356379990001 7.35709200000002,45.4356769990001 7.35710700000004,45.4356759990001 7.35712900000004,45.4356999990001 7.35718100000003,45.4357699990001 7.35719200000005,45.4358509990001 7.35722600000003,45.435892999 7.35726200000005,45.435915999 7.35727900000006,45.435955999 7.35726000000005,45.435982999 7.35723800000005,45.4359949990001 7.35717900000003,45.4360129990001 7.35708900000003,45.436075999 7.35704300000003,45.4360799990001 7.35711700000007,45.4362199990001 7.35689600000006,45.4363099990001 7.35682900000006,45.436232999 7.35659000000004,45.4363809990001 7.35657600000008,45.4363699990001 7.35655400000007,45.436364999 7.35653300000007,45.436363999 7.35646200000002,45.436428999 7.35642800000005,45.4364689990001 7.35642400000006,45.436472999 7.35636800000003,45.4365159990001 7.35633300000006,45.436561999 7.35629800000004,45.436589999 7.35627400000004,45.4366439990001 7.35624500000006,45.436677999 7.35618500000004,45.436746999 7.35627300000004,45.436836999 7.35659700000002,45.437151999 7.35656900000004,45.4371809990001 7.35654500000004,45.4372269990001 7.35654000000005,45.4372499990001 7.35652900000002,45.4372569990001 7.35640600000005,45.4372029990001 7.35630100000003,45.4372119990001 7.35618200000005,45.4371649990001 7.35612300000003,45.4371369990001 7.35604400000005,45.4371149990001 7.35602000000006,45.4371439990001 7.35579700000005,45.4374149990001 7.35576100000003,45.4374099990001 7.35570300000006,45.4373619990001 7.35566600000004,45.4373659990001 7.35563800000006,45.4373629990001 7.35563200000007,45.437380999 7.35555200000005,45.4373939990001 7.35535800000002,45.4374599990001 7.35531000000003,45.437470999 7.35518900000005,45.4374809990001 7.35518000000008,45.437491999 7.35515200000003,45.4374959990001 7.35497800000007,45.4376329990001 7.35494900000003,45.437666999 7.35493500000007,45.4376779990001 7.35476000000006,45.4376849990001 7.35466800000006,45.4376339990001 7.35466600000007,45.4376179990001 7.35459800000007,45.437598999 7.35453500000006,45.4376329990001 7.35443400000003,45.437650999 7.35436900000008,45.4376539990001 7.35432600000007,45.4376639990001 7.35425900000007,45.4377199990001 7.35423000000003,45.4377249990001 7.35411200000004,45.437741999 7.35408600000005,45.437757999 7.35405700000007,45.437758999 7.35401800000005,45.437763999 7.35397500000005,45.437737999 7.35381000000007,45.4377299990001 7.35336800000005,45.4377049990001 7.35330900000002,45.4377019990001 7.35327200000006,45.4377039990001 7.35321100000004,45.437732999 7.35320200000007,45.437735999 7.35311600000006,45.4377649990001 7.35302600000006,45.4377879990001 7.35293600000006,45.4378169990001 7.35288700000007,45.437824999 7.35283500000003,45.437828999 7.35272600000008,45.437831999 7.35268000000002,45.4378649990001 7.35265100000004,45.4378669990001 7.35260600000004,45.437893999 7.35259700000006,45.4378629990001 7.35248600000006,45.4378549990001 7.35239600000006,45.4378439990001 7.35228600000005,45.437824999 7.35223600000006,45.4378209990001 7.35222100000004,45.437868999 7.35217200000005,45.437868999 7.35209100000003,45.437898999 7.35207100000002,45.437874999 7.35205000000008,45.4378219990001 7.35203400000006,45.4377969990001 7.35199200000005,45.4377669990001 7.35195700000003,45.4377319990001 7.35190700000004,45.437740999 7.35190000000006,45.4377219990001 7.35166300000003,45.4377649990001 7.35162900000006,45.4377499990001 7.35158600000005,45.4377309990001 7.35148300000003,45.4377519990001 7.35149400000006,45.4378189990001 7.35150100000004,45.437895999 7.35144200000008,45.4379019990001 7.35140200000006,45.437961999 7.35127500000004,45.438077999 7.35126800000006,45.4381109990001 7.35122700000005,45.4381549990001 7.35112000000004,45.438186999 7.35111300000005,45.4382009990001 7.35106600000006,45.4382259990001 7.35101700000007,45.438250999 7.35102800000004,45.4383099990001 7.35086200000006,45.438371999 7.35081400000007,45.4383769990001 7.35079500000006,45.4383959990001 7.35074200000003,45.4383969990001 7.35072500000007,45.438413999 7.35071000000005,45.438416999 7.35072700000006,45.438436999 7.35076000000004,45.438548999 7.35072000000002,45.4386079990001 7.35069100000004,45.438616999 7.35063500000007,45.4386239990001 7.35047600000007,45.4387359990001 7.35046000000006,45.438747999 7.35020900000006,45.4386499990001 7.35001000000005,45.438571999 7.34996300000006,45.438551999 7.34996400000006,45.4385759990001 7.34992000000005,45.438618999 7.34995200000003,45.438632999 7.34998500000006,45.438709999 7.34993800000007,45.438754999 7.34990900000003,45.4388029990001 7.34984200000002,45.438838999 7.34977500000002,45.438838999 7.34972200000004,45.4388349990001 7.34970600000003,45.438843999 7.34958800000004,45.4388479990001 7.34946600000006,45.4388319990001 7.34933800000005,45.4388459990001 7.34928400000007,45.438866999 7.34925400000003,45.4388699990001 7.34918900000002,45.438862999 7.34914600000008,45.438864999 7.34911600000004,45.4388549990001 7.34908200000007,45.4388709990001 7.34906400000006,45.4388959990001 7.34898300000003,45.438880999 7.34897600000005,45.4389639990001 7.34889300000003,45.4390559990001 7.34884900000003,45.4390569990001 7.34880600000002,45.4391699990001 7.34877700000004,45.439111999 7.34869500000002,45.4391419990001 7.34866800000003,45.4391709990001 7.34866200000005,45.439198999 7.34861700000005,45.4392369990001 7.34856700000006,45.4392589990001 7.34856800000006,45.439293999 7.34855500000003,45.439315999 7.34847800000006,45.439353999 7.34847800000006,45.439359999 7.34848000000005,45.439429999 7.34846000000005,45.4394319990001 7.34844700000002,45.4394649990001 7.34841100000006,45.439473999 7.34834500000005,45.4396169990001 7.34822700000007,45.4396429990001 7.34819400000003,45.439694999 7.34821500000004,45.4397559990001 7.34823900000004,45.439780999 7.34828300000004,45.4398419990001 7.34826200000003,45.4398469990001 7.34827900000005,45.439872999 7.34826700000002,45.439877999 7.34823600000004,45.4398919990001 7.34812500000004,45.439944999 7.34799900000007,45.439921999 7.34793600000006,45.439938999 7.34792600000003,45.4399729990001 7.34787500000004,45.4400239990001 7.34785500000004,45.4400229990001 7.34780800000004,45.4401159990001 7.34780100000006,45.4401169990001 7.34776900000003,45.440122999 7.34773200000006,45.4401359990001 7.34787700000004,45.440231999 7.34786500000007,45.440258999 7.34785500000004,45.4402639990001 7.34780700000005,45.4402899990001 7.34782000000007,45.4403089990001 7.34775700000006,45.4403159990001 7.34773000000007,45.4403189990001 7.34760000000006,45.4403589990001 7.34743700000007,45.4404059990001 7.34732600000007,45.440441999 7.34731200000004,45.4404499990001 7.34728900000005,45.440462999 7.34721300000007,45.4404919990001 7.34712700000006,45.4405359990001 7.34701700000005,45.440551999 7.34700700000008,45.4405569990001 7.34696500000007,45.4405789990001 7.34694900000005,45.4405839990001 7.34688600000004,45.4406039990001 7.34687700000006,45.440598999 7.34676800000005,45.440637999 7.34673300000003,45.4406509990001 7.34671500000007,45.440661999 7.34670900000003,45.440664999 7.34668400000004,45.440681999 7.34665200000006,45.440684999 7.34661500000004,45.4406979990001 7.34659900000003,45.4406999990001 7.34642400000007,45.4407259990001 7.34642400000007,45.440750999 7.34624000000002,45.440796999 7.34613400000006,45.4409259990001 7.34604900000005,45.440980999 7.34602400000006,45.4409929990001 7.34600000000006,45.441004999 7.34599100000003,45.441027999 7.34584700000005,45.4411049990001 7.34583600000008,45.441111999 7.34574700000007,45.4411679990001 7.34569300000004,45.4412159990001 7.34566300000006,45.441226999 7.34555500000005,45.441296999 7.34543900000006,45.4413729990001 7.34531700000002,45.441469999 7.34521000000007,45.441496999 7.34503700000005,45.441606999 7.34493900000007,45.4416609990001 7.34492800000004,45.4416719990001 7.34484300000003,45.4417599990001 7.34473000000003,45.4418039990001 7.34471200000007,45.441810999 7.34473100000002,45.4418439990001 7.34470600000003,45.441858999 7.34467200000006,45.441878999 7.34462000000002,45.441924999 7.34459300000003,45.441948999 7.34452100000004,45.4420219990001 7.34441900000007,45.442125999 7.34435600000006,45.442147999 7.34410900000006,45.442239999 7.34408200000007,45.4422709990001 7.34404800000004,45.442284999 7.34399700000006,45.442309999 7.34396600000002,45.442326999 7.34388300000006,45.4423379990001 7.34386800000004,45.442354999 7.34388100000007,45.442422999 7.34385500000008,45.4424349990001 7.34384200000005,45.442490999 7.34385900000007,45.4425669990001 7.34375900000003,45.4425919990001 7.34356200000008,45.442712999 7.34350100000006,45.442753999 7.34334100000007,45.442846999 7.34333500000002,45.442850999 7.34337900000003,45.442893999 7.34330700000004,45.4429269990001 7.34327100000007,45.4429929990001 7.34324000000004,45.443026999 7.34319100000005,45.443072999 7.34319000000005,45.443074999 7.34312400000005,45.443136999 7.34305500000005,45.443189999 7.34305600000005,45.4432249990001 7.34303600000004,45.4432369990001 7.34300600000006,45.443229999 7.34282900000005,45.443346999 7.34278300000005,45.4434009990001 7.34275800000006,45.443430999 7.34275800000006,45.443432999 7.34275700000006,45.443432999 7.34253900000004,45.4434269990001 7.34226800000005,45.443405999 7.34181200000006,45.443571999 7.34097200000002,45.4438549990001 7.34078800000003,45.444000999 7.34077900000005,45.444000999 7.34064700000005,45.4439869990001 7.34044500000005,45.4440339990001 7.34026200000005,45.4441189990001 7.34020500000003,45.444132999 7.34012200000006,45.444154999 7.34006200000005,45.4441699990001 7.33995100000004,45.4442269990001 7.33989200000002,45.4442579990001 7.33990900000003,45.444291999 7.33985000000007,45.4443219990001 7.33978500000006,45.444351999 7.33945100000005,45.4445079990001 7.33920300000005,45.4445489990001 7.33914200000004,45.4445639990001 7.33910600000007,45.4445729990001 7.33893400000005,45.4445469990001 7.33690800000005,45.4447709990001 7.33659200000005,45.4447939990001 7.33583000000004,45.444855999 7.33452000000005,45.4451119990001 7.33435500000007,45.445148999 7.33399400000008,45.4452689990001 7.33396900000002,45.4452959990001 7.33392100000003,45.4452899990001 7.33381700000007,45.445324999 7.33355800000004,45.445387999 7.33291400000007,45.445528999 7.33268700000002,45.4455789990001 7.33255400000007,45.445660999 7.33222300000006,45.4457409990001 7.33211300000005,45.445795999 7.33204900000004,45.4458359990001 7.33196100000004,45.4458809990001 7.33191100000005,45.4459169990001 7.33186500000005,45.445950999 7.33180100000004,45.4460049990001 7.33178800000007,45.446020999 7.33177500000005,45.4460729990001 7.33175100000005,45.4460979990001 7.33174500000007,45.4462099990001 7.33153800000002,45.4463729990001 7.32764900000006,45.448028999 7.32735700000006,45.448088999 7.32695400000006,45.448228999 7.32273400000003,45.450093999 7.32267400000006,45.4501129990001 7.32265600000005,45.4501069990001 7.32258100000007,45.4501949990001 7.32243600000004,45.4502899990001 7.32243200000005,45.4502939990001 7.32234700000004,45.450349999 7.32221300000003,45.450432999 7.32215700000006,45.4504659990001 7.32212100000004,45.450524999 7.32210600000008,45.4505399990001 7.32209700000004,45.450546999 7.32203200000004,45.4506009990001 7.32187500000003,45.450614999 7.32185000000004,45.450617999 7.32173100000006,45.4506979990001 7.32166400000006,45.4507429990001 7.32157300000006,45.4508039990001 7.32132400000006,45.4509679990001 7.32132600000006,45.450970999 7.32135300000004,45.4510049990001 7.32130800000004,45.451065999 7.32122000000004,45.4510939990001 7.32107700000006,45.4511869990001 7.32098700000006,45.451244999 7.32093800000007,45.4512769990001 7.32087300000006,45.4513189990001 7.32086300000003,45.4513529990001 7.32077500000003,45.451428999 7.32058900000004,45.4515689990001 7.32053800000006,45.451626999 7.31889700000005,45.452704999 7.31801700000005,45.4531009990001 7.31702500000006,45.453883999 7.31657500000006,45.454130999 7.31492400000008,45.455076999 7.31488500000006,45.4551079990001 7.31478700000002,45.455184999 7.31311200000005,45.4553829990001 7.31219300000004,45.4552459990001 7.31190800000007,45.455070999 7.31177900000006,45.454961999 7.31180300000005,45.454934999 7.31167600000003,45.454889999 7.31154700000008,45.454843999 7.31141500000007,45.4547969990001 7.31144100000006,45.4547489990001 7.31099400000005,45.4547029990001 7.31053100000003,45.454648999 7.31043000000005,45.454665999 7.31034200000005,45.4547029990001 7.30999200000002,45.454822999 7.30984500000005,45.454865999 7.30969900000002,45.454889999 7.30961700000006,45.454871999 7.30956800000007,45.4548399990001 7.30946900000004,45.454779999 7.30930400000005,45.4546559990001 7.30920100000003,45.454599999 7.30917100000005,45.454557999 7.30910800000004,45.454514999 7.30898600000006,45.4544779990001 7.30886800000007,45.4544509990001 7.30869500000006,45.454444999 7.30855800000006,45.4544719990001 7.30825200000004,45.4544989990001 7.30812400000002,45.4544939990001 7.30803800000007,45.4544739990001 7.30783900000006,45.454422999 7.30761300000006,45.454373999 7.30704200000002,45.4542469990001 7.30691600000006,45.454243999 7.30636200000004,45.454124999 7.30625800000007,45.4540979990001 7.30613600000004,45.454059999 7.30583800000005,45.4539529990001 7.30568600000004,45.453880999 7.30560500000007,45.4538279990001 7.30552900000004,45.453791999 7.30541700000003,45.453722999 7.30529200000007,45.4536209990001 7.30518600000005,45.4535299990001 7.30510700000002,45.453431999 7.30503600000003,45.453363999 7.30495800000006,45.453205999 7.30493300000006,45.4531509990001 7.30474700000002,45.4532369990001 7.30454500000008,45.4533459990001 7.30445500000008,45.4534399990001 7.30437200000006,45.4535559990001 7.30438600000002,45.453650999 7.30443000000002,45.4537579990001 7.30440300000004,45.4538689990001 7.30431200000004,45.453973999 7.30430000000007,45.454123999 7.30429700000008,45.454235999 7.30429500000002,45.454302999 7.30443600000007,45.4543669990001 7.30452000000002,45.4543579990001 7.30459100000007,45.454393999 7.30460300000004,45.454506999 7.30455500000005,45.454599999 7.30445300000002,45.454797999 7.30452300000007,45.454842999 7.30450600000006,45.4548649990001 7.30457100000007,45.4549019990001 7.30461700000006,45.4549099990001 7.30462700000004,45.4550569990001 7.30463000000003,45.4551119990001 7.30467900000002,45.455204999 7.30475600000005,45.455227999 7.30472600000007,45.455301999 7.30476400000003,45.4553379990001 7.30477100000007,45.4553969990001 7.30475000000007,45.4553969990001 7.30469700000003,45.4555149990001 7.30472200000003,45.4555599990001 7.30460900000003,45.455769999 7.30460700000003,45.455773999 7.30461400000007,45.455789999 7.30469500000004,45.455992999 7.30471200000005,45.456019999 7.30505600000004,45.4561429990001 7.30535600000007,45.456241999 7.30551900000006,45.4563269990001 7.30558500000006,45.4564129990001 7.30562300000003,45.4564989990001 7.30565500000006,45.4566419990001 7.30557900000002,45.456736999 7.30548900000002,45.4567729990001 7.30534300000005,45.456787999 7.30518100000006,45.4567999990001 7.30508000000003,45.4568209990001 7.30436400000002,45.457004999 7.30423200000007,45.4570379990001 7.30387500000006,45.457119999 7.30376400000006,45.457004999 7.30374400000005,45.456940999 7.30374000000006,45.4569269990001 7.30367300000006,45.4568679990001 7.30355700000007,45.456876999 7.30352400000004,45.456853999 7.30342800000005,45.4568369990001 7.30342500000006,45.456757999 7.30343200000004,45.4566819990001 7.30341700000002,45.4566839990001 7.30340300000006,45.456624999 7.30296800000002,45.456518999 7.30261400000006,45.4563949990001 7.30241400000006,45.456287999 7.30247500000007,45.4561459990001 7.30241900000004,45.456106999 7.30242300000003,45.4560919990001 7.30241900000004,45.456059999 7.30241000000007,45.456038999 7.30234000000007,45.456018999 7.30219800000003,45.455948999 7.30222500000002,45.455904999 7.30231000000003,45.455840999 7.30226600000003,45.4558269990001 7.30229500000007,45.455775999 7.30199300000004,45.4555309990001 7.30173100000007,45.455455999 7.30163400000004,45.4554039990001 7.30173400000007,45.4553099990001 7.30173300000007,45.4553089990001 7.30155600000006,45.455189999 7.30105100000003,45.455008999 7.30105000000003,45.455008999 7.30105000000003,45.455006999 7.30118600000003,45.4548309990001 7.30123300000002,45.4547689990001 7.30131700000004,45.454662999 7.30133600000005,45.454644999 7.30140500000005,45.454669999 7.30142800000004,45.4546549990001 7.30150100000003,45.4546729990001 7.30153200000007,45.4546619990001 7.30151800000004,45.454642999 7.30154100000004,45.4546109990001 7.30156400000004,45.4545949990001 7.30159200000003,45.454576999 7.30159800000007,45.4545459990001 7.30161300000003,45.454534999 7.30160700000005,45.4544989990001 7.30171300000006,45.454463999 7.30182900000005,45.4544539990001 7.30197800000008,45.454485999 7.30197900000007,45.4544819990001 7.30198300000006,45.454441999 7.30198700000005,45.454399999 7.30210700000003,45.4543639990001 7.30217000000005,45.454372999 7.30219400000004,45.4543389990001 7.30221400000005,45.454326999 7.30228600000004,45.454306999 7.30216200000007,45.4542319990001 7.30209300000007,45.4541359990001 7.30206500000003,45.4540239990001 7.30195700000007,45.453904999 7.30180900000005,45.4538029990001 7.30172300000004,45.4537619990001 7.30169300000006,45.4537059990001 7.30139600000007,45.453498999 7.30121400000007,45.4535359990001 7.30091300000004,45.4535359990001 7.30086000000006,45.4535349990001 7.30070100000006,45.4535319990001 7.30069700000007,45.4535589990001 7.30054500000006,45.4535569990001 7.30054200000006,45.4535499990001 7.30053600000002,45.4535509990001 7.30013700000006,45.4536219990001 7.29986200000008,45.4536689990001 7.29959200000008,45.4537069990001 7.29948700000006,45.453717999 7.29935500000005,45.453718999 7.29910500000005,45.4537059990001 7.29910800000005,45.4536909990001 7.29890400000005,45.453678999 7.29882100000003,45.453672999 7.29869900000006,45.4536669990001 7.29856000000007,45.4536429990001 7.29841800000003,45.4536469990001 7.29812700000002,45.4536429990001 7.29802600000005,45.4536379990001 7.29780000000005,45.4536249990001 7.29760800000003,45.453605999 7.29747200000003,45.4536009990001 7.29724000000004,45.453584999 7.29708900000003,45.453582999 7.29692100000005,45.4535699990001 7.29681200000005,45.4535559990001 7.29656600000004,45.4535489990001 7.29642500000006,45.4535369990001 7.29630200000003,45.4535259990001 7.29626700000006,45.453519999 7.29626100000007,45.4535529990001 7.29622600000005,45.4536149990001 7.29612000000003,45.453609999 7.29612000000003,45.4536009990001 7.29601100000002,45.453613999 7.29582200000004,45.453612999 7.29582500000004,45.4536019990001 7.29571000000004,45.453587999 7.29568200000006,45.4535939990001 7.29558100000003,45.4535589990001 7.29549900000006,45.4535489990001 7.29548200000005,45.453538999 7.29545800000005,45.4535259990001 7.29539100000005,45.453499999 7.29536300000007,45.4534899990001 7.29535400000003,45.4534859990001 7.29533000000004,45.453473999 7.29528600000003,45.4534659990001 7.29525700000005,45.4534429990001 7.29518900000005,45.4534009990001 7.29515100000003,45.453382999 7.29512800000003,45.4533739990001 7.29509100000007,45.453358999 7.29506000000003,45.453340999 7.29489900000004,45.453267999 7.29489200000006,45.453274999 7.29478900000004,45.453245999 7.29475600000006,45.4532329990001 7.29469400000005,45.453225999 7.29463400000003,45.453222999 7.29453700000005,45.4532389990001 7.29440000000005,45.4532609990001 7.29434700000007,45.453199999 7.29423100000002,45.4533009990001 7.29410400000006,45.453357999 7.29399200000006,45.453380999 7.29393900000002,45.4533899990001 7.29384600000003,45.453432999 7.29379300000005,45.4534579990001 7.29373700000002,45.4534919990001 7.29362900000007,45.4535559990001 7.29357000000005,45.453583999 7.29342300000008,45.453654999 7.29335700000007,45.4536869990001 7.29321700000003,45.4537279990001 7.29315900000006,45.453718999 7.29299500000008,45.4537509990001 7.29294600000003,45.4537099990001 7.29284600000005,45.4536269990001 7.29283100000004,45.453610999 7.29281700000007,45.4535969990001 7.29270500000007,45.4535069990001 7.29265300000003,45.4534579990001 7.29243500000007,45.4533929990001 7.29231900000002,45.4533559990001 7.29231800000002,45.4533319990001 7.29225000000002,45.4533249990001 7.29224000000005,45.4533239990001 7.29223500000006,45.453319999 7.29222400000003,45.4533099990001 7.29220100000003,45.4532429990001 7.29222300000004,45.453223999 7.29223500000006,45.453184999 7.29229500000002,45.4531899990001 7.29236900000006,45.4531669990001 7.29237900000004,45.453163999 7.29238700000008,45.4531299990001 7.29235600000004,45.4531089990001 7.29238300000003,45.453095999 7.29251700000003,45.452959999 7.29256800000007,45.452865999 7.29276900000002,45.452778999 7.29266800000005,45.4526769990001 7.29259000000008,45.4526319990001 7.29244300000005,45.452533999 7.29241900000005,45.4522659990001 7.29230400000006,45.452118999 7.29221100000007,45.4520619990001 7.29215000000005,45.451965999 7.29201900000004,45.451834999 7.29180500000007,45.4518209990001 7.29168500000003,45.4515899990001 7.29158600000005,45.4514549990001 7.29156800000004,45.4512589990001 7.29156400000005,45.4511409990001 7.29154800000003,45.4510549990001 7.29132100000004,45.450955999 7.29101600000007,45.4508309990001 7.29085600000008,45.4507849990001 7.29069700000002,45.450683999 7.29055700000004,45.450476999 7.29046300000005,45.4503729990001 7.29044800000003,45.4502259990001 7.29023200000006,45.4499759990001 7.28984300000008,45.449718999 7.28980600000006,45.4495869990001 7.28986900000007,45.4493939990001 7.28986500000002,45.4492509990001 7.28982000000002,45.4491419990001 7.28967200000005,45.4489839990001 7.28945300000004,45.448884999 7.28933500000005,45.448832999 7.28916700000002,45.448767999 7.28882400000003,45.448562999 7.28853400000003,45.4485299990001 7.28828400000003,45.448480999 7.28815700000007,45.4483989990001 7.28797500000007,45.448253999 7.28781700000008,45.4481089990001 7.28767500000004,45.4479979990001 7.28756600000003,45.4478579990001 7.28741100000008,45.447622999 7.28722100000005,45.4474549990001 7.28697600000004,45.447262999 7.28663400000005,45.4470529990001 7.28649800000005,45.4469999990001 7.28607100000005,45.4469129990001 7.28584100000006,45.446761999 7.28553600000004,45.4466659990001 7.28529300000002,45.4466389990001 7.28514800000005,45.4466139990001 7.28482000000002,45.4464899990001 7.28408100000007,45.4460049990001 7.28389300000003,45.445796999 7.28369700000007,45.4455659990001 7.28348600000004,45.445328999 7.28339200000005,45.445212999 7.28334600000005,45.4451159990001 7.28323600000004,45.445027999 7.28314200000005,45.4449069990001 7.28293700000006,45.4447329990001 7.28231000000005,45.4442959990001 7.28217300000006,45.444264999 7.28197800000004,45.444290999 7.28185700000006,45.4442829990001 7.28159300000004,45.444176999 7.28142500000007,45.444082999 7.28125800000004,45.443971999 7.28105200000005,45.443837999 7.28067800000002,45.443609999 7.28035200000005,45.4433939990001 7.28033100000005,45.443296999 7.28041400000006,45.4432469990001 7.28048900000005,45.443167999 7.28044200000005,45.443120999 7.28030500000006,45.4430849990001 7.27998900000006,45.443074999 7.27958600000005,45.443028999 7.27946000000003,45.442917999 7.27928600000007,45.4427499990001 7.27910400000007,45.4426339990001 7.27882300000005,45.4425439990001 7.27874300000008,45.442490999 7.27858700000007,45.442305999 7.27850900000004,45.442213999 7.27844600000003,45.4421559990001 7.27839900000004,45.442080999 7.27832900000004,45.441988999 7.27818800000006,45.441832999 7.27793500000007,45.4416179990001 7.27783300000004,45.4415309990001 7.27770700000002,45.441408999 7.27754100000004,45.4412579990001 7.27740600000004,45.4411939990001 7.27723100000003,45.441065999 7.27703300000007,45.4409199990001 7.27674600000006,45.4407839990001 7.27644300000003,45.440619999 7.27596300000005,45.440418999 7.27563400000003,45.4403109990001 7.27524000000005,45.440213999 7.27503400000006,45.4402079990001 7.27476500000006,45.440239999 7.27440500000006,45.4403089990001 7.27437500000002,45.440346999 7.27433500000006,45.440373999 7.27422400000006,45.4403659990001 7.27402300000006,45.4403609990001 7.27395100000007,45.4403569990001 7.27379700000006,45.4403639990001 7.27369400000003,45.440369999 7.27356500000008,45.4403579990001 7.27350300000006,45.4403359990001 7.27341600000005,45.4402659990001 7.27335800000003,45.4402969990001 7.27068900000006,45.440104999 7.27035600000005,45.4399999990001 7.27010800000005,45.439832999 7.26985500000006,45.439714999 7.26966100000004,45.4395759990001 7.26846000000006,45.4390359990001 7.26812700000005,45.438889999 7.26754100000005,45.4386279990001 7.26742300000006,45.438572999 7.26727200000005,45.438523999 7.26708200000007,45.4384659990001 7.26681200000007,45.438391999 7.26658400000002,45.438302999 7.26650700000005,45.4382879990001 7.26640200000003,45.4382649990001 7.26523900000007,45.4379039990001 7.26521500000007,45.437896999 7.26520300000004,45.4378809990001 7.26498400000003,45.4377689990001 7.26485500000007,45.4377059990001 7.26456000000007,45.437604999 7.26452700000004,45.4375909990001 7.26432800000003,45.4375009990001 7.26157700000005,45.4366689990001 7.26132600000005,45.4364659990001 7.26095200000003,45.436179999 7.26093600000007,45.4361739990001 7.26079300000004,45.4360769990001 7.26063300000004,45.436005999 7.26049300000005,45.4359069990001 7.26045900000003,45.435890999 7.26029200000005,45.435865999 7.26019000000002,45.435774999 7.25992700000006,45.435640999 7.25871600000005,45.435527999 7.25738500000006,45.4349559990001 7.25722400000006,45.4348919990001 7.25713400000006,45.434903999 7.25694500000003,45.434926999 7.25678800000003,45.4348629990001 7.25674800000007,45.4348719990001 7.25671100000005,45.434856999 7.25663400000008,45.4348449990001 7.25661000000002,45.4348239990001 7.25659400000006,45.4348189990001 7.25640800000002,45.4348679990001 7.25632100000007,45.4348009990001 7.25628700000004,45.4347719990001 7.25628100000006,45.4347259990001 7.25625200000007,45.4346449990001 7.25641700000006,45.434494999 7.25638000000004,45.4343469990001 7.25624000000005,45.4339399990001 7.25596600000006,45.433950999 7.25525300000004,45.4339439990001 7.25419300000004,45.4339379990001 7.25375700000006,45.433952999 7.25354400000003,45.4339219990001 7.25320600000003,45.4338589990001 7.25320200000004,45.433838999 7.25311200000004,45.4338249990001 7.25310600000006,45.433753999 7.25304800000004,45.433728999 7.25301900000005,45.4336729990001 7.25292600000006,45.433656999 7.25292500000006,45.4336299990001 7.25282500000003,45.433589999 7.25281700000005,45.4335609990001 7.25270400000005,45.433501999 7.25241700000004,45.433388999 7.25217800000007,45.433299999 7.25212100000005,45.4332939990001 7.25124000000005,45.433235999 7.25053600000007,45.4331799990001 7.25027200000005,45.4331599990001 7.25024100000007,45.4331589990001 7.25020500000005,45.4331509990001 7.24996900000002,45.4332019990001 7.24992800000007,45.4331949990001 7.24986700000005,45.4331969990001 7.24858200000006,45.433326999 7.24704600000007,45.4334749990001 7.24695900000006,45.433454999 7.24660800000004,45.4332699990001 7.24628200000006,45.4330889990001 7.24617500000005,45.433005999 7.24595200000005,45.432940999 7.24569900000006,45.4328669990001 7.24542000000002,45.4328379990001 7.24522100000007,45.432758999 7.24516700000004,45.432778999 7.24467700000002,45.432802999 7.24465100000003,45.4327919990001 7.24431400000003,45.432606999 7.24368900000007,45.432487999 7.24357300000003,45.4324779990001 7.24300300000004,45.432446999 7.24276000000003,45.4324399990001 7.24231800000007,45.4326609990001 7.24185000000006,45.4327049990001 7.24168900000006,45.432719999 7.23901100000006,45.4330039990001 7.23678000000007,45.433164999 7.23671500000006,45.433436999 7.23662000000007,45.4335839990001 7.23633700000005,45.433552999 7.23618100000004,45.433547999 7.23605900000007,45.4335829990001 7.23585800000006,45.4336299990001 7.23569900000007,45.4336259990001 7.23553500000003,45.433705999 7.23539300000004,45.4337649990001 7.23507800000004,45.4338539990001 7.23500200000007,45.4338789990001 7.23475300000007,45.4339639990001 7.23444600000005,45.4340359990001 7.23405300000007,45.4341509990001 7.23366700000003,45.4342599990001 7.23350700000003,45.4339649990001 7.23304800000005,45.434026999 7.23296400000004,45.434063999 7.23294400000003,45.434071999 7.23278500000004,45.434132999 7.23232000000007,45.4342789990001 7.23227400000007,45.434293999 7.23212400000006,45.434339999 7.23189300000007,45.4343089990001 7.23155600000007,45.4342349990001 7.23117500000006,45.4341919990001 7.23109800000003,45.434152999 7.23100800000003,45.4341659990001 7.23095700000005,45.4341519990001 7.23064700000003,45.4342609990001 7.23054900000005,45.434340999 7.23018300000007,45.4344559990001 7.22984900000006,45.4344639990001 7.22775800000005,45.4353219990001 7.22643700000003,45.435823999 7.22607900000003,45.435849999 7.22537900000003,45.435641999 7.22487900000004,45.435735999 7.22449300000005,45.435795999 7.22397000000007,45.4361109990001 7.22310400000003,45.4362789990001 7.22191100000003,45.4366249990001 7.22184000000004,45.4366489990001 7.22108100000003,45.4366499990001 7.22099900000006,45.436632999 7.22052400000007,45.4365559990001 7.22025700000006,45.436525999 7.21969500000006,45.436479999 7.21940700000005,45.436539999 7.21887300000003,45.436700999 7.21865100000002,45.436810999 7.21848800000004,45.436876999 7.21698800000007,45.438342999 7.21688800000004,45.438542999 7.21684900000002,45.4385839990001 7.21651200000002,45.4391379990001 7.21617000000003,45.439447999 7.21549700000003,45.4396879990001 7.21518400000002,45.4398219990001 7.21499000000006,45.439924999 7.21468200000004,45.4401329990001 7.21444600000007,45.440307999 7.21416100000005,45.4405439990001 7.21394000000004,45.440774999 7.21363200000008,45.440976999 7.21324300000003,45.4412109990001 7.21318600000006,45.4412879990001 7.21307000000007,45.4414149990001 7.21293000000003,45.4415319990001 7.21267500000005,45.4416839990001 7.21258100000006,45.4416679990001 7.21234700000002,45.441950999 7.21219900000006,45.4420479990001 7.21222800000004,45.4421329990001 7.21195900000004,45.442196999 7.20951500000007,45.4429049990001 7.20925000000005,45.4429729990001 7.20906100000008,45.4429969990001 7.20892400000002,45.4431999990001 7.20871600000004,45.4434619990001 7.20871400000004,45.443638999 7.20871300000005,45.4436889990001 7.20874400000002,45.444020999 7.20889400000004,45.444090999 7.20895200000007,45.444112999 7.20903600000003,45.444202999 7.20899100000003,45.444309999 7.20897000000002,45.4443509990001 7.20886700000005,45.4444619990001 7.20878500000003,45.4445279990001 7.20869800000003,45.4446149990001 7.20859000000007,45.4446399990001 7.20855400000005,45.4446649990001 7.20853000000005,45.4446839990001 7.20845600000007,45.4447219990001 7.20831900000007,45.4447489990001 7.20829500000002,45.444715999 7.20820900000007,45.444735999 7.20818400000007,45.444740999 7.20808500000004,45.444764999 7.20805000000007,45.4447459990001 7.20802000000003,45.4447669990001 7.20799700000003,45.444761999 7.20796400000006,45.444782999 7.20780400000007,45.4448159990001 7.20759800000008,45.4448589990001 7.20754400000004,45.4448669990001 7.20751900000005,45.4449049990001 7.20745500000004,45.444936999 7.20738800000004,45.4449709990001 7.20725800000002,45.445027999 7.20719400000007,45.4450369990001 7.20713000000006,45.4450369990001 7.20708000000008,45.4450369990001 7.20703200000003,45.4450259990001 7.20699600000006,45.4450209990001 7.20686400000005,45.4450699990001 7.20684200000005,45.4450909990001 7.20682000000005,45.4450849990001 7.20676200000003,45.4451159990001 7.20666200000005,45.445192999 7.20663000000008,45.4452249990001 7.20661500000006,45.4452489990001 7.20660900000007,45.4452679990001 7.20649900000006,45.445276999 7.20647600000007,45.445276999 7.20641500000005,45.445235999 7.20633500000002,45.445237999 7.20627200000007,45.4452499990001 7.20626200000004,45.4452709990001 7.20614700000004,45.445283999 7.20605200000006,45.4453609990001 7.20597900000007,45.445479999 7.20588800000007,45.445528999 7.20590900000008,45.4455389990001 7.20593200000008,45.4456039990001 7.20592900000003,45.445686999 7.20590300000003,45.445733999 7.20583500000004,45.4457689990001 7.20583600000003,45.4458089990001 7.20579900000007,45.4458259990001 7.20579000000004,45.4458509990001 7.20572000000004,45.4458969990001 7.20550700000007,45.4461689990001 7.20560000000006,45.4463279990001 7.20516500000002,45.4464109990001 7.20509400000003,45.4464559990001 7.20495100000005,45.446540999 7.20470300000005,45.446694999 7.20456500000006,45.446603999 7.20453100000003,45.4466019990001 7.20447000000007,45.4465979990001 7.20442700000007,45.446604999 7.20439500000003,45.446632999 7.20437000000004,45.4467099990001 7.20422300000007,45.4468179990001 7.20409200000006,45.4468659990001 7.20406600000007,45.446873999 7.20403100000004,45.446896999 7.20401400000003,45.446946999 7.20401300000003,45.4470439990001 7.20402000000007,45.4471169990001 7.20404100000007,45.4471849990001 7.20400000000006,45.447219999 7.20388900000006,45.447303999 7.20384600000006,45.4473429990001 7.20374000000004,45.4474049990001 7.20358900000002,45.447577999 7.20308300000005,45.4476749990001 7.20299400000005,45.447481999 7.20303300000006,45.4474009990001 7.20301700000005,45.447372999 7.20290500000004,45.4473589990001 7.20269900000005,45.447151999 7.20236500000004,45.4470219990001 7.20119500000004,45.446360999 7.20105300000006,45.4461399990001 7.20096600000005,45.446021999 7.20077800000007,45.4458289990001 7.20059400000002,45.4456749990001 7.20083600000004,45.4454259990001 7.20107000000007,45.4451959990001 7.20126300000004,45.4452699990001 7.20149400000003,45.4452459990001 7.20154200000007,45.445208999 7.20163600000006,45.445097999 7.20173000000005,45.445055999 7.20177800000005,45.4449969990001 7.20190200000008,45.4449249990001 7.20190800000006,45.4447699990001 7.20198900000003,45.4447689990001 7.20214400000003,45.444649999 7.20251100000007,45.4446129990001 7.20275300000003,45.4445919990001 7.20297900000003,45.4445439990001 7.20312500000006,45.4445709990001 7.20331100000004,45.4445509990001 7.20486600000004,45.4443469990001 7.20505500000007,45.444290999 7.20517200000006,45.444287999 7.20527100000004,45.4442589990001 7.20566100000002,45.4442799990001 7.20614600000005,45.444307999 7.20666400000005,45.4442529990001 7.20712000000003,45.444130999 7.20740200000006,45.4440129990001 7.20770900000002,45.443838999 7.20806000000005,45.443525999 7.20825800000006,45.443299999 7.20829700000007,45.443048999 7.20829500000002,45.442624999 7.20822600000002,45.442288999 7.20818200000002,45.4421819990001 7.20755200000002,45.4415339990001 7.20744400000007,45.441363999 7.20707900000002,45.440641999 7.20697800000005,45.440509999 7.20711300000005,45.440211999 7.20727300000004,45.4398679990001 7.20739600000007,45.4395919990001 7.20767200000006,45.4390129990001 7.20852100000008,45.438677999 7.21033900000003,45.4376779990001 7.21072900000007,45.437510999 7.21169200000003,45.4370739990001 7.21223800000007,45.436745999 7.21264900000006,45.436456999 7.21489100000002,45.4336009990001 7.21500000000003,45.4335149990001 7.21517000000006,45.4333159990001 7.21520700000002,45.4331949990001 7.21531000000004,45.433078999 7.21578100000005,45.432919999 7.21610500000003,45.4327019990001 7.21639400000004,45.432605999 7.21671400000002,45.432495999 7.21701000000007,45.4321629990001 7.21724200000006,45.431949999 7.21766800000006,45.4317199990001 7.21769300000005,45.431568999 7.21767400000004,45.4314429990001 7.21771400000006,45.431382999 7.21772100000004,45.431318999 7.21777000000003,45.431301999 7.21779500000002,45.4312429990001 7.21781600000003,45.4311559990001 7.21785100000005,45.4310129990001 7.21786700000007,45.4309929990001 7.21886800000004,45.4294009990001 7.21900900000003,45.4291309990001 7.21914100000004,45.4288529990001 7.21923900000007,45.428576999 7.21987300000006,45.4281799990001 7.22020300000003,45.4279829990001 7.22045000000003,45.427919999 7.22038000000003,45.427848999 7.22046200000005,45.4278379990001 7.22148400000003,45.4278679990001 7.22148600000003,45.4278679990001 7.22213600000003,45.427763999 7.22299300000003,45.4274329990001 7.22307700000005,45.4274369990001 7.22327600000006,45.4274559990001 7.22362600000002,45.4273679990001 7.22392400000007,45.427336999 7.22422200000005,45.4272619990001 7.22448900000006,45.4272089990001 7.22474600000004,45.427154999 7.22510700000004,45.427066999 7.22541600000005,45.4269639990001 7.22572400000007,45.426903999 7.22601100000003,45.4268729990001 7.22627800000004,45.4268269990001 7.22661800000003,45.426745999 7.22706100000005,45.4266299990001 7.22733000000005,45.4265119990001 7.22759700000006,45.4264659990001 7.22791300000006,45.4264709990001 7.22824000000003,45.4264689990001 7.22851800000007,45.426415999 7.22887000000003,45.4262479990001 7.22916000000004,45.4261309990001 7.22951100000006,45.4259919990001 7.22974700000003,45.425966999 7.22997200000003,45.425962999 7.23027900000005,45.4259319990001 7.23057800000004,45.4258429990001 7.23088800000005,45.4257469990001 7.23123700000002,45.425666999 7.23153500000006,45.4256349990001 7.23178000000007,45.4256169990001 7.23204700000002,45.4255929990001 7.23225300000007,45.4255169990001 7.23260400000004,45.4254069990001 7.23289200000005,45.4253469990001 7.23326000000003,45.4253239990001 7.23385000000007,45.4253259990001 7.23407000000003,45.425306999 7.23446600000005,45.4252989990001 7.23465000000004,45.4253019990001 7.23469600000004,45.4251159990001 7.23477600000007,45.4248439990001 7.23471600000005,45.4244829990001 7.23449200000005,45.424134999 7.23415300000005,45.423870999 7.23381300000005,45.4236279990001 7.23351200000008,45.423486999 7.23321800000002,45.4234029990001 7.23283000000004,45.4233829990001 7.23241300000007,45.4233399990001 7.23202900000007,45.4232049990001 7.23165700000004,45.423011999 7.23131500000005,45.422855999 7.23083200000002,45.422631999 7.23022800000007,45.4223429990001 7.22996600000005,45.4222309990001 7.22979700000008,45.4220989990001 7.22960500000005,45.4220089990001 7.22939200000008,45.4219629990001 7.22913800000003,45.421929999 7.22902600000003,45.421906999 7.22879600000005,45.421751999 7.22860500000007,45.4216769990001 7.22827100000006,45.4215569990001 7.22799800000007,45.4214949990001 7.22760300000004,45.4213809990001 7.22718900000007,45.4212239990001 7.22680600000007,45.4210669990001 7.22653500000007,45.420918999 7.22614300000004,45.420696999 7.22563900000006,45.420487999 7.22540800000007,45.4203909990001 7.22522000000004,45.420193999 7.22515300000003,45.4200489990001 7.22515900000008,45.4198549990001 7.22514600000005,45.419616999 7.22497800000002,45.4194489990001 7.22478600000005,45.4193739990001 7.22428700000006,45.4193089990001 7.22410400000007,45.4192919990001 7.22397400000006,45.419202999 7.22399000000007,45.419023999 7.22389200000003,45.4188999990001 7.22368000000006,45.4188169990001 7.22350900000004,45.4187429990001 7.22337100000004,45.4185679990001 7.22335600000002,45.4184099990001 7.22334900000004,45.4183019990001 7.22342300000003,45.4182239990001 7.22334600000005,45.418078999 7.22321800000003,45.4179179990001 7.22318200000007,45.4177519990001 7.22307700000005,45.4175349990001 7.22282800000005,45.4173299990001 7.22253800000004,45.417137999 7.22241700000006,45.417071999 7.22238400000003,45.4168269990001 7.22222700000003,45.416622999 7.22216900000006,45.416211999 7.22214000000002,45.415829999 7.22219300000006,45.415449999 7.22216900000006,45.4152119990001 7.22203400000006,45.414979999 7.22176500000006,45.414773999 7.22169100000002,45.414506999 7.22170000000006,45.4142409990001 7.22180800000007,45.414026999 7.22185400000006,45.4138769990001 7.22191200000003,45.4136619990001 7.22202900000002,45.4134979990001 7.22215500000004,45.413348999 7.22269100000005,45.4132129990001 7.22272900000007,45.4132489990001 7.22283300000004,45.4132979990001 7.22301000000004,45.4133589990001 7.22317500000003,45.413448999 7.22328600000003,45.413469999 7.22355300000004,45.413513999 7.22381500000006,45.4135449990001 7.22425100000004,45.4135479990001 7.22447000000005,45.413507999 7.22498000000007,45.4132959990001 7.22516800000005,45.4131799990001 7.22546600000004,45.4129409990001 7.22565700000007,45.4127349990001 7.22580300000004,45.412563999 7.22580600000003,45.4124419990001 7.22569100000004,45.4123729990001 7.22553600000003,45.4123239990001 7.22553000000005,45.412321999 7.22478800000005,45.4108439990001 7.22468500000002,45.410698999 7.22440800000004,45.4104189990001 7.22424600000005,45.4101199990001 7.22437900000006,45.409816999 7.22439100000003,45.4096699990001 7.22350200000005,45.4094699990001 7.22296400000005,45.4094249990001 7.22094100000004,45.409033999 7.22002000000003,45.408823999 7.21916800000002,45.4077099990001 7.21882800000003,45.4074259990001 7.21043800000007,45.407407999 7.20761700000003,45.399936999 7.20664900000003,45.400028999 7.20540000000005,45.3999479990001 7.20429800000005,45.399642999 7.20370400000007,45.3994529990001 7.20331200000004,45.3993819990001 7.20118700000006,45.3999289990001 7.20040600000004,45.4000149990001 7.19909700000005,45.4001989990001 7.19710800000007,45.4004679990001 7.19579200000004,45.4008859990001 7.19423900000004,45.4015259990001 7.19287400000007,45.4022429990001 7.19188300000008,45.4028769990001 7.19073000000003,45.4029679990001 7.18931100000003,45.4030059990001 7.18798100000004,45.403039999 7.18587800000006,45.403241999</coordinates></LinearRing></outerBoundaryIs></Polygon>
  </Placemark>
</Folder>
</Document></kml>
